Order_Date,Region,Category,Segment,Quantity,Sales,Profit
2022-01-01,West,Food & Beverage,Consumer,3,77.9,14.98
2022-01-01,West,Furniture,Consumer,5,2825.81,663.33
2022-01-01,North,Electronics,Consumer,3,1129.65,148.03
2022-01-01,West,Clothing,Consumer,4,299.23,76.23
2022-01-01,East,Office Supplies,Consumer,2,110.12,39.45
2022-01-01,West,Electronics,Consumer,2,819.34,142.19
2022-01-02,West,Food & Beverage,Consumer,4,114.72,17.42
2022-01-02,South,Office Supplies,Home Office,2,95.81,25.14
2022-01-03,North,Office Supplies,Consumer,7,333.36,87.45
2022-01-03,North,Clothing,Consumer,3,238.44,88.76
2022-01-03,West,Furniture,Consumer,7,4241.55,904.84
2022-01-03,North,Office Supplies,Corporate,6,326.43,89.88
2022-01-03,North,Clothing,Corporate,2,134.65,40.23
2022-01-03,North,Furniture,Consumer,5,2496.42,679.63
2022-01-03,South,Office Supplies,Corporate,6,260.81,77.6
2022-01-03,South,Office Supplies,Consumer,7,319.68,71.32
2022-01-03,West,Office Supplies,Consumer,5,270.87,89.66
2022-01-03,North,Clothing,Consumer,7,572.61,178.53
2022-01-03,North,Electronics,Corporate,1,427.14,93.53
2022-01-03,North,Clothing,Consumer,5,386.67,116.61
2022-01-04,North,Furniture,Home Office,6,3491.32,865.92
2022-01-04,North,Electronics,Consumer,2,782.17,102.9
2022-01-04,North,Electronics,Corporate,6,2094.86,374.69
2022-01-04,West,Food & Beverage,Consumer,3,84.5,14.98
2022-01-05,North,Furniture,Corporate,3,1577.01,262.88
2022-01-05,West,Furniture,Home Office,3,1573.24,265.84
2022-01-05,West,Furniture,Consumer,4,1987.89,563.86
2022-01-05,South,Electronics,Consumer,6,2629.5,587.02
2022-01-05,East,Electronics,Consumer,3,1254.39,279.59
2022-01-05,West,Electronics,Corporate,3,1328.29,280.03
2022-01-05,East,Clothing,Consumer,1,77.02,18.95
2022-01-05,North,Furniture,Consumer,3,1727.32,317.14
2022-01-05,East,Electronics,Consumer,4,1503.6,310.3
2022-01-06,South,Electronics,Corporate,1,356.51,72.74
2022-01-06,North,Clothing,Corporate,1,84.49,29.04
2022-01-06,North,Clothing,Corporate,5,415.12,139.03
2022-01-06,West,Clothing,Home Office,4,276.14,89.99
2022-01-06,West,Clothing,Consumer,1,71.25,30.09
2022-01-06,West,Furniture,Corporate,6,3170.32,594.59
2022-01-06,North,Furniture,Corporate,1,491.63,121.72
2022-01-06,East,Furniture,Home Office,3,1534.29,360.13
2022-01-06,North,Electronics,Corporate,4,1640.13,331.0
2022-01-06,East,Food & Beverage,Home Office,7,206.57,23.44
2022-01-07,East,Electronics,Consumer,6,2219.69,408.43
2022-01-07,South,Office Supplies,Consumer,4,203.82,42.87
2022-01-07,North,Food & Beverage,Consumer,3,95.94,16.34
2022-01-07,West,Food & Beverage,Corporate,3,100.31,12.98
2022-01-08,West,Electronics,Corporate,1,355.3,50.77
2022-01-08,North,Electronics,Corporate,5,2051.22,372.92
2022-01-09,North,Office Supplies,Consumer,5,216.62,53.79
2022-01-09,West,Office Supplies,Consumer,2,106.45,35.29
2022-01-09,South,Office Supplies,Consumer,2,111.95,38.62
2022-01-09,North,Furniture,Corporate,2,1110.26,250.03
2022-01-09,East,Furniture,Consumer,3,1815.18,441.79
2022-01-10,North,Furniture,Consumer,2,1172.95,191.66
2022-01-10,South,Furniture,Corporate,6,3650.42,697.98
2022-01-10,North,Office Supplies,Consumer,3,165.04,52.73
2022-01-10,West,Electronics,Corporate,5,2125.34,452.99
2022-01-10,West,Food & Beverage,Consumer,7,221.43,40.53
2022-01-10,East,Food & Beverage,Consumer,5,165.55,20.93
2022-01-10,South,Electronics,Corporate,1,374.0,83.3
2022-01-10,South,Food & Beverage,Home Office,3,81.3,10.87
2022-01-11,South,Furniture,Consumer,7,3952.15,976.85
2022-01-11,West,Electronics,Corporate,4,1758.48,380.81
2022-01-11,South,Furniture,Consumer,3,1774.14,292.27
2022-01-11,North,Clothing,Corporate,5,356.87,148.35
2022-01-11,West,Electronics,Corporate,4,1525.32,205.95
2022-01-11,East,Clothing,Consumer,3,196.78,68.57
2022-01-11,North,Food & Beverage,Corporate,4,109.61,12.67
2022-01-11,East,Electronics,Corporate,4,1803.77,300.3
2022-01-11,North,Electronics,Consumer,6,2591.56,600.24
2022-01-11,East,Office Supplies,Consumer,5,284.13,59.21
2022-01-11,East,Food & Beverage,Consumer,7,224.99,37.71
2022-01-12,West,Food & Beverage,Consumer,5,144.61,17.63
2022-01-12,South,Furniture,Consumer,4,1948.75,550.76
2022-01-12,West,Electronics,Consumer,5,2170.22,433.94
2022-01-12,North,Clothing,Home Office,2,145.04,53.24
2022-01-12,West,Furniture,Home Office,2,1132.98,199.13
2022-01-13,North,Electronics,Consumer,7,3085.73,659.71
2022-01-13,West,Clothing,Corporate,5,397.78,160.7
2022-01-13,South,Office Supplies,Consumer,6,275.79,66.78
2022-01-13,North,Electronics,Corporate,2,760.87,105.2
2022-01-13,East,Furniture,Consumer,3,1686.43,449.41
2022-01-13,East,Office Supplies,Consumer,3,144.69,31.62
2022-01-13,North,Office Supplies,Corporate,2,108.43,37.7
2022-01-13,East,Furniture,Consumer,2,1163.34,264.35
2022-01-13,North,Furniture,Consumer,6,3303.21,905.68
2022-01-14,North,Office Supplies,Consumer,6,310.42,73.37
2022-01-14,North,Electronics,Consumer,7,2702.43,544.13
2022-01-14,North,Food & Beverage,Consumer,3,103.75,15.7
2022-01-14,West,Office Supplies,Consumer,3,163.64,41.56
2022-01-14,South,Office Supplies,Corporate,5,245.8,56.7
2022-01-14,South,Furniture,Corporate,1,491.19,106.84
2022-01-14,East,Clothing,Home Office,5,317.42,135.65
2022-01-15,East,Furniture,Consumer,3,1789.07,486.93
2022-01-15,South,Food & Beverage,Consumer,2,59.55,8.38
2022-01-15,North,Office Supplies,Consumer,7,330.13,76.43
2022-01-15,South,Food & Beverage,Consumer,5,160.06,26.59
2022-01-15,East,Office Supplies,Consumer,4,201.5,59.36
2022-01-15,East,Electronics,Corporate,2,745.42,123.15
2022-01-15,East,Furniture,Consumer,3,1926.86,450.81
2022-01-16,North,Clothing,Consumer,6,405.04,175.51
2022-01-16,North,Clothing,Consumer,5,428.35,115.02
2022-01-16,South,Food & Beverage,Home Office,7,239.04,30.65
2022-01-17,South,Clothing,Consumer,4,276.61,74.44
2022-01-17,East,Office Supplies,Corporate,7,347.76,99.28
2022-01-17,North,Furniture,Consumer,5,2442.25,695.25
2022-01-17,South,Furniture,Consumer,7,4148.77,1055.24
2022-01-17,East,Clothing,Consumer,1,82.83,33.27
2022-01-17,South,Office Supplies,Corporate,1,45.54,11.83
2022-01-17,West,Food & Beverage,Home Office,3,101.98,12.56
2022-01-18,South,Clothing,Corporate,1,80.62,28.26
2022-01-18,North,Electronics,Consumer,2,810.92,181.56
2022-01-18,East,Clothing,Consumer,3,233.76,73.71
2022-01-18,North,Office Supplies,Consumer,6,335.64,110.25
2022-01-18,North,Electronics,Corporate,3,1288.56,167.03
2022-01-18,East,Furniture,Consumer,2,1072.32,281.38
2022-01-19,North,Food & Beverage,Corporate,3,97.9,16.39
2022-01-19,South,Clothing,Corporate,4,271.85,118.47
2022-01-19,East,Furniture,Home Office,4,2532.68,436.54
2022-01-19,North,Electronics,Consumer,4,1647.67,225.79
2022-01-19,West,Office Supplies,Home Office,7,314.1,91.97
2022-01-20,West,Clothing,Corporate,5,362.53,145.48
2022-01-20,North,Electronics,Consumer,1,354.8,60.59
2022-01-20,West,Furniture,Consumer,3,1813.28,387.48
2022-01-20,North,Food & Beverage,Home Office,6,169.82,25.45
2022-01-20,South,Electronics,Consumer,7,2621.19,392.58
2022-01-20,North,Electronics,Consumer,4,1585.16,295.14
2022-01-20,West,Office Supplies,Consumer,7,361.12,74.85
2022-01-20,East,Clothing,Corporate,6,411.45,117.28
2022-01-20,North,Clothing,Consumer,6,480.37,170.92
2022-01-21,East,Furniture,Consumer,6,3416.29,887.21
2022-01-21,West,Furniture,Home Office,1,573.64,107.57
2022-01-21,North,Office Supplies,Corporate,1,54.73,12.37
2022-01-21,East,Furniture,Home Office,6,3494.2,910.25
2022-01-21,West,Food & Beverage,Corporate,5,152.5,20.46
2022-01-21,North,Furniture,Consumer,7,4367.11,743.31
2022-01-22,West,Office Supplies,Consumer,6,289.18,98.51
2022-01-22,North,Furniture,Corporate,1,628.01,137.12
2022-01-22,West,Electronics,Consumer,1,374.23,69.04
2022-01-22,East,Electronics,Consumer,3,1178.06,165.27
2022-01-22,West,Furniture,Consumer,3,1860.67,416.63
2022-01-22,West,Electronics,Consumer,1,390.7,70.22
2022-01-22,East,Office Supplies,Consumer,5,233.51,56.22
2022-01-22,East,Furniture,Corporate,1,564.53,129.66
2022-01-23,East,Office Supplies,Consumer,3,144.42,45.75
2022-01-23,North,Clothing,Home Office,7,554.29,244.85
2022-01-23,East,Electronics,Consumer,7,2616.87,497.91
2022-01-23,North,Clothing,Corporate,2,156.54,53.94
2022-01-23,South,Electronics,Consumer,5,2126.51,367.8
2022-01-23,North,Clothing,Consumer,4,319.55,96.55
2022-01-23,East,Clothing,Consumer,3,254.78,69.74
2022-01-24,South,Clothing,Home Office,5,397.02,100.95
2022-01-24,East,Electronics,Consumer,5,1998.52,319.34
2022-01-24,North,Electronics,Consumer,2,786.97,166.76
2022-01-24,East,Food & Beverage,Home Office,2,63.38,10.33
2022-01-24,East,Clothing,Corporate,5,329.82,129.03
2022-01-24,South,Food & Beverage,Corporate,1,31.84,5.24
2022-01-24,East,Electronics,Home Office,2,896.95,153.46
2022-01-24,South,Furniture,Consumer,7,3592.2,735.26
2022-01-24,West,Clothing,Home Office,4,261.65,68.97
2022-01-24,North,Food & Beverage,Corporate,4,144.21,25.11
2022-01-25,North,Food & Beverage,Corporate,5,135.9,14.49
2022-01-25,West,Electronics,Consumer,1,425.05,63.58
2022-01-25,West,Office Supplies,Consumer,4,196.67,67.59
2022-01-25,West,Clothing,Home Office,2,136.14,61.69
2022-01-25,North,Food & Beverage,Home Office,6,195.16,29.5
2022-01-26,East,Office Supplies,Consumer,7,323.14,91.47
2022-01-26,East,Electronics,Consumer,2,811.01,145.21
2022-01-26,West,Clothing,Home Office,6,470.87,189.31
2022-01-27,South,Clothing,Home Office,4,260.76,81.9
2022-01-27,West,Clothing,Consumer,4,291.42,87.29
2022-01-27,East,Furniture,Corporate,5,2602.07,635.4
2022-01-27,North,Electronics,Consumer,5,2008.16,381.51
2022-01-27,West,Furniture,Corporate,5,2641.99,713.28
2022-01-28,West,Furniture,Home Office,5,3050.28,534.47
2022-01-28,West,Office Supplies,Corporate,7,321.18,67.49
2022-01-28,South,Electronics,Corporate,7,2725.3,346.06
2022-01-28,West,Clothing,Corporate,2,148.52,62.59
2022-01-28,South,Office Supplies,Consumer,4,182.36,59.36
2022-01-28,West,Electronics,Corporate,1,414.25,67.67
2022-01-28,East,Clothing,Home Office,6,519.42,232.94
2022-01-28,East,Clothing,Corporate,4,259.97,64.9
2022-01-28,South,Clothing,Consumer,7,522.01,157.89
2022-01-28,West,Electronics,Consumer,1,363.49,77.0
2022-01-28,East,Food & Beverage,Home Office,7,233.06,38.2
2022-01-28,North,Electronics,Home Office,4,1729.33,387.77
2022-01-28,West,Food & Beverage,Consumer,1,31.04,4.13
2022-01-29,North,Office Supplies,Corporate,7,349.07,99.52
2022-01-29,North,Office Supplies,Consumer,5,284.09,101.86
2022-01-29,North,Electronics,Consumer,7,2513.49,502.8
2022-01-29,South,Electronics,Consumer,6,2487.05,385.62
2022-01-29,East,Clothing,Home Office,1,64.74,16.85
2022-01-29,South,Clothing,Corporate,1,86.16,37.53
2022-01-29,East,Clothing,Consumer,1,66.82,24.38
2022-01-29,North,Food & Beverage,Corporate,2,68.44,12.98
2022-01-29,North,Electronics,Consumer,5,1769.45,380.52
2022-01-30,East,Clothing,Consumer,3,195.71,86.43
2022-01-30,North,Electronics,Corporate,2,840.06,176.92
2022-01-30,East,Clothing,Home Office,4,312.49,128.0
2022-01-30,South,Electronics,Consumer,6,2124.02,281.47
2022-01-30,North,Office Supplies,Consumer,3,139.02,50.04
2022-01-30,South,Office Supplies,Corporate,7,305.72,68.22
2022-01-31,South,Food & Beverage,Consumer,3,86.97,12.41
2022-01-31,North,Food & Beverage,Consumer,5,169.0,29.04
2022-01-31,South,Food & Beverage,Corporate,6,217.64,23.64
2022-02-01,East,Office Supplies,Corporate,3,164.55,43.46
2022-02-01,East,Furniture,Consumer,6,3432.19,715.68
2022-02-01,North,Electronics,Consumer,4,1574.79,299.27
2022-02-01,East,Food & Beverage,Corporate,6,198.63,26.44
2022-02-01,South,Clothing,Corporate,7,545.99,202.41
2022-02-01,South,Clothing,Home Office,6,410.73,145.46
2022-02-01,South,Electronics,Consumer,4,1663.71,380.07
2022-02-01,North,Food & Beverage,Consumer,3,101.72,16.76
2022-02-01,South,Electronics,Corporate,4,1798.09,334.95
2022-02-01,South,Food & Beverage,Consumer,2,56.16,7.07
2022-02-01,North,Electronics,Consumer,6,2198.05,297.98
2022-02-02,South,Office Supplies,Home Office,7,328.59,93.2
2022-02-02,South,Food & Beverage,Consumer,6,179.09,30.16
2022-02-02,North,Furniture,Consumer,7,4197.55,892.29
2022-02-02,West,Furniture,Corporate,7,4523.22,1104.52
2022-02-02,South,Electronics,Home Office,7,2898.09,374.67
2022-02-02,West,Food & Beverage,Corporate,3,107.59,19.3
2022-02-03,North,Clothing,Home Office,5,410.48,180.36
2022-02-03,South,Furniture,Corporate,1,539.07,144.85
2022-02-03,South,Electronics,Consumer,1,389.33,65.71
2022-02-03,East,Food & Beverage,Corporate,1,29.19,4.05
2022-02-03,North,Furniture,Corporate,6,3568.46,907.22
2022-02-03,South,Office Supplies,Home Office,2,100.76,20.18
2022-02-03,South,Food & Beverage,Consumer,5,146.36,21.65
2022-02-03,South,Furniture,Corporate,3,1463.75,263.24
2022-02-03,North,Office Supplies,Home Office,1,53.05,13.79
2022-02-04,South,Clothing,Home Office,4,307.86,95.55
2022-02-04,East,Furniture,Consumer,5,2778.68,472.62
2022-02-04,North,Food & Beverage,Consumer,5,143.49,18.88
2022-02-04,East,Office Supplies,Consumer,4,198.26,41.76
2022-02-05,East,Office Supplies,Home Office,1,55.2,16.82
2022-02-05,North,Electronics,Home Office,1,373.79,78.61
2022-02-05,North,Clothing,Home Office,7,559.41,148.28
2022-02-05,East,Electronics,Consumer,5,1827.01,375.6
2022-02-06,East,Food & Beverage,Consumer,3,87.48,12.26
2022-02-06,East,Electronics,Home Office,3,1253.17,249.37
2022-02-06,South,Office Supplies,Corporate,1,43.37,10.99
2022-02-07,South,Food & Beverage,Consumer,4,110.41,19.55
2022-02-07,North,Office Supplies,Consumer,2,106.98,25.12
2022-02-07,South,Furniture,Home Office,2,1094.83,312.47
2022-02-07,South,Food & Beverage,Consumer,4,111.21,21.3
2022-02-07,East,Electronics,Consumer,2,713.69,124.64
2022-02-07,East,Electronics,Consumer,4,1611.62,269.64
2022-02-07,North,Clothing,Consumer,5,407.67,165.68
2022-02-07,North,Office Supplies,Consumer,6,266.94,86.19
2022-02-07,North,Food & Beverage,Corporate,2,55.12,6.37
2022-02-08,South,Clothing,Consumer,7,603.6,258.58
2022-02-08,North,Clothing,Corporate,4,336.6,97.21
2022-02-08,West,Furniture,Corporate,5,2752.45,742.87
2022-02-08,West,Clothing,Corporate,4,333.62,104.33
2022-02-09,West,Furniture,Corporate,1,583.83,126.85
2022-02-09,South,Electronics,Corporate,6,2676.76,429.07
2022-02-10,East,Food & Beverage,Consumer,6,211.79,27.53
2022-02-10,West,Office Supplies,Consumer,2,106.07,23.5
2022-02-10,North,Clothing,Consumer,1,66.03,29.97
2022-02-10,North,Electronics,Consumer,1,362.43,50.42
2022-02-10,South,Clothing,Consumer,4,315.28,119.17
2022-02-10,North,Office Supplies,Corporate,4,183.13,56.07
2022-02-10,West,Furniture,Consumer,4,2218.52,533.19
2022-02-11,North,Office Supplies,Consumer,7,363.97,112.98
2022-02-11,North,Office Supplies,Consumer,5,279.17,84.23
2022-02-11,North,Office Supplies,Home Office,4,195.15,46.97
2022-02-11,East,Office Supplies,Home Office,7,317.84,69.09
2022-02-11,West,Food & Beverage,Corporate,3,91.6,12.87
2022-02-11,South,Office Supplies,Home Office,1,57.68,18.93
2022-02-12,West,Office Supplies,Home Office,7,372.14,128.9
2022-02-12,East,Electronics,Consumer,5,1816.52,373.55
2022-02-12,South,Office Supplies,Consumer,1,54.49,16.71
2022-02-12,West,Clothing,Consumer,5,381.51,124.52
2022-02-12,South,Food & Beverage,Consumer,7,251.43,44.14
2022-02-13,North,Food & Beverage,Home Office,1,36.23,5.98
2022-02-13,North,Food & Beverage,Corporate,6,165.65,31.7
2022-02-13,South,Furniture,Consumer,4,2140.85,606.62
2022-02-13,East,Office Supplies,Home Office,4,182.01,37.01
2022-02-13,North,Furniture,Consumer,1,549.45,124.51
2022-02-14,West,Furniture,Home Office,7,4448.12,836.75
2022-02-14,South,Office Supplies,Corporate,5,289.96,93.28
2022-02-14,East,Food & Beverage,Consumer,6,204.62,26.45
2022-02-14,South,Office Supplies,Consumer,5,267.66,56.59
2022-02-14,West,Clothing,Consumer,4,325.53,116.82
2022-02-14,East,Clothing,Consumer,3,204.36,54.09
2022-02-15,West,Furniture,Consumer,2,1223.62,320.09
2022-02-15,East,Furniture,Consumer,5,2884.83,643.86
2022-02-15,West,Furniture,Consumer,1,486.68,123.1
2022-02-15,East,Food & Beverage,Consumer,3,104.81,15.44
2022-02-15,South,Furniture,Consumer,5,2974.37,764.45
2022-02-15,North,Furniture,Consumer,5,2425.57,430.65
2022-02-15,North,Food & Beverage,Consumer,5,139.08,21.97
2022-02-15,South,Clothing,Consumer,2,154.9,56.19
2022-02-15,East,Furniture,Corporate,3,1592.88,418.78
2022-02-16,South,Furniture,Corporate,7,4380.14,975.37
2022-02-16,South,Electronics,Consumer,2,779.57,103.49
2022-02-17,East,Food & Beverage,Consumer,1,35.94,4.43
2022-02-17,East,Furniture,Consumer,5,3020.54,698.73
2022-02-17,East,Electronics,Home Office,3,1376.45,211.98
2022-02-17,South,Clothing,Consumer,5,377.74,127.07
2022-02-17,West,Food & Beverage,Consumer,4,109.54,20.41
2022-02-17,West,Electronics,Consumer,1,363.77,69.81
2022-02-17,North,Food & Beverage,Corporate,4,108.15,14.11
2022-02-18,North,Food & Beverage,Corporate,2,58.96,10.22
2022-02-19,North,Furniture,Corporate,5,2874.02,598.56
2022-02-19,South,Furniture,Corporate,3,1945.22,443.4
2022-02-19,West,Furniture,Home Office,6,3652.12,1035.49
2022-02-19,North,Clothing,Corporate,5,386.95,132.5
2022-02-20,North,Electronics,Corporate,5,1857.39,315.07
2022-02-20,South,Electronics,Corporate,6,2227.95,484.51
2022-02-20,South,Office Supplies,Home Office,1,53.13,14.54
2022-02-20,South,Office Supplies,Corporate,4,175.72,49.57
2022-02-20,West,Furniture,Home Office,3,1853.33,334.67
2022-02-21,West,Food & Beverage,Home Office,3,107.45,16.7
2022-02-21,East,Electronics,Consumer,1,355.06,57.92
2022-02-21,North,Furniture,Consumer,6,3280.12,700.71
2022-02-21,South,Clothing,Corporate,3,206.65,58.73
2022-02-21,North,Food & Beverage,Corporate,4,117.87,15.69
2022-02-22,East,Office Supplies,Home Office,2,90.96,25.58
2022-02-22,East,Office Supplies,Corporate,3,143.0,47.21
2022-02-22,West,Clothing,Home Office,4,324.78,101.37
2022-02-22,West,Office Supplies,Home Office,5,269.55,67.46
2022-02-22,West,Furniture,Consumer,7,3535.15,864.93
2022-02-22,North,Food & Beverage,Corporate,2,57.63,8.02
2022-02-23,North,Clothing,Home Office,6,409.68,161.63
2022-02-23,West,Electronics,Consumer,4,1811.04,372.87
2022-02-23,North,Clothing,Corporate,6,486.56,201.58
2022-02-23,West,Clothing,Corporate,4,324.49,86.75
2022-02-23,South,Food & Beverage,Corporate,6,209.41,26.27
2022-02-23,West,Clothing,Corporate,1,69.23,22.2
2022-02-23,North,Electronics,Consumer,6,2610.39,583.66
2022-02-23,North,Electronics,Corporate,5,2259.85,443.57
2022-02-23,West,Clothing,Corporate,3,219.55,71.29
2022-02-24,North,Furniture,Home Office,6,3768.91,725.79
2022-02-24,West,Furniture,Corporate,4,1940.66,545.5
2022-02-24,East,Clothing,Corporate,1,70.67,30.27
2022-02-24,North,Office Supplies,Corporate,1,46.51,9.21
2022-02-24,South,Electronics,Home Office,5,1893.96,299.99
2022-02-25,North,Office Supplies,Home Office,6,295.8,71.28
2022-02-25,East,Office Supplies,Corporate,5,233.14,54.32
2022-02-25,South,Office Supplies,Consumer,5,216.54,74.04
2022-02-25,North,Electronics,Consumer,7,2761.85,442.53
2022-02-25,South,Electronics,Consumer,4,1584.46,303.53
2022-02-25,East,Food & Beverage,Corporate,3,87.0,13.15
2022-02-25,North,Food & Beverage,Consumer,6,175.44,22.71
2022-02-26,North,Furniture,Home Office,3,1584.63,447.25
2022-02-26,South,Electronics,Corporate,6,2495.7,390.11
2022-02-26,North,Office Supplies,Corporate,1,42.89,9.98
2022-02-26,North,Food & Beverage,Consumer,7,240.14,37.58
2022-02-26,South,Clothing,Consumer,1,73.15,19.26
2022-02-27,North,Electronics,Consumer,3,1174.27,263.06
2022-02-27,East,Food & Beverage,Corporate,1,34.47,6.58
2022-02-27,West,Electronics,Corporate,7,2998.86,646.54
2022-02-27,North,Food & Beverage,Corporate,2,65.95,11.68
2022-02-27,East,Office Supplies,Consumer,4,204.07,70.86
2022-02-27,South,Clothing,Consumer,7,514.01,195.67
2022-02-27,East,Clothing,Corporate,2,150.91,41.37
2022-02-27,North,Food & Beverage,Consumer,6,167.05,31.11
2022-02-28,South,Clothing,Consumer,7,539.47,137.13
2022-02-28,North,Electronics,Consumer,1,429.34,84.34
2022-02-28,West,Clothing,Consumer,3,197.34,70.83
2022-03-01,West,Furniture,Consumer,6,3594.51,880.19
2022-03-01,South,Food & Beverage,Consumer,4,108.27,18.79
2022-03-01,West,Clothing,Consumer,4,290.02,71.46
2022-03-01,South,Clothing,Consumer,1,66.24,28.01
2022-03-01,South,Food & Beverage,Corporate,6,185.5,30.97
2022-03-01,North,Office Supplies,Consumer,3,151.92,33.24
2022-03-01,North,Clothing,Consumer,2,145.75,45.3
2022-03-02,South,Food & Beverage,Home Office,1,35.86,4.7
2022-03-02,West,Food & Beverage,Consumer,6,190.2,22.61
2022-03-02,East,Furniture,Consumer,5,3100.11,657.65
2022-03-02,South,Office Supplies,Consumer,1,50.21,15.56
2022-03-02,North,Clothing,Corporate,3,202.8,74.51
2022-03-03,East,Clothing,Consumer,5,335.64,142.32
2022-03-03,East,Clothing,Consumer,3,252.82,100.28
2022-03-03,South,Food & Beverage,Consumer,6,203.99,23.71
2022-03-03,East,Food & Beverage,Consumer,2,70.88,8.39
2022-03-03,South,Food & Beverage,Consumer,6,192.63,26.73
2022-03-03,North,Electronics,Corporate,7,2706.63,490.49
2022-03-03,South,Furniture,Corporate,5,3220.43,669.21
2022-03-04,West,Clothing,Consumer,3,221.38,77.97
2022-03-04,East,Furniture,Consumer,5,2414.97,649.89
2022-03-04,South,Office Supplies,Consumer,2,94.95,30.3
2022-03-04,South,Clothing,Home Office,2,164.68,50.54
2022-03-04,North,Electronics,Consumer,5,2143.02,303.08
2022-03-04,East,Office Supplies,Home Office,1,53.96,18.24
2022-03-04,East,Electronics,Corporate,6,2332.05,396.37
2022-03-04,North,Clothing,Corporate,6,491.32,218.15
2022-03-05,South,Furniture,Consumer,6,2913.9,476.78
2022-03-05,South,Food & Beverage,Home Office,3,102.09,19.26
2022-03-05,South,Clothing,Consumer,7,520.27,152.16
2022-03-05,East,Office Supplies,Consumer,3,143.32,43.69
2022-03-06,East,Furniture,Corporate,4,2110.02,405.71
2022-03-06,East,Food & Beverage,Consumer,7,232.44,32.8
2022-03-06,North,Furniture,Consumer,2,1195.79,227.01
2022-03-06,South,Electronics,Consumer,2,865.0,175.79
2022-03-06,East,Electronics,Consumer,2,789.4,128.48
2022-03-06,West,Office Supplies,Home Office,1,47.74,11.53
2022-03-07,East,Furniture,Corporate,4,2328.26,574.87
2022-03-07,North,Office Supplies,Corporate,5,225.12,54.65
2022-03-07,North,Food & Beverage,Corporate,6,173.66,25.66
2022-03-07,East,Office Supplies,Consumer,5,248.68,64.83
2022-03-07,West,Clothing,Consumer,2,155.29,63.18
2022-03-07,North,Electronics,Consumer,5,2182.69,475.47
2022-03-07,North,Electronics,Home Office,6,2660.77,397.25
2022-03-07,East,Office Supplies,Consumer,1,44.33,13.54
2022-03-08,South,Electronics,Home Office,6,2396.08,371.15
2022-03-08,West,Office Supplies,Consumer,2,85.04,18.44
2022-03-08,South,Electronics,Corporate,6,2406.86,457.96
2022-03-08,North,Clothing,Home Office,2,149.9,58.05
2022-03-08,South,Food & Beverage,Consumer,1,31.25,6.03
2022-03-08,North,Office Supplies,Consumer,7,379.82,82.12
2022-03-08,North,Office Supplies,Consumer,7,349.65,88.98
2022-03-09,North,Food & Beverage,Corporate,4,136.92,14.67
2022-03-10,North,Furniture,Corporate,5,2992.39,647.98
2022-03-10,North,Furniture,Home Office,7,4233.5,1205.93
2022-03-10,South,Food & Beverage,Corporate,1,28.4,3.48
2022-03-10,North,Furniture,Home Office,3,1710.62,296.62
2022-03-10,West,Food & Beverage,Consumer,4,129.11,22.97
2022-03-10,West,Food & Beverage,Corporate,7,230.16,25.46
2022-03-11,East,Clothing,Consumer,1,84.34,30.04
2022-03-12,West,Furniture,Corporate,6,3264.08,521.58
2022-03-12,North,Office Supplies,Consumer,5,213.44,72.09
2022-03-12,West,Office Supplies,Corporate,7,318.72,113.91
2022-03-12,North,Clothing,Consumer,3,254.14,92.66
2022-03-13,East,Clothing,Consumer,1,84.09,29.81
2022-03-13,West,Office Supplies,Home Office,6,314.93,74.81
2022-03-13,East,Electronics,Consumer,2,852.43,153.34
2022-03-13,North,Furniture,Corporate,4,2500.25,460.51
2022-03-13,East,Furniture,Consumer,2,1113.29,290.23
2022-03-13,North,Clothing,Consumer,3,247.93,60.77
2022-03-14,North,Clothing,Home Office,3,206.37,77.52
2022-03-14,West,Office Supplies,Corporate,3,143.78,48.65
2022-03-14,West,Furniture,Home Office,4,1899.06,502.98
2022-03-14,East,Office Supplies,Consumer,1,43.98,13.64
2022-03-14,North,Food & Beverage,Corporate,3,93.95,13.48
2022-03-14,South,Clothing,Consumer,4,288.84,125.58
2022-03-14,West,Office Supplies,Consumer,4,215.75,74.51
2022-03-14,South,Office Supplies,Corporate,1,46.16,13.65
2022-03-15,West,Electronics,Consumer,3,1296.52,209.88
2022-03-15,East,Furniture,Home Office,2,1228.75,276.67
2022-03-15,North,Office Supplies,Consumer,6,298.59,85.21
2022-03-16,North,Office Supplies,Consumer,3,163.81,33.54
2022-03-16,North,Food & Beverage,Consumer,7,223.33,31.81
2022-03-16,East,Furniture,Consumer,6,3621.64,678.59
2022-03-16,North,Electronics,Consumer,3,1351.71,229.55
2022-03-17,East,Clothing,Consumer,6,451.0,200.68
2022-03-17,North,Electronics,Consumer,4,1626.25,227.73
2022-03-17,East,Electronics,Corporate,1,352.59,81.46
2022-03-17,South,Furniture,Corporate,7,3805.26,1048.62
2022-03-17,East,Office Supplies,Home Office,1,42.0,8.6
2022-03-18,East,Office Supplies,Home Office,1,46.03,12.75
2022-03-18,South,Food & Beverage,Consumer,3,99.21,11.53
2022-03-18,East,Electronics,Home Office,5,1715.64,319.74
2022-03-18,South,Electronics,Corporate,3,1146.02,182.62
2022-03-19,West,Electronics,Corporate,7,2572.91,584.08
2022-03-19,West,Clothing,Corporate,4,307.31,78.64
2022-03-19,South,Office Supplies,Consumer,3,142.16,50.19
2022-03-19,South,Food & Beverage,Consumer,6,168.69,23.12
2022-03-19,North,Electronics,Corporate,5,1697.16,251.49
2022-03-19,South,Electronics,Corporate,6,2500.19,346.4
2022-03-19,East,Office Supplies,Consumer,5,230.63,81.67
2022-03-19,West,Furniture,Consumer,2,989.9,279.28
2022-03-19,North,Electronics,Corporate,2,798.05,118.17
2022-03-19,South,Clothing,Corporate,2,145.29,43.79
2022-03-20,West,Clothing,Consumer,4,300.09,112.82
2022-03-20,East,Office Supplies,Consumer,3,140.18,40.75
2022-03-20,South,Electronics,Corporate,3,1199.88,263.42
2022-03-20,West,Furniture,Consumer,5,3096.7,777.96
2022-03-20,West,Clothing,Corporate,4,309.02,119.85
2022-03-21,South,Electronics,Consumer,1,427.24,62.53
2022-03-21,East,Electronics,Consumer,3,1139.96,155.04
2022-03-21,East,Electronics,Consumer,7,2972.29,539.1
2022-03-22,West,Electronics,Consumer,5,1688.8,378.98
2022-03-22,South,Furniture,Corporate,2,1119.65,260.33
2022-03-22,South,Furniture,Home Office,7,4176.84,1157.48
2022-03-22,South,Clothing,Corporate,1,67.16,30.38
2022-03-22,North,Furniture,Consumer,5,2788.82,627.65
2022-03-22,North,Food & Beverage,Home Office,5,158.65,27.9
2022-03-22,South,Office Supplies,Home Office,3,154.0,41.25
2022-03-22,South,Food & Beverage,Consumer,7,183.88,32.96
2022-03-22,North,Clothing,Corporate,5,341.01,119.54
2022-03-23,South,Furniture,Consumer,6,2923.67,512.17
2022-03-23,North,Furniture,Home Office,2,1209.73,316.3
2022-03-23,East,Clothing,Home Office,1,68.23,20.3
2022-03-23,South,Electronics,Consumer,7,2358.41,519.43
2022-03-24,South,Office Supplies,Consumer,3,158.63,40.39
2022-03-24,South,Office Supplies,Corporate,1,45.89,12.56
2022-03-24,South,Electronics,Consumer,5,1873.74,382.18
2022-03-24,South,Office Supplies,Consumer,5,256.43,81.81
2022-03-24,South,Electronics,Consumer,6,2078.45,461.86
2022-03-24,North,Furniture,Corporate,3,1489.0,331.36
2022-03-24,East,Clothing,Consumer,6,492.9,184.55
2022-03-25,South,Electronics,Corporate,7,2378.37,455.24
2022-03-25,North,Office Supplies,Consumer,2,96.37,20.74
2022-03-25,East,Clothing,Consumer,1,81.77,33.37
2022-03-25,East,Clothing,Consumer,5,350.15,150.91
2022-03-25,North,Furniture,Consumer,1,577.6,142.11
2022-03-25,East,Office Supplies,Home Office,1,47.8,12.05
2022-03-25,East,Office Supplies,Consumer,2,93.27,25.87
2022-03-26,North,Furniture,Consumer,6,3212.58,571.8
2022-03-26,East,Food & Beverage,Corporate,1,26.11,3.62
2022-03-26,West,Food & Beverage,Home Office,3,77.48,11.25
2022-03-27,South,Clothing,Consumer,2,150.26,52.09
2022-03-27,North,Food & Beverage,Consumer,7,180.7,28.42
2022-03-27,South,Furniture,Corporate,5,2566.37,624.72
2022-03-27,East,Clothing,Corporate,4,307.46,86.3
2022-03-27,North,Food & Beverage,Consumer,2,67.03,11.62
2022-03-27,East,Furniture,Home Office,5,2720.7,691.31
2022-03-28,West,Food & Beverage,Corporate,3,80.98,9.06
2022-03-28,East,Food & Beverage,Consumer,7,218.44,38.59
2022-03-28,North,Electronics,Consumer,6,2457.45,369.37
2022-03-28,South,Food & Beverage,Consumer,6,163.6,25.94
2022-03-28,North,Office Supplies,Home Office,4,188.39,68.05
2022-03-28,East,Furniture,Corporate,4,1919.43,350.63
2022-03-29,South,Office Supplies,Consumer,5,260.82,88.14
2022-03-29,North,Office Supplies,Consumer,3,163.91,41.12
2022-03-29,East,Office Supplies,Home Office,5,235.18,68.66
2022-03-29,South,Office Supplies,Consumer,4,212.43,71.94
2022-03-29,South,Food & Beverage,Corporate,3,76.16,8.11
2022-03-29,West,Electronics,Corporate,7,2930.49,565.32
2022-03-29,East,Office Supplies,Home Office,2,91.93,19.09
2022-03-29,East,Clothing,Consumer,2,127.11,46.59
2022-03-29,East,Clothing,Home Office,7,516.74,195.3
2022-03-30,West,Food & Beverage,Corporate,1,30.91,5.96
2022-03-30,North,Clothing,Corporate,7,512.5,144.87
2022-03-30,East,Furniture,Corporate,5,3025.01,490.05
2022-03-30,East,Electronics,Corporate,3,1121.69,196.44
2022-03-30,East,Clothing,Corporate,2,138.01,38.27
2022-03-30,East,Furniture,Home Office,2,1143.4,190.41
2022-03-30,East,Food & Beverage,Consumer,2,51.86,8.28
2022-03-30,West,Clothing,Consumer,5,406.26,157.84
2022-03-30,South,Electronics,Home Office,4,1387.59,278.42
2022-03-30,East,Electronics,Consumer,7,2873.94,401.83
2022-03-30,South,Office Supplies,Home Office,1,49.8,17.22
2022-03-31,West,Food & Beverage,Consumer,4,134.94,23.39
2022-03-31,West,Food & Beverage,Consumer,3,84.01,11.08
2022-03-31,North,Food & Beverage,Home Office,4,113.04,18.73
2022-03-31,North,Office Supplies,Consumer,4,169.05,42.87
2022-03-31,West,Furniture,Home Office,3,1625.67,422.84
2022-03-31,North,Furniture,Corporate,6,3010.39,464.85
2022-04-01,North,Electronics,Corporate,3,1298.23,256.7
2022-04-01,North,Office Supplies,Home Office,1,53.37,10.6
2022-04-01,South,Office Supplies,Corporate,7,335.87,104.6
2022-04-01,East,Electronics,Home Office,2,668.97,134.76
2022-04-01,South,Office Supplies,Home Office,1,42.55,12.4
2022-04-01,East,Furniture,Home Office,6,2923.95,663.59
2022-04-01,South,Clothing,Consumer,6,469.39,131.29
2022-04-02,West,Clothing,Consumer,3,233.43,96.21
2022-04-02,North,Electronics,Consumer,7,2409.83,531.13
2022-04-02,North,Food & Beverage,Consumer,7,211.84,23.26
2022-04-02,South,Electronics,Consumer,1,382.18,56.39
2022-04-02,North,Furniture,Home Office,7,3470.17,629.47
2022-04-02,North,Clothing,Corporate,5,348.98,141.24
2022-04-02,North,Furniture,Corporate,7,3809.38,1089.26
2022-04-02,East,Office Supplies,Corporate,2,84.73,17.04
2022-04-02,North,Electronics,Corporate,4,1580.93,279.16
2022-04-03,South,Food & Beverage,Corporate,6,197.65,24.12
2022-04-03,West,Food & Beverage,Consumer,2,56.69,9.78
2022-04-03,North,Electronics,Consumer,2,789.87,147.79
2022-04-03,West,Furniture,Consumer,5,2895.12,646.38
2022-04-03,East,Clothing,Consumer,1,66.77,20.48
2022-04-03,North,Food & Beverage,Corporate,6,185.18,24.74
2022-04-03,West,Office Supplies,Home Office,4,179.08,62.57
2022-04-03,South,Office Supplies,Consumer,1,49.77,14.96
2022-04-03,West,Furniture,Consumer,6,2764.24,587.26
2022-04-04,North,Food & Beverage,Consumer,7,233.19,33.86
2022-04-04,South,Furniture,Consumer,6,3307.99,837.44
2022-04-04,East,Furniture,Consumer,5,2325.16,647.05
2022-04-04,East,Clothing,Consumer,5,324.18,128.24
2022-04-04,West,Furniture,Home Office,7,3454.27,668.23
2022-04-04,North,Electronics,Corporate,3,1068.56,184.26
2022-04-04,West,Office Supplies,Corporate,1,41.37,12.85
2022-04-05,North,Food & Beverage,Corporate,5,159.65,24.9
2022-04-05,East,Clothing,Consumer,2,132.54,32.77
2022-04-05,West,Office Supplies,Corporate,2,95.35,26.12
2022-04-05,North,Office Supplies,Corporate,5,202.75,60.0
2022-04-05,East,Food & Beverage,Corporate,3,88.22,10.08
2022-04-05,North,Clothing,Corporate,5,322.89,107.83
2022-04-05,East,Furniture,Consumer,7,3278.15,554.9
2022-04-06,North,Furniture,Consumer,5,2805.67,460.38
2022-04-06,West,Electronics,Consumer,2,666.67,144.09
2022-04-06,South,Office Supplies,Home Office,6,252.23,55.35
2022-04-06,East,Office Supplies,Consumer,1,43.34,9.98
2022-04-07,South,Furniture,Consumer,5,2458.43,459.65
2022-04-07,East,Furniture,Home Office,1,588.03,156.13
2022-04-08,East,Clothing,Consumer,4,292.15,129.26
2022-04-08,North,Office Supplies,Consumer,7,299.53,64.04
2022-04-08,South,Office Supplies,Corporate,6,258.63,60.12
2022-04-08,North,Clothing,Consumer,6,372.75,108.55
2022-04-09,West,Food & Beverage,Home Office,2,54.38,7.11
2022-04-09,North,Furniture,Consumer,5,2533.92,634.89
2022-04-09,West,Office Supplies,Corporate,6,279.55,94.46
2022-04-09,South,Food & Beverage,Corporate,6,159.75,28.91
2022-04-09,South,Electronics,Consumer,4,1347.27,298.43
2022-04-09,East,Furniture,Consumer,1,548.46,107.94
2022-04-10,South,Clothing,Consumer,2,118.09,43.9
2022-04-10,East,Electronics,Consumer,3,1246.27,181.42
2022-04-10,East,Office Supplies,Consumer,7,313.25,69.83
2022-04-10,North,Electronics,Corporate,2,642.64,108.26
2022-04-10,North,Electronics,Consumer,3,1135.23,163.03
2022-04-11,North,Furniture,Home Office,2,1161.07,211.56
2022-04-11,South,Clothing,Consumer,5,366.88,162.83
2022-04-11,East,Clothing,Consumer,2,140.87,46.28
2022-04-11,West,Furniture,Consumer,3,1640.88,311.5
2022-04-12,North,Office Supplies,Consumer,2,80.12,21.76
2022-04-12,South,Food & Beverage,Consumer,7,182.2,31.47
2022-04-12,North,Food & Beverage,Corporate,5,135.41,19.03
2022-04-12,South,Clothing,Consumer,5,373.31,151.05
2022-04-12,North,Food & Beverage,Corporate,7,191.17,27.1
2022-04-12,East,Office Supplies,Home Office,6,264.71,82.89
2022-04-12,North,Office Supplies,Consumer,4,204.04,50.18
2022-04-13,East,Office Supplies,Consumer,4,169.28,35.49
2022-04-13,West,Furniture,Corporate,4,2338.0,605.04
2022-04-13,East,Electronics,Corporate,7,2384.32,420.86
2022-04-13,East,Food & Beverage,Consumer,2,53.92,8.4
2022-04-13,West,Office Supplies,Consumer,1,40.39,8.59
2022-04-13,East,Furniture,Consumer,1,571.1,162.73
2022-04-13,North,Food & Beverage,Corporate,7,184.1,33.67
2022-04-13,North,Furniture,Consumer,2,1075.91,285.97
2022-04-14,East,Electronics,Corporate,1,378.93,58.02
2022-04-14,East,Office Supplies,Corporate,4,192.14,41.32
2022-04-14,West,Furniture,Corporate,4,1935.66,416.99
2022-04-14,North,Electronics,Consumer,4,1442.02,302.77
2022-04-14,East,Food & Beverage,Consumer,3,88.33,15.68
2022-04-14,South,Food & Beverage,Corporate,4,115.42,17.32
2022-04-14,North,Office Supplies,Corporate,6,296.27,101.02
2022-04-14,North,Food & Beverage,Home Office,6,171.17,28.72
2022-04-14,West,Electronics,Consumer,5,1909.56,435.68
2022-04-15,North,Clothing,Home Office,5,352.18,130.18
2022-04-16,South,Food & Beverage,Home Office,6,189.91,31.05
2022-04-16,North,Food & Beverage,Corporate,3,79.27,14.68
2022-04-16,North,Clothing,Consumer,3,181.11,47.87
2022-04-16,West,Office Supplies,Home Office,3,151.13,43.66
2022-04-17,North,Clothing,Corporate,2,117.0,50.56
2022-04-17,South,Furniture,Consumer,1,489.73,118.89
2022-04-17,East,Office Supplies,Corporate,1,46.62,10.14
2022-04-17,East,Food & Beverage,Corporate,4,120.63,22.14
2022-04-17,South,Clothing,Corporate,5,353.83,143.72
2022-04-17,South,Office Supplies,Corporate,3,122.26,26.54
2022-04-17,West,Clothing,Consumer,3,188.34,76.66
2022-04-18,North,Clothing,Consumer,3,187.32,61.6
2022-04-18,East,Electronics,Corporate,1,408.65,75.53
2022-04-18,North,Clothing,Home Office,4,243.18,95.42
2022-04-18,East,Clothing,Home Office,5,286.98,89.34
2022-04-18,North,Electronics,Home Office,6,2036.42,405.19
2022-04-19,East,Electronics,Consumer,6,2116.14,284.17
2022-04-19,North,Clothing,Corporate,1,58.91,15.84
2022-04-19,West,Office Supplies,Consumer,1,43.39,11.33
2022-04-19,East,Food & Beverage,Consumer,7,189.85,32.42
2022-04-19,North,Electronics,Consumer,2,661.72,120.91
2022-04-19,North,Clothing,Consumer,1,60.03,23.22
2022-04-20,South,Office Supplies,Corporate,5,205.51,50.48
2022-04-20,South,Clothing,Corporate,6,357.24,100.43
2022-04-20,West,Clothing,Consumer,3,191.99,71.81
2022-04-20,South,Furniture,Consumer,1,548.4,90.26
2022-04-21,East,Clothing,Corporate,7,533.31,131.84
2022-04-21,West,Furniture,Home Office,6,3090.22,615.34
2022-04-21,West,Food & Beverage,Home Office,1,28.19,3.85
2022-04-21,East,Office Supplies,Consumer,2,91.07,31.66
2022-04-21,South,Office Supplies,Home Office,4,152.9,51.04
2022-04-21,West,Furniture,Consumer,2,1084.35,246.38
2022-04-21,West,Furniture,Corporate,1,425.0,79.33
2022-04-21,West,Food & Beverage,Consumer,3,86.03,13.46
2022-04-21,North,Office Supplies,Corporate,2,82.69,27.84
2022-04-22,North,Furniture,Consumer,7,3571.62,731.59
2022-04-22,West,Office Supplies,Consumer,7,280.11,77.23
2022-04-22,North,Clothing,Consumer,7,465.45,211.25
2022-04-23,South,Furniture,Home Office,6,2922.57,624.28
2022-04-23,West,Electronics,Consumer,2,756.49,150.92
2022-04-23,North,Clothing,Corporate,5,373.59,102.71
2022-04-23,South,Food & Beverage,Consumer,4,98.88,10.88
2022-04-23,South,Electronics,Consumer,4,1438.34,184.68
2022-04-23,West,Clothing,Home Office,6,422.2,131.4
2022-04-23,South,Office Supplies,Consumer,4,158.69,52.36
2022-04-24,East,Clothing,Consumer,2,145.95,61.22
2022-04-24,North,Electronics,Corporate,3,1200.35,174.69
2022-04-24,East,Furniture,Home Office,4,1921.05,442.5
2022-04-24,West,Clothing,Consumer,6,341.65,133.36
2022-04-24,North,Clothing,Consumer,6,382.17,135.33
2022-04-24,West,Food & Beverage,Corporate,4,125.56,13.31
2022-04-25,East,Clothing,Consumer,6,443.83,141.35
2022-04-25,North,Office Supplies,Consumer,7,288.12,67.34
2022-04-25,North,Clothing,Consumer,2,112.83,44.21
2022-04-25,South,Office Supplies,Corporate,7,277.21,78.23
2022-04-25,North,Electronics,Consumer,5,1958.6,259.67
2022-04-25,East,Furniture,Consumer,2,955.68,261.72
2022-04-26,North,Office Supplies,Consumer,3,135.17,39.0
2022-04-26,South,Office Supplies,Consumer,1,39.46,7.88
2022-04-26,West,Clothing,Corporate,2,135.22,56.08
2022-04-27,East,Furniture,Consumer,5,2501.82,580.01
2022-04-27,North,Electronics,Consumer,7,2584.46,541.31
2022-04-27,East,Furniture,Consumer,4,1865.0,436.11
2022-04-27,South,Electronics,Consumer,2,781.95,100.23
2022-04-27,North,Food & Beverage,Corporate,5,137.8,22.69
2022-04-28,West,Office Supplies,Consumer,5,192.08,65.37
2022-04-28,South,Food & Beverage,Consumer,4,116.08,20.13
2022-04-28,South,Food & Beverage,Consumer,7,164.99,23.05
2022-04-28,South,Office Supplies,Corporate,1,38.59,9.69
2022-04-28,North,Office Supplies,Corporate,5,210.83,63.71
2022-04-28,East,Clothing,Consumer,2,117.9,36.64
2022-04-28,East,Clothing,Consumer,6,352.78,144.47
2022-04-29,South,Clothing,Consumer,4,265.31,92.06
2022-04-29,South,Office Supplies,Home Office,3,139.81,33.83
2022-04-29,West,Furniture,Home Office,5,2290.39,368.98
2022-04-29,East,Clothing,Corporate,3,181.95,47.01
2022-04-29,North,Office Supplies,Consumer,2,75.15,23.35
2022-04-29,North,Clothing,Home Office,4,241.32,98.81
2022-04-29,West,Office Supplies,Corporate,7,262.83,80.08
2022-04-29,East,Clothing,Consumer,7,480.19,165.59
2022-04-29,West,Food & Beverage,Consumer,3,88.62,13.68
2022-04-30,West,Office Supplies,Home Office,7,333.44,105.99
2022-04-30,North,Furniture,Consumer,2,831.57,233.59
2022-04-30,East,Food & Beverage,Consumer,7,173.01,32.83
2022-04-30,North,Office Supplies,Consumer,6,288.29,67.23
2022-04-30,North,Food & Beverage,Corporate,5,134.47,19.45
2022-04-30,West,Office Supplies,Consumer,6,293.77,69.92
2022-04-30,North,Electronics,Corporate,5,1694.29,288.63
2022-04-30,West,Office Supplies,Home Office,2,89.99,19.71
2022-05-01,West,Office Supplies,Home Office,3,110.74,25.5
2022-05-01,South,Electronics,Consumer,3,1149.81,249.67
2022-05-01,East,Office Supplies,Consumer,6,284.48,90.3
2022-05-01,North,Electronics,Consumer,4,1257.9,168.41
2022-05-01,East,Electronics,Corporate,1,366.34,82.47
2022-05-02,South,Electronics,Consumer,7,2601.33,574.28
2022-05-02,East,Clothing,Consumer,2,125.82,56.95
2022-05-02,South,Furniture,Corporate,6,2648.69,596.14
2022-05-02,West,Food & Beverage,Home Office,5,140.84,19.17
2022-05-02,North,Food & Beverage,Home Office,3,68.08,12.69
2022-05-03,South,Electronics,Consumer,3,973.02,168.7
2022-05-03,West,Office Supplies,Corporate,2,74.58,26.56
2022-05-03,North,Furniture,Consumer,6,3002.65,797.05
2022-05-03,West,Clothing,Corporate,3,180.33,44.97
2022-05-03,East,Electronics,Home Office,5,1497.6,216.5
2022-05-04,North,Food & Beverage,Home Office,3,67.46,11.96
2022-05-04,West,Office Supplies,Consumer,7,328.25,116.86
2022-05-04,East,Clothing,Corporate,2,119.15,41.79
2022-05-04,East,Electronics,Corporate,6,1789.87,303.14
2022-05-04,East,Office Supplies,Consumer,7,274.8,97.98
2022-05-05,West,Office Supplies,Corporate,2,74.05,26.72
2022-05-05,South,Office Supplies,Consumer,7,304.96,92.22
2022-05-05,South,Electronics,Home Office,3,1105.19,222.4
2022-05-05,West,Electronics,Consumer,6,2117.03,478.54
2022-05-06,East,Food & Beverage,Consumer,6,155.34,22.92
2022-05-06,South,Furniture,Home Office,7,2993.64,623.97
2022-05-06,North,Furniture,Consumer,2,1003.66,202.31
2022-05-06,North,Electronics,Consumer,6,1884.04,255.65
2022-05-06,West,Furniture,Consumer,4,1667.72,324.56
2022-05-06,West,Office Supplies,Corporate,6,228.57,73.28
2022-05-06,South,Office Supplies,Corporate,5,232.52,74.05
2022-05-06,South,Office Supplies,Consumer,1,46.67,10.05
2022-05-06,North,Clothing,Corporate,7,488.85,124.86
2022-05-06,North,Food & Beverage,Consumer,3,68.64,10.22
2022-05-06,East,Food & Beverage,Corporate,5,118.44,22.21
2022-05-07,South,Office Supplies,Corporate,1,36.02,9.49
2022-05-07,East,Furniture,Corporate,7,3136.83,745.89
2022-05-07,North,Electronics,Consumer,2,606.78,95.58
2022-05-07,East,Office Supplies,Consumer,3,142.36,45.01
2022-05-07,West,Food & Beverage,Consumer,4,118.47,18.15
2022-05-07,East,Furniture,Corporate,5,2134.54,328.98
2022-05-07,North,Electronics,Consumer,5,1746.3,378.29
2022-05-07,East,Food & Beverage,Home Office,6,160.76,27.46
2022-05-07,East,Food & Beverage,Consumer,3,74.33,12.14
2022-05-07,North,Food & Beverage,Consumer,4,114.72,18.39
2022-05-08,South,Office Supplies,Consumer,3,111.88,35.21
2022-05-08,South,Clothing,Consumer,1,62.52,25.14
2022-05-08,West,Furniture,Corporate,3,1317.75,249.04
2022-05-08,East,Food & Beverage,Consumer,2,44.87,7.64
2022-05-08,North,Clothing,Consumer,7,448.4,125.51
2022-05-08,South,Electronics,Home Office,5,1471.16,204.66
2022-05-09,North,Furniture,Corporate,3,1241.49,310.49
2022-05-09,West,Food & Beverage,Consumer,4,103.43,18.83
2022-05-09,East,Office Supplies,Consumer,6,279.91,98.25
2022-05-09,South,Electronics,Corporate,6,1706.42,302.51
2022-05-10,East,Clothing,Consumer,5,310.1,115.97
2022-05-10,North,Electronics,Consumer,4,1160.5,251.19
2022-05-10,North,Clothing,Consumer,1,66.66,17.2
2022-05-11,West,Office Supplies,Corporate,7,281.38,95.05
2022-05-11,North,Electronics,Consumer,4,1290.7,243.14
2022-05-11,East,Office Supplies,Home Office,5,180.19,58.52
2022-05-12,West,Office Supplies,Consumer,2,91.7,27.38
2022-05-12,South,Office Supplies,Consumer,3,135.31,39.23
2022-05-12,South,Food & Beverage,Home Office,4,116.18,16.14
2022-05-12,East,Furniture,Consumer,7,3629.6,834.76
2022-05-12,North,Food & Beverage,Home Office,7,198.82,32.48
2022-05-12,West,Office Supplies,Consumer,6,230.8,53.06
2022-05-12,West,Food & Beverage,Corporate,7,185.2,22.03
2022-05-12,South,Food & Beverage,Consumer,2,57.79,11.25
2022-05-12,South,Office Supplies,Consumer,3,135.14,31.16
2022-05-12,West,Office Supplies,Home Office,7,244.54,49.34
2022-05-12,South,Office Supplies,Consumer,1,35.74,10.24
2022-05-13,South,Electronics,Corporate,3,888.81,188.59
2022-05-13,East,Office Supplies,Consumer,6,227.9,56.33
2022-05-13,West,Furniture,Consumer,4,2089.89,425.9
2022-05-13,West,Clothing,Corporate,5,275.55,122.35
2022-05-13,North,Furniture,Corporate,4,1822.54,312.75
2022-05-13,North,Food & Beverage,Consumer,4,93.36,12.23
2022-05-13,South,Furniture,Consumer,3,1189.25,274.71
2022-05-13,West,Furniture,Corporate,6,2985.94,490.37
2022-05-13,North,Food & Beverage,Corporate,2,57.4,6.7
2022-05-13,East,Clothing,Corporate,7,479.11,189.55
2022-05-14,West,Food & Beverage,Consumer,7,152.11,25.92
2022-05-14,West,Furniture,Home Office,5,1977.39,519.26
2022-05-14,South,Office Supplies,Consumer,2,89.18,27.23
2022-05-14,East,Food & Beverage,Consumer,4,115.54,14.23
2022-05-14,North,Office Supplies,Consumer,2,88.72,17.5
2022-05-14,South,Electronics,Consumer,5,1594.58,244.79
2022-05-14,South,Clothing,Corporate,1,64.72,19.69
2022-05-14,North,Office Supplies,Consumer,1,43.8,9.57
2022-05-15,East,Electronics,Corporate,3,977.64,173.54
2022-05-15,South,Electronics,Home Office,2,642.45,146.54
2022-05-15,North,Food & Beverage,Consumer,6,168.85,21.72
2022-05-15,South,Electronics,Consumer,1,370.69,48.91
2022-05-15,East,Electronics,Consumer,1,316.6,57.35
2022-05-16,West,Clothing,Consumer,1,67.61,16.65
2022-05-16,West,Clothing,Corporate,6,324.59,145.01
2022-05-16,South,Electronics,Consumer,2,632.64,127.06
2022-05-17,East,Electronics,Consumer,6,1801.28,244.58
2022-05-17,East,Furniture,Consumer,3,1215.94,248.97
2022-05-17,South,Food & Beverage,Consumer,4,99.48,17.55
2022-05-17,East,Clothing,Consumer,4,221.05,64.57
2022-05-17,South,Clothing,Consumer,6,325.5,114.8
2022-05-17,West,Clothing,Corporate,3,160.45,58.49
2022-05-17,West,Furniture,Consumer,2,800.09,150.94
2022-05-17,East,Electronics,Consumer,7,2305.8,427.58
2022-05-17,South,Food & Beverage,Home Office,1,27.9,3.33
2022-05-18,North,Electronics,Consumer,1,275.35,62.9
2022-05-18,East,Furniture,Consumer,4,1799.41,462.23
2022-05-18,South,Food & Beverage,Home Office,4,96.71,10.18
2022-05-19,South,Office Supplies,Corporate,6,230.48,71.78
2022-05-19,West,Office Supplies,Consumer,3,134.6,41.69
2022-05-19,North,Office Supplies,Consumer,1,41.09,11.81
2022-05-20,South,Furniture,Consumer,5,2132.84,438.51
2022-05-20,West,Clothing,Consumer,4,218.62,56.69
2022-05-20,South,Food & Beverage,Consumer,5,136.7,24.75
2022-05-21,South,Food & Beverage,Consumer,3,79.65,10.54
2022-05-21,West,Clothing,Home Office,4,252.1,98.45
2022-05-21,West,Electronics,Consumer,5,1625.26,365.41
2022-05-21,North,Office Supplies,Consumer,5,197.76,62.76
2022-05-21,North,Furniture,Corporate,2,870.38,137.15
2022-05-22,South,Food & Beverage,Consumer,1,24.16,2.89
2022-05-22,South,Furniture,Home Office,4,1558.84,372.56
2022-05-22,West,Office Supplies,Corporate,1,38.69,11.02
2022-05-22,North,Office Supplies,Home Office,3,110.22,31.7
2022-05-22,North,Food & Beverage,Corporate,1,21.57,3.4
2022-05-23,East,Office Supplies,Consumer,2,80.88,18.84
2022-05-23,South,Office Supplies,Consumer,5,221.03,65.99
2022-05-23,West,Furniture,Corporate,3,1410.12,268.36
2022-05-23,East,Clothing,Consumer,6,326.27,99.06
2022-05-23,West,Electronics,Home Office,3,999.78,216.28
2022-05-23,West,Furniture,Consumer,3,1388.41,374.97
2022-05-24,North,Office Supplies,Consumer,5,215.2,58.94
2022-05-24,East,Furniture,Consumer,4,1762.09,286.73
2022-05-24,West,Electronics,Home Office,5,1487.01,296.97
2022-05-24,East,Food & Beverage,Consumer,5,107.79,17.68
2022-05-24,North,Office Supplies,Consumer,7,303.93,82.5
2022-05-24,South,Office Supplies,Home Office,3,127.82,30.31
2022-05-24,South,Electronics,Home Office,1,315.62,46.33
2022-05-25,South,Electronics,Corporate,1,271.69,56.43
2022-05-25,East,Food & Beverage,Consumer,6,140.84,26.8
2022-05-25,South,Office Supplies,Consumer,4,136.69,31.45
2022-05-25,West,Electronics,Consumer,7,2489.26,573.5
2022-05-25,South,Electronics,Corporate,4,1318.71,263.99
2022-05-26,South,Electronics,Consumer,3,953.59,153.35
2022-05-26,East,Furniture,Corporate,7,3317.43,805.52
2022-05-26,South,Food & Beverage,Corporate,1,23.6,2.55
2022-05-26,West,Electronics,Consumer,6,2002.83,299.45
2022-05-26,East,Office Supplies,Home Office,1,32.94,11.55
2022-05-26,West,Food & Beverage,Home Office,3,75.45,9.5
2022-05-26,North,Electronics,Consumer,1,331.98,52.92
2022-05-27,West,Electronics,Home Office,5,1741.92,258.16
2022-05-27,East,Food & Beverage,Corporate,5,136.03,22.57
2022-05-27,South,Clothing,Consumer,6,328.53,120.13
2022-05-27,South,Clothing,Corporate,3,153.62,58.39
2022-05-27,North,Office Supplies,Corporate,4,173.11,57.82
2022-05-27,South,Electronics,Consumer,2,646.98,129.22
2022-05-27,East,Office Supplies,Consumer,5,188.0,52.97
2022-05-28,South,Electronics,Home Office,7,1905.01,422.53
2022-05-28,North,Electronics,Corporate,5,1675.21,292.19
2022-05-28,South,Food & Beverage,Consumer,1,21.02,3.06
2022-05-28,West,Office Supplies,Home Office,1,39.67,10.93
2022-05-29,North,Electronics,Consumer,2,523.16,87.12
2022-05-29,East,Electronics,Consumer,7,1963.48,385.72
2022-05-30,West,Food & Beverage,Home Office,1,25.88,2.9
2022-05-30,South,Electronics,Home Office,5,1328.14,277.8
2022-05-30,East,Office Supplies,Home Office,1,32.95,10.52
2022-05-31,South,Clothing,Corporate,1,60.24,26.22
2022-05-31,North,Electronics,Consumer,6,1572.59,218.59
2022-05-31,East,Furniture,Consumer,5,2344.3,499.0
2022-05-31,East,Clothing,Consumer,2,118.04,30.67
2022-05-31,South,Clothing,Home Office,2,117.95,50.17
2022-06-01,East,Food & Beverage,Consumer,6,131.71,19.16
2022-06-01,South,Office Supplies,Consumer,2,67.66,24.17
2022-06-01,West,Electronics,Corporate,3,974.46,137.92
2022-06-01,North,Furniture,Consumer,3,1277.21,197.95
2022-06-01,South,Electronics,Consumer,5,1610.48,243.45
2022-06-01,West,Furniture,Consumer,5,2079.25,339.23
2022-06-01,East,Office Supplies,Consumer,5,161.62,46.37
2022-06-02,West,Office Supplies,Home Office,2,73.67,16.06
2022-06-02,North,Furniture,Consumer,2,865.4,189.52
2022-06-03,South,Furniture,Home Office,5,2067.25,530.65
2022-06-03,North,Food & Beverage,Consumer,5,131.89,24.92
2022-06-03,North,Clothing,Consumer,3,176.45,53.81
2022-06-03,East,Clothing,Consumer,1,50.55,19.26
2022-06-03,North,Food & Beverage,Corporate,3,59.62,8.47
2022-06-03,North,Electronics,Consumer,5,1452.13,217.58
2022-06-03,South,Clothing,Corporate,6,370.97,140.38
2022-06-04,East,Clothing,Consumer,7,448.97,190.91
2022-06-04,South,Office Supplies,Consumer,6,239.42,48.19
2022-06-04,North,Furniture,Home Office,6,2714.32,708.56
2022-06-04,South,Furniture,Consumer,7,3168.55,690.34
2022-06-05,West,Clothing,Corporate,2,112.43,41.14
2022-06-05,East,Office Supplies,Home Office,4,127.98,28.16
2022-06-05,North,Electronics,Consumer,2,622.46,133.73
2022-06-05,North,Office Supplies,Home Office,4,148.19,30.84
2022-06-05,East,Furniture,Corporate,2,830.14,144.21
2022-06-05,East,Clothing,Home Office,3,172.42,47.93
2022-06-05,West,Food & Beverage,Corporate,2,48.09,6.15
2022-06-05,West,Clothing,Corporate,4,222.48,75.76
2022-06-05,East,Furniture,Corporate,2,773.95,149.52
2022-06-07,North,Furniture,Corporate,3,1391.23,342.2
2022-06-07,North,Office Supplies,Consumer,1,39.68,13.13
2022-06-07,South,Food & Beverage,Corporate,4,86.13,12.54
2022-06-07,North,Office Supplies,Corporate,6,226.04,47.3
2022-06-07,North,Electronics,Consumer,2,594.73,100.26
2022-06-08,East,Office Supplies,Corporate,1,32.32,7.63
2022-06-08,West,Clothing,Corporate,5,271.54,84.04
2022-06-08,North,Clothing,Corporate,6,315.55,106.95
2022-06-08,West,Food & Beverage,Consumer,1,22.88,2.97
2022-06-08,East,Electronics,Corporate,5,1350.15,241.46
2022-06-08,North,Electronics,Home Office,5,1571.93,206.94
2022-06-08,West,Furniture,Home Office,6,2711.18,571.01
2022-06-08,North,Office Supplies,Consumer,1,36.85,8.67
2022-06-08,North,Office Supplies,Corporate,3,105.83,37.16
2022-06-08,South,Furniture,Home Office,1,431.83,122.88
2022-06-09,North,Clothing,Home Office,7,384.38,118.39
2022-06-09,North,Clothing,Consumer,7,426.97,122.09
2022-06-09,South,Food & Beverage,Consumer,4,96.71,11.13
2022-06-10,North,Furniture,Corporate,3,1107.65,268.93
2022-06-10,North,Food & Beverage,Corporate,1,24.39,4.15
2022-06-10,North,Office Supplies,Consumer,4,124.34,39.62
2022-06-10,West,Food & Beverage,Consumer,1,20.72,3.23
2022-06-10,East,Furniture,Consumer,3,1146.11,232.38
2022-06-10,North,Clothing,Home Office,4,198.41,61.89
2022-06-10,East,Electronics,Consumer,6,1991.77,255.69
2022-06-11,East,Clothing,Corporate,1,61.21,16.2
2022-06-11,West,Food & Beverage,Consumer,5,127.5,20.85
2022-06-11,North,Office Supplies,Home Office,3,103.39,27.25
2022-06-11,North,Furniture,Home Office,5,1977.55,396.09
2022-06-11,East,Electronics,Consumer,7,2069.06,264.12
2022-06-11,East,Food & Beverage,Home Office,7,139.77,22.58
2022-06-12,South,Food & Beverage,Consumer,4,94.33,17.26
2022-06-12,West,Office Supplies,Consumer,2,73.16,23.44
2022-06-12,East,Furniture,Consumer,5,2211.88,550.88
2022-06-12,North,Clothing,Home Office,7,360.58,89.71
2022-06-12,South,Clothing,Consumer,4,227.23,95.58
2022-06-12,North,Furniture,Consumer,6,2185.8,617.86
2022-06-12,West,Furniture,Consumer,6,2142.49,415.65
2022-06-13,South,Food & Beverage,Corporate,5,114.52,19.88
2022-06-13,East,Electronics,Consumer,5,1267.27,232.96
2022-06-13,North,Electronics,Consumer,3,983.6,200.19
2022-06-13,West,Furniture,Home Office,4,1702.27,419.92
2022-06-13,South,Clothing,Corporate,7,376.03,153.56
2022-06-13,South,Office Supplies,Consumer,2,72.5,24.06
2022-06-13,South,Food & Beverage,Corporate,5,104.91,19.83
2022-06-14,South,Furniture,Corporate,1,392.19,84.56
2022-06-14,North,Electronics,Home Office,6,1740.15,314.86
2022-06-14,North,Electronics,Consumer,4,1284.74,254.12
2022-06-14,North,Food & Beverage,Corporate,3,73.37,13.15
2022-06-14,West,Office Supplies,Home Office,1,33.35,12.14
2022-06-14,North,Clothing,Corporate,2,105.81,35.87
2022-06-15,South,Electronics,Home Office,4,1182.55,173.61
2022-06-15,East,Clothing,Corporate,7,402.18,168.43
2022-06-15,West,Clothing,Consumer,5,270.3,67.8
2022-06-15,North,Clothing,Home Office,7,350.26,127.37
2022-06-15,North,Electronics,Corporate,1,302.32,70.44
2022-06-15,North,Clothing,Consumer,7,422.15,142.47
2022-06-15,South,Office Supplies,Corporate,1,37.44,10.63
2022-06-15,North,Office Supplies,Consumer,4,123.49,31.51
2022-06-15,West,Electronics,Consumer,7,1955.06,327.75
2022-06-15,West,Furniture,Corporate,6,2764.16,595.45
2022-06-16,West,Electronics,Consumer,2,514.97,105.75
2022-06-16,North,Electronics,Corporate,4,1179.27,233.39
2022-06-16,South,Furniture,Consumer,6,2235.97,350.55
2022-06-17,East,Furniture,Consumer,2,781.43,153.38
2022-06-17,West,Electronics,Corporate,3,734.11,120.03
2022-06-17,North,Food & Beverage,Home Office,3,61.88,11.02
2022-06-17,North,Food & Beverage,Consumer,6,150.34,26.15
2022-06-17,East,Furniture,Consumer,6,2731.17,677.99
2022-06-17,West,Office Supplies,Corporate,6,228.77,72.8
2022-06-18,West,Electronics,Consumer,5,1328.77,226.38
2022-06-18,North,Food & Beverage,Consumer,4,84.98,9.12
2022-06-18,North,Electronics,Home Office,7,1730.29,306.68
2022-06-18,North,Food & Beverage,Corporate,4,95.58,17.91
2022-06-18,West,Furniture,Home Office,1,438.93,113.89
2022-06-18,South,Office Supplies,Corporate,7,283.15,62.9
2022-06-19,West,Food & Beverage,Corporate,7,147.92,26.74
2022-06-19,East,Clothing,Home Office,5,242.09,106.35
2022-06-19,West,Clothing,Home Office,7,393.77,148.02
2022-06-19,West,Electronics,Home Office,4,1133.92,262.8
2022-06-20,North,Clothing,Corporate,6,340.24,151.61
2022-06-20,North,Office Supplies,Consumer,7,258.84,58.99
2022-06-20,West,Office Supplies,Corporate,5,167.22,53.77
2022-06-20,South,Electronics,Consumer,4,1169.91,270.57
2022-06-20,West,Food & Beverage,Consumer,3,73.39,13.93
2022-06-20,East,Food & Beverage,Corporate,6,128.15,18.88
2022-06-20,North,Furniture,Consumer,1,389.62,75.52
2022-06-20,South,Electronics,Corporate,7,1740.95,266.74
2022-06-21,South,Food & Beverage,Consumer,7,134.16,21.4
2022-06-21,North,Electronics,Consumer,6,1762.28,334.37
2022-06-21,South,Clothing,Consumer,6,306.19,106.21
2022-06-21,South,Food & Beverage,Home Office,2,47.8,8.0
2022-06-21,East,Clothing,Home Office,7,385.83,137.04
2022-06-21,East,Electronics,Home Office,7,1816.69,308.77
2022-06-21,East,Clothing,Corporate,6,352.35,106.13
2022-06-21,South,Food & Beverage,Corporate,6,138.58,25.26
2022-06-22,South,Furniture,Consumer,6,2097.38,404.99
2022-06-22,East,Electronics,Home Office,5,1498.93,333.51
2022-06-22,East,Food & Beverage,Corporate,2,47.45,6.17
2022-06-22,East,Food & Beverage,Consumer,4,77.6,14.15
2022-06-23,East,Furniture,Consumer,2,747.83,168.82
2022-06-23,North,Clothing,Home Office,4,219.79,90.92
2022-06-23,East,Furniture,Corporate,5,2137.91,412.4
2022-06-23,East,Food & Beverage,Consumer,6,128.85,23.01
2022-06-23,West,Office Supplies,Consumer,4,155.97,33.15
2022-06-23,North,Furniture,Home Office,3,1002.3,174.72
2022-06-23,East,Office Supplies,Corporate,3,91.06,30.51
2022-06-24,West,Food & Beverage,Consumer,3,73.48,9.99
2022-06-24,North,Food & Beverage,Corporate,5,92.24,11.66
2022-06-24,West,Electronics,Corporate,1,283.26,62.06
2022-06-24,South,Electronics,Home Office,1,241.97,56.43
2022-06-25,North,Electronics,Consumer,6,1695.51,396.6
2022-06-25,North,Electronics,Corporate,4,994.84,155.99
2022-06-25,East,Office Supplies,Corporate,4,127.19,43.76
2022-06-25,South,Office Supplies,Home Office,6,179.43,53.36
2022-06-26,South,Furniture,Consumer,2,758.41,172.09
2022-06-26,East,Food & Beverage,Corporate,2,46.69,8.86
2022-06-27,East,Electronics,Consumer,7,1816.74,248.15
2022-06-27,South,Office Supplies,Corporate,4,125.91,34.5
2022-06-27,South,Electronics,Corporate,2,603.44,112.85
2022-06-27,North,Electronics,Corporate,1,275.69,36.37
2022-06-27,South,Furniture,Home Office,1,422.57,109.71
2022-06-28,West,Furniture,Consumer,5,1825.67,506.52
2022-06-28,South,Clothing,Consumer,3,162.12,49.55
2022-06-28,East,Furniture,Consumer,2,827.91,183.72
2022-06-28,South,Furniture,Consumer,5,1985.2,324.52
2022-06-28,North,Electronics,Corporate,3,703.99,113.57
2022-06-28,East,Electronics,Home Office,7,1672.87,375.01
2022-06-29,East,Food & Beverage,Consumer,1,18.69,3.01
2022-06-29,South,Clothing,Consumer,2,92.72,32.17
2022-06-29,East,Office Supplies,Corporate,1,29.82,8.53
2022-06-29,West,Clothing,Home Office,4,196.36,54.27
2022-06-29,South,Office Supplies,Corporate,5,192.94,50.25
2022-06-30,South,Electronics,Consumer,3,906.17,175.72
2022-06-30,East,Food & Beverage,Consumer,1,19.86,3.52
2022-06-30,South,Office Supplies,Consumer,3,115.36,35.18
2022-07-01,West,Food & Beverage,Corporate,5,111.22,15.5
2022-07-01,North,Furniture,Consumer,5,1919.04,335.79
2022-07-01,North,Electronics,Consumer,2,555.28,92.92
2022-07-01,East,Office Supplies,Home Office,1,34.38,6.77
2022-07-01,North,Electronics,Corporate,6,1459.09,295.87
2022-07-01,West,Furniture,Consumer,3,1129.11,174.94
2022-07-01,West,Clothing,Corporate,7,343.6,120.91
2022-07-02,East,Electronics,Corporate,3,732.67,122.31
2022-07-02,South,Electronics,Corporate,6,1645.6,373.49
2022-07-02,West,Furniture,Consumer,5,1867.12,403.55
2022-07-02,North,Office Supplies,Home Office,7,226.61,70.83
2022-07-02,North,Food & Beverage,Corporate,1,20.91,3.52
2022-07-02,West,Electronics,Consumer,3,787.49,130.58
2022-07-02,East,Office Supplies,Consumer,7,201.79,47.73
2022-07-02,North,Clothing,Consumer,1,47.5,13.55
2022-07-02,South,Office Supplies,Consumer,5,148.12,37.9
2022-07-02,East,Food & Beverage,Home Office,7,164.33,27.61
2022-07-03,North,Electronics,Consumer,4,1126.66,197.23
2022-07-03,West,Furniture,Home Office,5,2109.94,399.02
2022-07-03,East,Clothing,Corporate,6,343.97,89.93
2022-07-03,East,Electronics,Corporate,1,269.56,59.53
2022-07-04,West,Furniture,Consumer,6,2369.21,505.61
2022-07-04,South,Furniture,Consumer,2,687.04,138.91
2022-07-04,South,Food & Beverage,Home Office,5,105.57,12.82
2022-07-04,East,Electronics,Corporate,1,230.19,35.41
2022-07-04,South,Office Supplies,Consumer,4,116.07,34.26
2022-07-04,South,Furniture,Consumer,4,1510.31,383.31
2022-07-04,South,Food & Beverage,Consumer,5,116.07,12.64
2022-07-04,North,Electronics,Home Office,4,983.1,225.69
2022-07-05,North,Office Supplies,Consumer,6,184.55,39.43
2022-07-05,East,Office Supplies,Corporate,4,146.96,30.43
2022-07-05,East,Food & Beverage,Consumer,5,93.29,14.28
2022-07-06,West,Furniture,Consumer,6,2285.76,582.51
2022-07-06,North,Clothing,Home Office,1,57.7,23.06
2022-07-06,East,Clothing,Consumer,7,327.81,144.58
2022-07-06,East,Office Supplies,Consumer,4,140.63,33.22
2022-07-06,North,Furniture,Consumer,6,2273.09,445.61
2022-07-07,East,Office Supplies,Home Office,6,216.55,52.48
2022-07-07,West,Clothing,Home Office,3,164.75,52.69
2022-07-07,North,Office Supplies,Home Office,2,61.21,17.15
2022-07-07,North,Food & Beverage,Consumer,3,67.96,8.53
2022-07-07,West,Furniture,Consumer,1,349.31,95.96
2022-07-07,North,Furniture,Corporate,5,2060.47,558.46
2022-07-08,West,Clothing,Consumer,7,344.71,139.49
2022-07-08,South,Furniture,Consumer,5,1886.43,327.23
2022-07-08,East,Clothing,Consumer,1,56.76,24.78
2022-07-08,West,Office Supplies,Consumer,5,190.7,45.55
2022-07-08,West,Furniture,Consumer,6,2151.33,490.78
2022-07-08,North,Food & Beverage,Consumer,3,59.67,8.81
2022-07-08,East,Furniture,Corporate,2,824.63,225.57
2022-07-09,East,Furniture,Consumer,4,1661.21,456.32
2022-07-09,North,Clothing,Consumer,6,278.23,125.55
2022-07-09,West,Office Supplies,Consumer,3,94.9,31.63
2022-07-10,South,Furniture,Consumer,4,1329.62,230.64
2022-07-10,North,Furniture,Home Office,6,2202.4,561.16
2022-07-10,West,Electronics,Corporate,2,469.76,103.89
2022-07-10,South,Electronics,Corporate,1,300.69,68.73
2022-07-11,West,Clothing,Consumer,5,284.25,117.49
2022-07-11,East,Food & Beverage,Consumer,1,17.92,3.36
2022-07-11,West,Electronics,Consumer,1,228.59,52.67
2022-07-11,South,Clothing,Consumer,6,314.37,141.23
2022-07-11,East,Furniture,Consumer,1,345.55,77.48
2022-07-11,South,Office Supplies,Consumer,3,90.59,21.02
2022-07-12,North,Clothing,Consumer,1,50.29,22.29
2022-07-12,South,Electronics,Corporate,6,1412.91,272.57
2022-07-12,East,Clothing,Corporate,6,257.69,89.99
2022-07-12,South,Furniture,Consumer,3,1283.13,357.79
2022-07-12,North,Furniture,Consumer,4,1472.88,331.93
2022-07-12,West,Electronics,Corporate,5,1324.92,249.81
2022-07-12,North,Clothing,Corporate,4,187.08,62.43
2022-07-12,North,Electronics,Consumer,3,763.77,116.94
2022-07-13,South,Office Supplies,Consumer,6,200.98,48.79
2022-07-13,North,Clothing,Consumer,2,104.95,31.22
2022-07-13,North,Food & Beverage,Corporate,6,124.42,19.62
2022-07-13,South,Clothing,Home Office,7,303.15,79.97
2022-07-13,South,Office Supplies,Consumer,5,155.97,48.6
2022-07-13,West,Clothing,Consumer,4,175.91,65.86
2022-07-13,South,Food & Beverage,Consumer,5,92.62,14.35
2022-07-13,South,Food & Beverage,Consumer,7,161.83,27.23
2022-07-13,North,Office Supplies,Consumer,3,85.18,29.53
2022-07-14,East,Food & Beverage,Consumer,2,43.15,5.85
2022-07-14,East,Office Supplies,Corporate,4,138.31,29.81
2022-07-14,South,Electronics,Consumer,6,1637.38,360.39
2022-07-15,South,Electronics,Consumer,1,290.74,62.79
2022-07-15,East,Electronics,Home Office,6,1494.31,191.52
2022-07-15,East,Electronics,Consumer,2,471.42,87.11
2022-07-15,North,Clothing,Consumer,2,105.79,27.72
2022-07-15,East,Office Supplies,Corporate,1,36.13,12.9
2022-07-15,West,Office Supplies,Consumer,6,184.6,42.78
2022-07-15,East,Electronics,Home Office,4,1200.47,203.75
2022-07-16,North,Office Supplies,Consumer,7,249.55,69.38
2022-07-16,South,Furniture,Consumer,2,805.3,158.52
2022-07-16,East,Furniture,Corporate,2,709.77,166.71
2022-07-16,East,Electronics,Corporate,7,1720.77,288.21
2022-07-16,West,Clothing,Consumer,5,268.81,85.67
2022-07-16,South,Electronics,Consumer,1,229.12,43.49
2022-07-16,West,Furniture,Home Office,1,402.16,75.34
2022-07-16,West,Clothing,Consumer,2,96.24,36.96
2022-07-17,East,Office Supplies,Home Office,1,36.11,7.31
2022-07-17,South,Food & Beverage,Corporate,1,22.11,2.34
2022-07-17,North,Clothing,Home Office,3,166.74,65.55
2022-07-17,East,Office Supplies,Corporate,1,29.18,8.34
2022-07-17,East,Furniture,Home Office,1,323.2,57.96
2022-07-17,West,Clothing,Home Office,1,43.74,19.81
2022-07-17,North,Clothing,Consumer,2,92.32,35.57
2022-07-17,North,Office Supplies,Consumer,7,218.12,67.31
2022-07-17,North,Electronics,Consumer,3,742.06,164.68
2022-07-18,West,Clothing,Consumer,5,216.54,86.23
2022-07-18,South,Furniture,Consumer,1,363.46,99.21
2022-07-18,East,Food & Beverage,Consumer,2,45.89,8.28
2022-07-18,West,Furniture,Corporate,7,2634.8,716.68
2022-07-19,North,Electronics,Consumer,2,569.71,73.02
2022-07-19,West,Clothing,Home Office,3,161.51,46.01
2022-07-19,North,Office Supplies,Consumer,6,169.84,51.02
2022-07-19,East,Electronics,Consumer,6,1471.81,287.62
2022-07-19,East,Office Supplies,Consumer,5,148.25,37.08
2022-07-20,East,Clothing,Consumer,7,321.08,90.09
2022-07-20,East,Electronics,Corporate,4,1170.35,179.91
2022-07-20,East,Electronics,Corporate,3,869.18,193.77
2022-07-20,North,Office Supplies,Home Office,5,141.14,40.95
2022-07-20,East,Food & Beverage,Consumer,6,132.75,20.36
2022-07-20,West,Office Supplies,Consumer,7,211.62,57.38
2022-07-20,North,Office Supplies,Consumer,6,221.87,59.36
2022-07-20,West,Furniture,Consumer,1,314.44,79.48
2022-07-20,West,Clothing,Corporate,3,149.57,53.21
2022-07-21,West,Office Supplies,Home Office,3,105.06,30.83
2022-07-22,North,Office Supplies,Consumer,1,29.11,7.89
2022-07-22,West,Food & Beverage,Corporate,2,44.0,5.66
2022-07-22,West,Furniture,Consumer,7,2255.45,519.17
2022-07-22,West,Office Supplies,Corporate,1,33.03,10.85
2022-07-22,West,Office Supplies,Corporate,6,194.78,66.25
2022-07-22,North,Office Supplies,Consumer,7,246.48,74.42
2022-07-23,West,Office Supplies,Consumer,1,31.67,7.61
2022-07-23,West,Furniture,Corporate,4,1341.91,232.67
2022-07-23,West,Electronics,Consumer,6,1462.45,310.73
2022-07-23,South,Furniture,Consumer,4,1420.48,404.52
2022-07-23,North,Furniture,Consumer,3,1018.3,212.63
2022-07-23,East,Furniture,Consumer,7,2590.02,485.53
2022-07-23,West,Office Supplies,Consumer,7,219.12,56.98
2022-07-23,South,Furniture,Corporate,3,1222.95,340.74
2022-07-24,North,Office Supplies,Consumer,1,29.84,10.39
2022-07-24,West,Electronics,Corporate,2,559.46,78.45
2022-07-24,East,Office Supplies,Corporate,3,108.92,21.96
2022-07-24,West,Electronics,Consumer,1,242.06,52.37
2022-07-25,North,Food & Beverage,Consumer,4,93.32,11.43
2022-07-25,South,Electronics,Consumer,3,843.19,136.18
2022-07-25,East,Office Supplies,Corporate,4,119.94,31.34
2022-07-25,South,Furniture,Consumer,1,369.14,84.34
2022-07-25,South,Clothing,Consumer,3,166.74,57.72
2022-07-25,East,Electronics,Corporate,7,1597.31,323.36
2022-07-25,South,Office Supplies,Home Office,4,121.25,41.79
2022-07-26,West,Electronics,Home Office,4,1043.07,230.63
2022-07-26,South,Clothing,Consumer,7,291.84,86.5
2022-07-26,East,Office Supplies,Consumer,4,115.32,31.05
2022-07-26,West,Food & Beverage,Consumer,1,18.95,3.45
2022-07-27,South,Office Supplies,Home Office,7,226.92,58.33
2022-07-27,East,Electronics,Consumer,1,251.97,35.58
2022-07-27,East,Furniture,Home Office,5,1752.02,309.45
2022-07-27,North,Clothing,Home Office,2,109.14,49.65
2022-07-27,North,Food & Beverage,Consumer,4,93.45,17.36
2022-07-27,North,Office Supplies,Corporate,5,159.39,55.21
2022-07-27,West,Clothing,Consumer,3,164.86,58.26
2022-07-27,North,Electronics,Consumer,1,279.43,56.61
2022-07-28,East,Clothing,Consumer,5,218.19,84.93
2022-07-28,West,Clothing,Consumer,1,55.75,21.0
2022-07-28,North,Electronics,Corporate,1,278.44,55.75
2022-07-28,North,Furniture,Consumer,7,2465.92,626.01
2022-07-28,North,Clothing,Consumer,6,289.26,109.54
2022-07-29,North,Furniture,Home Office,5,1988.36,521.86
2022-07-29,North,Food & Beverage,Corporate,2,44.4,8.16
2022-07-29,West,Clothing,Consumer,7,374.79,133.81
2022-07-29,North,Electronics,Consumer,2,583.02,79.9
2022-07-29,East,Office Supplies,Corporate,3,97.09,30.63
2022-07-29,South,Clothing,Consumer,7,362.59,149.85
2022-07-29,South,Food & Beverage,Corporate,6,124.31,20.12
2022-07-29,North,Clothing,Home Office,1,41.76,12.32
2022-07-29,West,Food & Beverage,Corporate,2,36.27,6.14
2022-07-29,North,Electronics,Consumer,2,558.35,102.49
2022-07-30,South,Food & Beverage,Corporate,6,108.97,14.58
2022-07-30,West,Furniture,Consumer,6,1947.49,363.55
2022-07-30,West,Food & Beverage,Consumer,3,66.72,10.63
2022-07-30,North,Furniture,Consumer,2,793.89,174.62
2022-07-30,South,Clothing,Consumer,6,285.64,86.81
2022-07-30,East,Food & Beverage,Home Office,6,123.48,16.19
2022-07-30,East,Clothing,Home Office,4,183.09,44.87
2022-07-30,North,Furniture,Home Office,4,1351.26,346.93
2022-07-30,East,Office Supplies,Consumer,4,137.65,28.45
2022-07-30,South,Electronics,Corporate,3,733.43,101.94
2022-07-30,East,Clothing,Consumer,6,333.46,83.25
2022-07-31,West,Clothing,Consumer,2,108.77,29.53
2022-07-31,East,Clothing,Home Office,2,97.65,38.73
2022-07-31,West,Clothing,Consumer,5,222.35,92.58
2022-07-31,West,Clothing,Consumer,4,219.88,99.23
2022-07-31,North,Clothing,Consumer,1,54.36,16.68
2022-07-31,North,Office Supplies,Home Office,4,116.81,27.62
2022-08-01,South,Office Supplies,Consumer,3,103.31,20.3
2022-08-01,West,Office Supplies,Consumer,5,176.46,47.49
2022-08-01,West,Electronics,Consumer,2,570.89,132.42
2022-08-01,West,Office Supplies,Corporate,1,31.34,6.7
2022-08-01,East,Food & Beverage,Corporate,5,113.35,13.87
2022-08-01,North,Clothing,Consumer,2,99.42,31.86
2022-08-01,North,Clothing,Corporate,7,323.5,115.04
2022-08-02,North,Clothing,Corporate,2,102.64,40.89
2022-08-02,South,Office Supplies,Consumer,5,167.66,58.58
2022-08-02,East,Food & Beverage,Home Office,6,104.44,16.82
2022-08-02,South,Furniture,Consumer,1,420.23,98.76
2022-08-02,East,Clothing,Corporate,7,375.33,93.06
2022-08-03,East,Electronics,Corporate,2,523.95,89.92
2022-08-03,South,Electronics,Consumer,1,224.0,45.71
2022-08-03,West,Clothing,Home Office,4,219.61,84.81
2022-08-03,West,Office Supplies,Home Office,2,70.88,15.0
2022-08-03,South,Food & Beverage,Home Office,3,69.6,11.68
2022-08-03,North,Office Supplies,Corporate,1,32.79,7.75
2022-08-04,North,Clothing,Consumer,1,51.88,14.96
2022-08-04,South,Office Supplies,Home Office,4,132.95,46.24
2022-08-04,North,Office Supplies,Home Office,5,166.56,43.79
2022-08-04,North,Clothing,Consumer,5,265.92,111.03
2022-08-04,East,Clothing,Consumer,2,111.75,45.05
2022-08-04,West,Food & Beverage,Home Office,2,42.62,7.66
2022-08-04,North,Electronics,Consumer,1,237.58,38.08
2022-08-04,North,Office Supplies,Consumer,3,87.95,29.25
2022-08-04,North,Food & Beverage,Consumer,5,102.6,17.82
2022-08-04,South,Food & Beverage,Home Office,7,126.31,15.04
2022-08-04,South,Electronics,Corporate,3,776.58,122.49
2022-08-04,North,Clothing,Consumer,3,147.64,41.46
2022-08-04,East,Food & Beverage,Home Office,7,142.54,27.48
2022-08-05,West,Food & Beverage,Consumer,3,62.7,8.6
2022-08-05,North,Office Supplies,Consumer,2,72.22,24.42
2022-08-05,South,Office Supplies,Consumer,7,223.53,46.31
2022-08-05,North,Clothing,Consumer,3,168.98,68.81
2022-08-06,East,Clothing,Corporate,5,231.15,62.96
2022-08-06,North,Clothing,Consumer,1,54.38,24.3
2022-08-06,North,Clothing,Consumer,7,357.81,118.77
2022-08-06,North,Office Supplies,Consumer,4,127.5,28.84
2022-08-06,East,Electronics,Corporate,7,2048.79,398.92
2022-08-06,East,Office Supplies,Home Office,7,238.68,62.1
2022-08-06,West,Office Supplies,Home Office,7,246.65,70.42
2022-08-06,East,Office Supplies,Consumer,7,215.75,64.45
2022-08-06,West,Electronics,Consumer,4,905.79,202.94
2022-08-06,East,Furniture,Corporate,2,769.58,215.65
2022-08-07,West,Food & Beverage,Corporate,4,72.88,12.66
2022-08-08,East,Electronics,Consumer,5,1454.1,228.37
2022-08-08,South,Office Supplies,Consumer,1,30.94,8.27
2022-08-09,East,Office Supplies,Home Office,3,102.79,32.45
2022-08-09,East,Office Supplies,Consumer,5,186.26,65.4
2022-08-09,South,Office Supplies,Consumer,4,128.11,28.48
2022-08-09,South,Furniture,Consumer,1,371.98,76.52
2022-08-09,East,Electronics,Home Office,5,1267.58,215.38
2022-08-10,West,Clothing,Corporate,4,197.62,81.74
2022-08-10,South,Food & Beverage,Consumer,7,163.3,22.4
2022-08-10,North,Furniture,Corporate,7,2472.04,474.74
2022-08-10,North,Electronics,Consumer,7,2093.38,418.37
2022-08-10,East,Clothing,Corporate,2,98.05,30.5
2022-08-10,North,Food & Beverage,Consumer,6,111.0,13.64
2022-08-11,North,Clothing,Home Office,7,341.01,117.23
2022-08-11,West,Electronics,Corporate,7,1933.03,420.46
2022-08-11,North,Food & Beverage,Corporate,5,110.01,16.93
2022-08-11,South,Electronics,Consumer,1,274.94,47.07
2022-08-11,East,Furniture,Home Office,1,359.22,87.92
2022-08-11,North,Electronics,Consumer,1,256.24,57.5
2022-08-12,North,Office Supplies,Consumer,4,118.87,33.33
2022-08-12,West,Food & Beverage,Home Office,5,97.97,12.58
2022-08-12,South,Furniture,Consumer,1,374.55,106.06
2022-08-12,West,Clothing,Home Office,3,152.66,56.77
2022-08-12,West,Office Supplies,Consumer,4,122.23,34.97
2022-08-13,South,Food & Beverage,Consumer,2,39.56,5.75
2022-08-13,South,Furniture,Consumer,5,1843.21,520.78
2022-08-13,North,Office Supplies,Consumer,6,200.98,63.26
2022-08-13,North,Furniture,Home Office,4,1357.23,300.82
2022-08-13,South,Clothing,Consumer,7,308.66,121.64
2022-08-14,West,Clothing,Home Office,1,47.02,17.3
2022-08-14,South,Office Supplies,Corporate,1,32.25,9.89
2022-08-15,East,Clothing,Consumer,4,193.03,65.92
2022-08-15,South,Electronics,Corporate,4,1057.6,218.24
2022-08-16,West,Electronics,Consumer,4,1179.47,211.76
2022-08-16,South,Office Supplies,Corporate,4,127.81,43.64
2022-08-16,East,Electronics,Corporate,2,494.65,71.73
2022-08-16,East,Food & Beverage,Consumer,7,143.79,20.9
2022-08-16,North,Office Supplies,Corporate,4,118.75,28.9
2022-08-16,North,Office Supplies,Corporate,1,29.58,6.31
2022-08-17,North,Food & Beverage,Home Office,2,37.83,5.28
2022-08-17,East,Office Supplies,Home Office,7,259.49,58.03
2022-08-17,West,Electronics,Consumer,5,1284.12,185.4
2022-08-18,West,Electronics,Consumer,6,1515.13,214.32
2022-08-18,West,Furniture,Consumer,5,1902.86,411.54
2022-08-18,South,Clothing,Consumer,3,156.78,67.9
2022-08-18,North,Furniture,Corporate,4,1413.5,222.0
2022-08-18,South,Furniture,Consumer,5,2013.61,441.05
2022-08-19,South,Furniture,Consumer,5,1928.12,319.09
2022-08-19,North,Food & Beverage,Corporate,4,72.76,12.61
2022-08-19,South,Clothing,Consumer,6,281.24,126.08
2022-08-19,East,Furniture,Consumer,5,1888.25,500.64
2022-08-19,East,Clothing,Consumer,3,127.47,52.11
2022-08-20,North,Furniture,Consumer,2,678.35,150.31
2022-08-20,West,Office Supplies,Consumer,1,32.99,6.63
2022-08-20,East,Food & Beverage,Consumer,7,142.15,22.7
2022-08-20,North,Clothing,Home Office,6,310.01,76.78
2022-08-20,East,Clothing,Consumer,5,238.46,104.35
2022-08-20,North,Furniture,Consumer,3,1143.85,199.38
2022-08-20,East,Office Supplies,Home Office,5,163.6,33.0
2022-08-21,West,Food & Beverage,Consumer,1,20.87,2.29
2022-08-21,West,Office Supplies,Home Office,1,29.94,7.57
2022-08-21,North,Furniture,Corporate,3,1251.4,306.26
2022-08-21,North,Furniture,Consumer,7,2845.13,765.81
2022-08-21,North,Electronics,Corporate,4,1049.43,196.93
2022-08-21,South,Clothing,Corporate,1,44.89,16.6
2022-08-21,East,Electronics,Consumer,4,941.99,161.51
2022-08-22,East,Office Supplies,Corporate,1,31.56,8.64
2022-08-22,South,Clothing,Consumer,7,330.29,140.84
2022-08-22,East,Office Supplies,Consumer,4,124.8,32.82
2022-08-23,East,Furniture,Consumer,6,2101.53,467.75
2022-08-23,South,Furniture,Home Office,1,395.13,91.72
2022-08-23,East,Clothing,Corporate,4,206.81,62.61
2022-08-23,North,Food & Beverage,Consumer,4,79.45,13.49
2022-08-24,East,Clothing,Home Office,2,101.11,34.51
2022-08-24,East,Office Supplies,Corporate,4,126.08,35.62
2022-08-24,North,Electronics,Consumer,4,1213.63,272.66
2022-08-24,South,Office Supplies,Corporate,7,244.2,61.84
2022-08-24,South,Food & Beverage,Consumer,5,107.43,14.05
2022-08-24,South,Electronics,Corporate,1,248.74,33.34
2022-08-25,North,Clothing,Consumer,4,190.15,67.26
2022-08-25,South,Food & Beverage,Home Office,6,145.02,20.78
2022-08-25,South,Furniture,Consumer,3,1249.39,267.32
2022-08-26,South,Furniture,Consumer,4,1592.73,348.26
2022-08-26,South,Food & Beverage,Home Office,2,47.58,6.31
2022-08-26,North,Electronics,Consumer,6,1721.9,271.94
2022-08-26,East,Office Supplies,Home Office,7,228.55,64.16
2022-08-26,South,Furniture,Consumer,4,1304.3,223.56
2022-08-27,South,Furniture,Corporate,7,2527.07,435.28
2022-08-27,South,Office Supplies,Home Office,3,104.88,28.19
2022-08-27,North,Furniture,Corporate,7,2359.65,503.89
2022-08-27,West,Food & Beverage,Corporate,6,137.94,18.51
2022-08-27,East,Furniture,Home Office,5,2080.07,381.46
2022-08-27,East,Furniture,Corporate,7,2454.8,391.59
2022-08-27,East,Food & Beverage,Home Office,7,164.04,30.35
2022-08-27,South,Electronics,Home Office,1,302.47,61.6
2022-08-27,East,Furniture,Corporate,4,1407.81,316.24
2022-08-27,East,Food & Beverage,Consumer,4,85.88,14.13
2022-08-28,South,Electronics,Consumer,2,549.74,101.53
2022-08-28,South,Furniture,Home Office,4,1374.44,234.55
2022-08-28,West,Office Supplies,Consumer,4,131.64,45.9
2022-08-28,East,Clothing,Consumer,1,57.88,24.15
2022-08-28,West,Clothing,Consumer,5,237.96,71.84
2022-08-28,West,Food & Beverage,Corporate,1,19.76,2.43
2022-08-28,North,Clothing,Home Office,5,216.61,72.6
2022-08-28,South,Furniture,Corporate,2,753.69,214.74
2022-08-29,West,Food & Beverage,Consumer,6,130.2,24.75
2022-08-29,South,Clothing,Consumer,6,306.11,119.16
2022-08-29,East,Food & Beverage,Consumer,2,48.14,5.33
2022-08-29,South,Clothing,Consumer,3,171.86,72.66
2022-08-29,North,Furniture,Corporate,1,358.57,94.16
2022-08-29,South,Clothing,Consumer,6,301.26,90.01
2022-08-29,North,Clothing,Consumer,4,187.08,48.02
2022-08-29,East,Food & Beverage,Consumer,4,75.48,10.74
2022-08-30,North,Food & Beverage,Consumer,5,96.94,12.86
2022-08-30,North,Food & Beverage,Corporate,7,140.4,24.48
2022-08-30,South,Food & Beverage,Consumer,3,69.2,8.07
2022-08-31,North,Furniture,Consumer,2,810.27,205.9
2022-08-31,North,Office Supplies,Home Office,4,128.16,36.77
2022-08-31,North,Office Supplies,Corporate,5,182.32,38.43
2022-08-31,West,Food & Beverage,Corporate,4,93.69,13.24
2022-08-31,North,Office Supplies,Home Office,7,242.09,70.43
2022-08-31,West,Electronics,Corporate,6,1789.61,407.83
2022-09-01,North,Food & Beverage,Home Office,7,143.34,18.47
2022-09-01,South,Clothing,Corporate,2,104.58,27.82
2022-09-01,West,Electronics,Home Office,5,1464.42,217.68
2022-09-01,West,Furniture,Home Office,3,1047.06,291.48
2022-09-01,East,Furniture,Consumer,7,2859.02,729.29
2022-09-01,South,Office Supplies,Consumer,5,156.61,47.34
2022-09-02,West,Food & Beverage,Home Office,1,22.47,4.09
2022-09-02,North,Furniture,Consumer,7,2466.17,405.26
2022-09-02,East,Food & Beverage,Corporate,6,142.69,23.8
2022-09-02,South,Clothing,Corporate,5,234.28,71.41
2022-09-02,South,Furniture,Home Office,2,792.78,203.79
2022-09-02,North,Office Supplies,Corporate,7,222.47,69.59
2022-09-02,South,Furniture,Consumer,7,2311.96,447.8
2022-09-03,East,Electronics,Corporate,6,1636.45,292.5
2022-09-03,North,Furniture,Consumer,3,1185.33,229.62
2022-09-03,North,Electronics,Corporate,5,1420.04,192.25
2022-09-03,East,Food & Beverage,Corporate,2,40.61,7.54
2022-09-03,East,Furniture,Consumer,6,2562.25,397.34
2022-09-03,North,Furniture,Corporate,1,444.52,70.24
2022-09-03,West,Office Supplies,Home Office,2,59.88,14.49
2022-09-03,West,Clothing,Corporate,3,178.52,53.6
2022-09-03,East,Food & Beverage,Consumer,6,115.74,16.91
2022-09-03,South,Food & Beverage,Consumer,4,98.43,16.68
2022-09-04,West,Food & Beverage,Corporate,7,168.28,27.71
2022-09-04,South,Furniture,Corporate,4,1667.54,364.0
2022-09-04,West,Electronics,Corporate,5,1554.37,281.83
2022-09-04,South,Office Supplies,Corporate,6,187.02,46.58
2022-09-04,East,Office Supplies,Home Office,3,90.68,23.47
2022-09-05,East,Electronics,Consumer,4,977.67,161.55
2022-09-05,South,Office Supplies,Consumer,4,145.01,39.73
2022-09-05,South,Furniture,Consumer,6,2143.13,476.2
2022-09-06,North,Clothing,Corporate,7,344.35,143.84
2022-09-06,North,Food & Beverage,Consumer,2,43.93,6.18
2022-09-06,South,Food & Beverage,Home Office,3,61.1,8.41
2022-09-06,South,Food & Beverage,Consumer,5,104.21,17.78
2022-09-06,West,Food & Beverage,Consumer,3,59.94,6.41
2022-09-06,East,Electronics,Consumer,3,728.02,108.27
2022-09-06,North,Food & Beverage,Consumer,2,37.59,5.28
2022-09-07,West,Office Supplies,Home Office,2,65.19,18.33
2022-09-07,East,Furniture,Home Office,1,415.72,93.33
2022-09-07,South,Food & Beverage,Consumer,2,48.82,7.31
2022-09-07,West,Furniture,Home Office,7,2390.5,384.34
2022-09-07,South,Furniture,Corporate,1,364.0,63.58
2022-09-07,West,Clothing,Consumer,5,234.89,78.32
2022-09-08,East,Office Supplies,Consumer,6,210.3,53.34
2022-09-08,North,Office Supplies,Home Office,4,151.76,34.1
2022-09-08,North,Office Supplies,Consumer,7,268.63,74.92
2022-09-08,North,Furniture,Home Office,5,1822.73,498.06
2022-09-08,North,Electronics,Home Office,5,1482.04,336.99
2022-09-08,East,Food & Beverage,Consumer,7,152.11,28.54
2022-09-09,West,Office Supplies,Corporate,2,76.55,17.49
2022-09-09,East,Furniture,Consumer,6,2135.05,446.14
2022-09-09,West,Office Supplies,Corporate,5,177.67,50.08
2022-09-09,West,Furniture,Corporate,2,761.85,208.05
2022-09-09,West,Clothing,Home Office,5,256.08,109.55
2022-09-09,South,Electronics,Corporate,5,1370.7,258.41
2022-09-09,South,Clothing,Consumer,5,278.68,106.29
2022-09-09,South,Food & Beverage,Corporate,7,154.6,24.4
2022-09-09,South,Office Supplies,Consumer,1,39.57,7.89
2022-09-09,West,Furniture,Consumer,6,2202.19,342.06
2022-09-09,North,Clothing,Consumer,5,249.65,101.38
2022-09-10,North,Food & Beverage,Corporate,3,74.41,11.18
2022-09-10,West,Food & Beverage,Consumer,2,44.15,5.2
2022-09-10,North,Electronics,Consumer,2,561.89,101.07
2022-09-10,North,Food & Beverage,Consumer,1,23.52,4.1
2022-09-10,South,Furniture,Corporate,6,2143.16,425.33
2022-09-11,West,Clothing,Corporate,7,373.36,140.24
2022-09-11,South,Food & Beverage,Consumer,7,163.66,21.09
2022-09-11,East,Office Supplies,Home Office,4,135.22,28.92
2022-09-11,South,Food & Beverage,Corporate,6,123.75,15.7
2022-09-11,West,Electronics,Corporate,1,241.23,49.3
2022-09-11,East,Furniture,Consumer,7,2410.44,611.57
2022-09-12,South,Food & Beverage,Consumer,3,58.84,10.98
2022-09-12,North,Food & Beverage,Home Office,4,78.16,12.84
2022-09-12,East,Electronics,Consumer,1,307.12,58.09
2022-09-12,North,Electronics,Corporate,6,1896.98,430.38
2022-09-12,South,Clothing,Home Office,6,346.77,155.7
2022-09-12,South,Electronics,Corporate,2,535.98,82.38
2022-09-13,East,Furniture,Consumer,3,1130.69,305.14
2022-09-13,East,Electronics,Consumer,4,1065.65,208.92
2022-09-14,North,Food & Beverage,Consumer,2,50.41,5.52
2022-09-14,North,Electronics,Corporate,3,934.6,159.02
2022-09-14,West,Food & Beverage,Corporate,5,123.73,17.09
2022-09-14,East,Furniture,Consumer,1,460.56,74.31
2022-09-14,East,Office Supplies,Consumer,7,238.32,52.91
2022-09-14,West,Electronics,Corporate,6,1878.89,377.36
2022-09-14,North,Office Supplies,Consumer,5,167.87,54.57
2022-09-14,North,Electronics,Consumer,6,1772.06,240.3
2022-09-14,North,Furniture,Corporate,2,824.72,216.52
2022-09-15,East,Office Supplies,Consumer,2,78.5,25.25
2022-09-15,East,Office Supplies,Corporate,1,32.97,11.24
2022-09-15,East,Electronics,Consumer,3,840.79,190.38
2022-09-15,South,Clothing,Home Office,6,336.6,123.45
2022-09-15,South,Electronics,Consumer,3,856.41,121.77
2022-09-15,North,Food & Beverage,Consumer,3,75.74,10.03
2022-09-16,East,Furniture,Home Office,1,440.2,85.88
2022-09-16,East,Furniture,Consumer,7,2748.23,708.7
2022-09-16,East,Office Supplies,Corporate,4,125.19,24.79
2022-09-16,East,Food & Beverage,Consumer,5,100.54,18.82
2022-09-17,West,Furniture,Corporate,6,2711.26,417.6
2022-09-17,South,Office Supplies,Corporate,7,229.37,56.66
2022-09-17,South,Furniture,Home Office,2,922.12,233.31
2022-09-17,West,Furniture,Consumer,5,1974.87,464.72
2022-09-17,North,Food & Beverage,Corporate,6,152.76,28.01
2022-09-17,East,Electronics,Corporate,1,287.7,61.69
2022-09-17,North,Electronics,Consumer,1,329.1,55.59
2022-09-17,North,Food & Beverage,Consumer,6,146.29,27.65
2022-09-17,South,Electronics,Consumer,4,1251.21,277.39
2022-09-17,East,Clothing,Consumer,7,325.38,80.19
2022-09-18,North,Food & Beverage,Consumer,2,39.17,6.59
2022-09-18,North,Food & Beverage,Corporate,6,127.17,19.13
2022-09-18,West,Furniture,Home Office,1,466.23,84.61
2022-09-19,North,Clothing,Corporate,5,233.22,94.22
2022-09-19,West,Office Supplies,Consumer,5,180.98,51.04
2022-09-19,North,Furniture,Consumer,6,2488.41,487.25
2022-09-19,North,Food & Beverage,Consumer,2,42.01,4.97
2022-09-19,East,Food & Beverage,Corporate,2,51.2,9.15
2022-09-20,South,Furniture,Consumer,3,1149.88,315.03
2022-09-20,North,Food & Beverage,Corporate,7,173.53,24.72
2022-09-20,North,Electronics,Consumer,3,777.66,152.6
2022-09-20,South,Food & Beverage,Consumer,3,75.63,10.55
2022-09-21,North,Food & Beverage,Corporate,3,65.4,7.85
2022-09-21,North,Clothing,Consumer,7,386.29,102.29
2022-09-21,North,Furniture,Corporate,3,1093.07,277.16
2022-09-21,North,Electronics,Corporate,6,1886.12,252.51
2022-09-21,West,Furniture,Home Office,6,2598.16,549.23
2022-09-21,North,Electronics,Consumer,1,254.25,32.43
2022-09-21,North,Food & Beverage,Corporate,7,163.92,17.68
2022-09-21,South,Office Supplies,Consumer,5,160.66,55.62
2022-09-22,South,Clothing,Home Office,1,54.8,22.75
2022-09-22,West,Clothing,Consumer,3,143.33,55.42
2022-09-22,South,Furniture,Consumer,6,2471.07,387.46
2022-09-22,North,Office Supplies,Consumer,7,287.25,82.46
2022-09-22,East,Clothing,Corporate,2,117.07,40.25
2022-09-22,South,Food & Beverage,Consumer,7,180.23,21.69
2022-09-22,North,Furniture,Consumer,1,356.44,96.7
2022-09-22,North,Clothing,Corporate,5,299.63,86.09
2022-09-22,North,Clothing,Corporate,4,245.6,82.22
2022-09-23,East,Furniture,Corporate,5,1941.6,303.74
2022-09-23,South,Electronics,Corporate,2,540.38,83.36
2022-09-23,South,Office Supplies,Corporate,7,258.28,85.32
2022-09-23,East,Clothing,Consumer,1,47.7,15.34
2022-09-23,North,Food & Beverage,Consumer,3,64.85,12.45
2022-09-23,North,Office Supplies,Consumer,1,31.83,9.98
2022-09-23,North,Office Supplies,Corporate,2,84.09,16.65
2022-09-23,East,Clothing,Consumer,1,58.82,22.81
2022-09-23,East,Electronics,Home Office,4,1026.57,181.58
2022-09-23,South,Furniture,Consumer,6,2423.15,511.45
2022-09-23,West,Office Supplies,Consumer,4,147.88,44.48
2022-09-23,West,Electronics,Home Office,2,683.77,119.82
2022-09-23,East,Electronics,Consumer,1,316.56,45.49
2022-09-24,North,Clothing,Home Office,3,161.42,42.18
2022-09-24,East,Electronics,Home Office,4,1017.5,199.12
2022-09-24,South,Furniture,Consumer,5,1907.37,391.77
2022-09-24,West,Furniture,Corporate,5,2230.58,399.69
2022-09-24,East,Electronics,Consumer,1,324.49,75.02
2022-09-24,North,Electronics,Consumer,7,2123.5,334.09
2022-09-24,East,Office Supplies,Consumer,2,64.35,14.2
2022-09-24,West,Food & Beverage,Consumer,6,135.97,23.33
2022-09-24,West,Electronics,Corporate,1,292.95,52.35
2022-09-25,East,Furniture,Corporate,6,2633.79,711.59
2022-09-25,West,Clothing,Home Office,1,53.41,18.11
2022-09-25,South,Food & Beverage,Corporate,4,83.22,16.01
2022-09-25,East,Food & Beverage,Home Office,7,170.67,18.73
2022-09-25,North,Clothing,Corporate,1,62.26,23.86
2022-09-25,South,Clothing,Home Office,3,185.28,50.95
2022-09-25,South,Food & Beverage,Home Office,5,117.13,20.83
2022-09-25,South,Food & Beverage,Consumer,2,44.54,6.28
2022-09-26,North,Electronics,Corporate,4,1368.6,183.15
2022-09-26,North,Food & Beverage,Home Office,2,45.44,5.41
2022-09-26,East,Clothing,Consumer,3,174.69,54.81
2022-09-26,East,Office Supplies,Consumer,3,124.8,32.35
2022-09-26,North,Clothing,Consumer,1,59.41,26.91
2022-09-26,East,Clothing,Corporate,3,151.45,63.27
2022-09-26,West,Clothing,Home Office,2,101.3,30.46
2022-09-26,North,Electronics,Corporate,1,260.58,32.86
2022-09-26,East,Clothing,Home Office,1,53.59,16.39
2022-09-27,South,Office Supplies,Home Office,7,266.52,83.4
2022-09-27,West,Electronics,Consumer,3,914.84,171.79
2022-09-27,West,Electronics,Consumer,3,897.87,201.41
2022-09-27,South,Clothing,Consumer,4,243.06,97.72
2022-09-28,West,Food & Beverage,Corporate,2,42.4,4.55
2022-09-28,East,Office Supplies,Corporate,3,102.63,29.23
2022-09-28,East,Clothing,Corporate,4,195.68,78.31
2022-09-28,South,Food & Beverage,Corporate,5,117.12,17.7
2022-09-29,East,Electronics,Consumer,1,309.53,63.73
2022-09-29,East,Clothing,Home Office,3,152.58,63.87
2022-09-29,West,Food & Beverage,Corporate,6,123.04,21.21
2022-09-29,East,Furniture,Consumer,6,2521.7,498.4
2022-09-29,North,Electronics,Corporate,4,1076.96,206.94
2022-09-30,East,Clothing,Corporate,4,230.83,61.63
2022-09-30,West,Food & Beverage,Corporate,2,42.45,8.12
2022-09-30,North,Office Supplies,Home Office,4,169.56,45.6
2022-09-30,West,Furniture,Consumer,3,1215.67,244.06
2022-09-30,West,Clothing,Home Office,6,382.11,116.66
2022-09-30,North,Food & Beverage,Home Office,1,20.45,3.39
2022-09-30,South,Food & Beverage,Consumer,6,131.97,24.28
2022-09-30,South,Food & Beverage,Corporate,3,74.93,11.21
2022-09-30,North,Food & Beverage,Consumer,4,84.13,12.42
2022-10-01,East,Office Supplies,Home Office,3,103.12,26.25
2022-10-01,South,Food & Beverage,Consumer,4,107.15,12.55
2022-10-01,North,Food & Beverage,Consumer,2,49.82,9.28
2022-10-01,West,Furniture,Consumer,6,2620.65,475.65
2022-10-01,South,Office Supplies,Consumer,2,73.92,26.4
2022-10-02,West,Clothing,Consumer,3,183.57,81.08
2022-10-02,West,Electronics,Corporate,5,1594.85,232.1
2022-10-02,South,Furniture,Corporate,6,2589.79,415.23
2022-10-02,West,Furniture,Corporate,3,1165.04,179.94
2022-10-02,North,Electronics,Consumer,7,2433.66,363.16
2022-10-02,North,Food & Beverage,Consumer,7,166.16,27.99
2022-10-02,East,Electronics,Consumer,5,1431.03,293.39
2022-10-02,South,Furniture,Consumer,1,480.78,93.62
2022-10-02,West,Food & Beverage,Consumer,2,44.39,7.9
2022-10-03,East,Electronics,Consumer,4,1223.18,176.02
2022-10-03,West,Office Supplies,Home Office,6,236.0,72.51
2022-10-04,North,Food & Beverage,Corporate,7,157.71,26.19
2022-10-04,North,Office Supplies,Home Office,2,82.68,21.69
2022-10-04,South,Electronics,Consumer,4,1270.02,163.45
2022-10-04,East,Clothing,Corporate,1,53.5,21.83
2022-10-04,South,Clothing,Consumer,5,263.6,107.6
2022-10-04,North,Office Supplies,Corporate,6,260.94,89.18
2022-10-05,East,Office Supplies,Consumer,1,40.98,9.29
2022-10-05,East,Office Supplies,Consumer,6,203.56,53.85
2022-10-05,East,Office Supplies,Consumer,4,163.16,48.08
2022-10-06,North,Office Supplies,Corporate,5,193.77,54.05
2022-10-06,South,Office Supplies,Home Office,3,113.36,34.97
2022-10-06,East,Electronics,Consumer,5,1749.07,316.55
2022-10-06,South,Office Supplies,Corporate,1,35.57,9.01
2022-10-06,South,Food & Beverage,Corporate,1,25.72,3.65
2022-10-06,South,Clothing,Home Office,7,433.68,112.07
2022-10-06,North,Clothing,Corporate,5,279.9,89.52
2022-10-07,North,Clothing,Home Office,2,130.15,49.79
2022-10-07,South,Electronics,Home Office,1,279.54,64.48
2022-10-07,North,Clothing,Home Office,2,119.1,53.35
2022-10-07,East,Office Supplies,Corporate,2,76.9,25.4
2022-10-07,South,Office Supplies,Consumer,4,141.0,43.67
2022-10-07,East,Furniture,Consumer,6,2775.35,718.13
2022-10-07,North,Clothing,Consumer,6,317.48,132.06
2022-10-08,West,Clothing,Consumer,6,395.46,136.1
2022-10-08,East,Electronics,Home Office,2,715.3,113.62
2022-10-08,South,Food & Beverage,Consumer,6,168.63,23.39
2022-10-08,North,Food & Beverage,Consumer,4,99.93,16.74
2022-10-08,North,Food & Beverage,Consumer,5,108.72,19.79
2022-10-09,North,Clothing,Home Office,3,180.76,66.64
2022-10-09,East,Food & Beverage,Consumer,4,97.34,14.37
2022-10-09,South,Office Supplies,Consumer,7,238.46,72.83
2022-10-09,North,Furniture,Corporate,4,1587.3,348.19
2022-10-09,East,Furniture,Corporate,2,767.65,166.96
2022-10-10,North,Clothing,Consumer,3,176.54,79.19
2022-10-10,North,Food & Beverage,Home Office,4,86.01,13.85
2022-10-10,East,Clothing,Home Office,3,172.13,66.76
2022-10-10,North,Clothing,Home Office,3,207.95,58.44
2022-10-10,East,Electronics,Consumer,1,357.65,78.23
2022-10-11,North,Food & Beverage,Consumer,7,170.79,24.26
2022-10-11,North,Food & Beverage,Corporate,2,57.1,9.78
2022-10-11,South,Furniture,Consumer,6,2800.89,756.21
2022-10-11,South,Food & Beverage,Consumer,2,56.08,9.31
2022-10-11,East,Clothing,Corporate,7,421.46,180.29
2022-10-11,South,Clothing,Corporate,3,203.0,74.81
2022-10-11,West,Electronics,Corporate,7,2072.83,383.14
2022-10-11,North,Clothing,Corporate,2,115.94,40.89
2022-10-11,East,Furniture,Consumer,7,3537.47,976.26
2022-10-12,East,Electronics,Consumer,1,356.81,45.55
2022-10-12,North,Clothing,Consumer,4,213.17,56.44
2022-10-12,North,Food & Beverage,Home Office,3,86.76,16.04
2022-10-12,North,Office Supplies,Corporate,2,80.2,19.91
2022-10-12,South,Electronics,Consumer,5,1642.0,360.44
2022-10-12,North,Furniture,Consumer,4,1783.13,334.05
2022-10-12,South,Electronics,Corporate,1,302.36,61.63
2022-10-12,North,Furniture,Consumer,5,2168.98,479.84
2022-10-13,South,Food & Beverage,Consumer,3,71.25,8.32
2022-10-13,West,Food & Beverage,Consumer,7,172.01,27.63
2022-10-13,East,Food & Beverage,Consumer,3,77.81,11.32
2022-10-13,East,Office Supplies,Corporate,4,140.56,35.4
2022-10-14,East,Clothing,Consumer,2,128.63,48.85
2022-10-14,North,Food & Beverage,Home Office,4,104.54,19.22
2022-10-14,West,Office Supplies,Consumer,4,186.29,48.04
2022-10-14,East,Clothing,Consumer,6,384.31,146.09
2022-10-14,West,Electronics,Corporate,3,931.15,185.6
2022-10-14,East,Food & Beverage,Consumer,2,57.35,9.57
2022-10-14,West,Furniture,Consumer,4,1686.31,431.42
2022-10-14,North,Electronics,Consumer,4,1119.74,235.67
2022-10-14,West,Food & Beverage,Corporate,7,174.67,31.42
2022-10-14,South,Clothing,Corporate,2,128.88,49.77
2022-10-14,North,Food & Beverage,Consumer,2,48.58,7.44
2022-10-15,West,Food & Beverage,Corporate,2,52.88,7.32
2022-10-15,North,Office Supplies,Consumer,6,263.53,91.74
2022-10-15,East,Furniture,Corporate,3,1218.5,294.97
2022-10-16,North,Food & Beverage,Corporate,5,128.77,24.43
2022-10-16,North,Office Supplies,Home Office,1,44.52,15.47
2022-10-16,West,Clothing,Consumer,5,265.95,86.59
2022-10-16,North,Food & Beverage,Consumer,7,156.18,28.16
2022-10-16,North,Electronics,Consumer,2,647.69,112.48
2022-10-17,West,Office Supplies,Corporate,2,78.08,23.93
2022-10-17,West,Office Supplies,Consumer,7,287.52,78.71
2022-10-17,South,Clothing,Consumer,6,415.99,116.86
2022-10-17,South,Clothing,Consumer,6,371.12,118.29
2022-10-17,South,Electronics,Home Office,1,372.04,83.11
2022-10-17,South,Office Supplies,Consumer,3,139.47,33.77
2022-10-18,West,Office Supplies,Consumer,4,175.26,41.59
2022-10-18,West,Office Supplies,Consumer,7,269.9,87.61
2022-10-18,North,Furniture,Consumer,4,2100.32,499.15
2022-10-18,North,Furniture,Home Office,2,811.94,190.71
2022-10-18,North,Office Supplies,Consumer,5,223.23,45.34
2022-10-18,North,Electronics,Home Office,7,2453.61,365.88
2022-10-18,South,Food & Beverage,Corporate,2,54.47,7.1
2022-10-19,North,Electronics,Corporate,1,352.2,49.35
2022-10-19,East,Furniture,Home Office,7,3038.37,486.64
2022-10-19,West,Furniture,Corporate,3,1252.35,331.21
2022-10-19,North,Clothing,Consumer,5,354.68,112.21
2022-10-19,South,Furniture,Consumer,3,1454.42,366.62
2022-10-19,West,Furniture,Consumer,6,3018.19,783.83
2022-10-19,South,Clothing,Home Office,6,416.41,154.19
2022-10-20,North,Clothing,Home Office,7,418.78,105.87
2022-10-20,South,Food & Beverage,Corporate,6,170.07,32.2
2022-10-20,North,Electronics,Consumer,2,617.68,116.37
2022-10-20,North,Office Supplies,Consumer,4,157.14,35.84
2022-10-20,West,Food & Beverage,Consumer,4,101.71,13.55
2022-10-21,South,Electronics,Home Office,7,2714.53,446.47
2022-10-21,East,Furniture,Corporate,5,2343.67,557.1
2022-10-21,North,Furniture,Corporate,4,1876.94,507.85
2022-10-22,East,Electronics,Corporate,5,1603.26,362.27
2022-10-22,South,Furniture,Consumer,3,1524.59,287.13
2022-10-22,West,Food & Beverage,Corporate,5,127.64,14.55
2022-10-22,East,Food & Beverage,Consumer,6,144.91,23.4
2022-10-22,West,Furniture,Home Office,1,480.0,105.34
2022-10-22,West,Food & Beverage,Home Office,3,70.65,9.32
2022-10-22,West,Electronics,Consumer,3,1142.98,195.2
2022-10-22,North,Office Supplies,Home Office,2,88.25,17.67
2022-10-22,South,Food & Beverage,Consumer,4,100.26,18.69
2022-10-23,North,Office Supplies,Corporate,6,284.16,58.49
2022-10-23,North,Office Supplies,Home Office,4,181.51,41.15
2022-10-23,East,Food & Beverage,Consumer,4,94.58,13.49
2022-10-23,North,Office Supplies,Corporate,7,334.36,103.48
2022-10-23,North,Office Supplies,Home Office,2,96.84,23.76
2022-10-24,North,Office Supplies,Consumer,3,122.12,34.48
2022-10-24,West,Furniture,Home Office,1,481.82,106.18
2022-10-24,East,Furniture,Home Office,7,3264.24,821.56
2022-10-24,East,Food & Beverage,Corporate,5,148.59,24.77
2022-10-24,North,Furniture,Corporate,2,1041.4,175.58
2022-10-25,West,Food & Beverage,Corporate,7,194.26,32.78
2022-10-25,West,Food & Beverage,Consumer,2,53.68,7.81
2022-10-25,South,Office Supplies,Home Office,6,287.49,83.7
2022-10-25,East,Electronics,Home Office,6,2235.17,408.27
2022-10-25,North,Office Supplies,Consumer,7,287.37,72.61
2022-10-25,North,Food & Beverage,Consumer,2,45.95,6.87
2022-10-25,North,Office Supplies,Home Office,7,297.18,62.59
2022-10-26,North,Office Supplies,Corporate,7,280.43,70.75
2022-10-26,West,Clothing,Corporate,5,370.49,115.74
2022-10-26,South,Office Supplies,Home Office,4,161.37,35.72
2022-10-26,East,Office Supplies,Consumer,1,49.25,16.32
2022-10-26,South,Clothing,Corporate,3,175.76,44.29
2022-10-26,South,Food & Beverage,Consumer,5,147.76,20.33
2022-10-26,North,Furniture,Corporate,7,3470.13,659.93
2022-10-27,North,Furniture,Consumer,4,1932.53,446.52
2022-10-27,North,Clothing,Corporate,6,378.39,141.47
2022-10-28,South,Food & Beverage,Corporate,2,59.93,8.23
2022-10-28,East,Furniture,Corporate,5,2544.49,711.03
2022-10-28,West,Office Supplies,Home Office,4,194.07,70.6
2022-10-28,East,Electronics,Consumer,4,1340.99,252.13
2022-10-28,West,Clothing,Consumer,6,374.95,103.24
2022-10-28,North,Electronics,Consumer,2,641.99,102.35
2022-10-28,East,Furniture,Consumer,5,2215.94,410.52
2022-10-28,South,Food & Beverage,Consumer,3,81.25,8.96
2022-10-29,South,Food & Beverage,Consumer,3,72.38,8.46
2022-10-29,South,Furniture,Consumer,7,3292.34,673.08
2022-10-29,East,Electronics,Corporate,4,1203.94,221.51
2022-10-29,East,Clothing,Consumer,1,69.04,18.87
2022-10-29,South,Office Supplies,Consumer,2,94.72,30.67
2022-10-29,North,Food & Beverage,Corporate,7,174.86,31.3
2022-10-29,East,Electronics,Consumer,2,703.55,119.6
2022-10-29,East,Furniture,Consumer,4,1846.68,498.64
2022-10-30,North,Furniture,Consumer,7,3079.71,691.09
2022-10-30,West,Food & Beverage,Corporate,1,26.81,4.04
2022-10-30,West,Furniture,Corporate,5,2170.02,568.09
2022-10-30,West,Electronics,Corporate,1,375.74,83.58
2022-10-30,West,Clothing,Consumer,7,529.07,146.43
2022-10-30,North,Furniture,Consumer,4,2017.32,539.13
2022-10-30,East,Office Supplies,Corporate,4,187.75,59.26
2022-10-31,East,Clothing,Consumer,4,287.33,74.49
2022-10-31,East,Office Supplies,Consumer,1,41.64,10.1
2022-10-31,East,Office Supplies,Home Office,7,313.6,69.92
2022-10-31,East,Clothing,Consumer,3,187.97,75.91
2022-10-31,South,Food & Beverage,Consumer,2,50.91,6.92
2022-10-31,East,Food & Beverage,Consumer,4,116.31,16.78
2022-10-31,East,Office Supplies,Home Office,7,296.08,104.59
2022-11-01,West,Furniture,Home Office,5,2720.96,452.55
2022-11-01,North,Furniture,Corporate,6,2946.97,658.74
2022-11-01,South,Clothing,Home Office,3,229.22,100.67
2022-11-01,West,Office Supplies,Corporate,7,339.72,89.83
2022-11-02,South,Electronics,Consumer,4,1575.54,357.92
2022-11-02,West,Electronics,Consumer,4,1431.29,213.84
2022-11-02,North,Clothing,Home Office,1,62.11,19.1
2022-11-02,East,Furniture,Corporate,7,3472.99,564.33
2022-11-02,East,Office Supplies,Consumer,3,133.78,38.82
2022-11-02,West,Clothing,Consumer,2,135.64,35.97
2022-11-02,South,Clothing,Corporate,4,287.73,84.24
2022-11-02,North,Food & Beverage,Home Office,3,76.61,14.38
2022-11-02,West,Food & Beverage,Consumer,5,161.1,20.46
2022-11-02,West,Office Supplies,Corporate,5,197.25,71.12
2022-11-02,North,Furniture,Consumer,6,2592.6,558.69
2022-11-02,North,Clothing,Corporate,7,462.49,150.15
2022-11-02,East,Furniture,Consumer,7,3945.96,1084.73
2022-11-03,North,Food & Beverage,Consumer,6,194.0,22.67
2022-11-03,North,Clothing,Home Office,3,223.86,86.74
2022-11-03,West,Furniture,Consumer,5,2798.87,545.47
2022-11-03,North,Office Supplies,Consumer,7,308.08,92.4
2022-11-03,South,Electronics,Consumer,2,801.77,133.31
2022-11-04,East,Food & Beverage,Corporate,6,164.27,25.96
2022-11-04,North,Office Supplies,Consumer,4,205.37,43.72
2022-11-04,North,Furniture,Consumer,7,3035.54,817.54
2022-11-04,South,Electronics,Corporate,4,1266.26,192.69
2022-11-04,East,Clothing,Consumer,1,66.46,28.42
2022-11-05,West,Furniture,Home Office,6,2978.34,685.48
2022-11-05,West,Office Supplies,Consumer,6,236.92,76.25
2022-11-05,East,Clothing,Corporate,2,136.55,43.17
2022-11-05,East,Office Supplies,Home Office,3,125.74,42.62
2022-11-05,East,Furniture,Consumer,5,2526.36,653.27
2022-11-05,North,Clothing,Consumer,3,223.62,62.3
2022-11-05,North,Furniture,Corporate,6,3306.96,836.45
2022-11-05,South,Clothing,Consumer,4,242.12,88.02
2022-11-06,North,Clothing,Consumer,7,533.83,152.02
2022-11-06,South,Electronics,Corporate,6,2246.63,434.87
2022-11-06,North,Furniture,Consumer,3,1444.56,342.1
2022-11-06,East,Furniture,Consumer,5,2395.36,446.2
2022-11-06,North,Clothing,Corporate,3,196.09,62.04
2022-11-06,West,Furniture,Corporate,5,2276.33,359.26
2022-11-06,North,Furniture,Consumer,4,1926.31,512.7
2022-11-06,South,Furniture,Consumer,4,2224.88,616.46
2022-11-06,East,Electronics,Consumer,2,725.22,154.2
2022-11-06,East,Clothing,Home Office,3,202.78,75.02
2022-11-06,West,Furniture,Home Office,6,3157.8,727.52
2022-11-07,North,Office Supplies,Consumer,3,121.23,35.72
2022-11-07,South,Furniture,Consumer,1,509.19,88.92
2022-11-07,West,Electronics,Corporate,6,2156.92,385.32
2022-11-07,North,Clothing,Consumer,4,235.25,61.47
2022-11-07,South,Furniture,Corporate,2,1072.6,242.66
2022-11-07,North,Office Supplies,Corporate,6,296.36,85.64
2022-11-07,South,Electronics,Corporate,5,1794.73,302.11
2022-11-08,West,Electronics,Consumer,1,319.49,73.57
2022-11-08,West,Office Supplies,Consumer,5,243.0,60.51
2022-11-08,East,Office Supplies,Corporate,5,200.72,39.77
2022-11-08,West,Furniture,Home Office,3,1431.57,337.03
2022-11-08,South,Clothing,Corporate,1,69.0,18.76
2022-11-08,North,Furniture,Consumer,1,492.5,86.83
2022-11-08,South,Electronics,Consumer,3,1066.69,188.04
2022-11-08,South,Electronics,Home Office,1,381.65,88.37
2022-11-08,North,Electronics,Consumer,4,1522.27,293.6
2022-11-08,South,Furniture,Home Office,2,1173.33,195.42
2022-11-08,East,Electronics,Consumer,7,2590.82,349.47
2022-11-09,South,Electronics,Corporate,6,2271.43,520.9
2022-11-09,North,Electronics,Home Office,5,1709.68,296.07
2022-11-09,East,Office Supplies,Consumer,1,41.72,13.72
2022-11-09,East,Furniture,Consumer,5,2966.06,472.78
2022-11-10,West,Food & Beverage,Corporate,2,63.06,8.55
2022-11-10,South,Electronics,Consumer,2,772.45,171.51
2022-11-10,North,Furniture,Corporate,3,1617.34,269.49
2022-11-10,South,Clothing,Corporate,7,457.7,157.17
2022-11-10,West,Clothing,Corporate,1,68.19,26.29
2022-11-10,North,Furniture,Home Office,6,2965.82,724.6
2022-11-10,North,Clothing,Consumer,2,119.02,53.41
2022-11-10,South,Office Supplies,Consumer,7,296.53,97.48
2022-11-11,North,Furniture,Corporate,7,4203.94,841.63
2022-11-11,West,Electronics,Corporate,3,976.2,191.56
2022-11-11,North,Office Supplies,Consumer,1,52.58,18.33
2022-11-11,North,Electronics,Consumer,7,2615.2,440.68
2022-11-11,South,Furniture,Consumer,2,1138.51,226.03
2022-11-11,East,Electronics,Corporate,7,2341.44,500.24
2022-11-11,South,Clothing,Consumer,5,398.08,145.01
2022-11-11,North,Electronics,Corporate,6,2489.12,500.0
2022-11-11,East,Furniture,Corporate,4,1951.96,442.7
2022-11-12,West,Electronics,Corporate,4,1335.05,223.27
2022-11-12,East,Electronics,Consumer,6,2071.59,427.42
2022-11-12,South,Electronics,Consumer,2,863.69,115.51
2022-11-12,North,Office Supplies,Corporate,7,375.95,115.05
2022-11-12,West,Food & Beverage,Consumer,4,104.81,11.96
2022-11-13,South,Clothing,Corporate,2,139.74,51.66
2022-11-13,North,Clothing,Corporate,7,428.23,184.64
2022-11-13,East,Food & Beverage,Home Office,7,198.64,38.37
2022-11-13,South,Office Supplies,Home Office,2,94.64,20.99
2022-11-13,East,Electronics,Consumer,1,414.25,54.1
2022-11-13,South,Food & Beverage,Home Office,7,204.36,31.9
2022-11-14,East,Electronics,Consumer,4,1632.68,285.76
2022-11-14,North,Office Supplies,Consumer,2,99.8,28.72
2022-11-14,South,Clothing,Consumer,7,541.51,176.79
2022-11-14,South,Furniture,Consumer,3,1460.48,300.76
2022-11-14,North,Electronics,Corporate,2,827.19,122.73
2022-11-14,South,Food & Beverage,Home Office,4,122.93,21.99
2022-11-14,South,Clothing,Home Office,7,468.48,180.46
2022-11-14,East,Clothing,Home Office,5,310.54,102.38
2022-11-14,South,Office Supplies,Consumer,5,226.95,82.18
2022-11-14,East,Furniture,Home Office,7,3847.11,620.15
2022-11-14,West,Clothing,Home Office,4,242.98,89.72
2022-11-15,East,Electronics,Consumer,1,361.59,67.63
2022-11-16,West,Clothing,Consumer,6,446.34,137.12
2022-11-16,South,Office Supplies,Corporate,1,47.36,9.44
2022-11-16,East,Food & Beverage,Consumer,3,79.25,15.39
2022-11-16,South,Furniture,Corporate,1,583.6,112.51
2022-11-16,East,Office Supplies,Consumer,1,53.55,13.97
2022-11-17,West,Clothing,Corporate,5,343.22,86.6
2022-11-17,South,Clothing,Consumer,3,235.54,102.97
2022-11-17,East,Food & Beverage,Home Office,3,83.61,10.35
2022-11-17,East,Office Supplies,Corporate,3,149.98,39.16
2022-11-17,South,Furniture,Consumer,7,4001.3,847.77
2022-11-18,West,Food & Beverage,Consumer,3,77.77,9.99
2022-11-18,North,Furniture,Home Office,6,3572.23,821.93
2022-11-18,West,Food & Beverage,Corporate,2,61.43,10.45
2022-11-18,South,Food & Beverage,Consumer,1,29.94,4.76
2022-11-18,North,Clothing,Consumer,3,220.99,67.07
2022-11-18,North,Office Supplies,Consumer,7,372.1,90.71
2022-11-18,East,Electronics,Consumer,2,718.67,102.84
2022-11-18,North,Office Supplies,Consumer,2,87.85,27.45
2022-11-19,North,Clothing,Home Office,7,514.26,211.72
2022-11-19,North,Office Supplies,Corporate,5,273.39,58.52
2022-11-19,West,Office Supplies,Consumer,1,44.32,13.18
2022-11-19,East,Electronics,Consumer,6,2434.95,496.46
2022-11-19,North,Office Supplies,Consumer,6,310.38,99.83
2022-11-20,East,Food & Beverage,Home Office,4,132.98,22.61
2022-11-20,East,Office Supplies,Home Office,2,90.93,29.02
2022-11-20,North,Furniture,Corporate,2,995.99,257.5
2022-11-20,East,Clothing,Corporate,3,225.97,74.66
2022-11-20,South,Furniture,Consumer,5,2424.41,409.42
2022-11-20,North,Electronics,Corporate,2,856.5,164.62
2022-11-20,North,Food & Beverage,Home Office,1,30.45,5.21
2022-11-21,South,Furniture,Home Office,2,1087.83,200.99
2022-11-21,East,Clothing,Consumer,3,230.64,84.73
2022-11-21,South,Furniture,Consumer,6,3046.5,505.88
2022-11-22,North,Food & Beverage,Home Office,5,160.38,28.92
2022-11-22,South,Furniture,Corporate,2,1045.15,181.75
2022-11-22,East,Office Supplies,Corporate,4,182.94,65.81
2022-11-23,North,Furniture,Consumer,5,2863.46,518.96
2022-11-23,North,Office Supplies,Consumer,4,168.43,44.04
2022-11-23,East,Clothing,Consumer,4,297.19,133.78
2022-11-23,North,Office Supplies,Consumer,5,279.51,93.47
2022-11-23,South,Food & Beverage,Consumer,1,30.12,4.45
2022-11-23,East,Furniture,Home Office,7,3984.03,1084.84
2022-11-23,North,Clothing,Corporate,5,379.4,116.68
2022-11-24,North,Office Supplies,Home Office,4,193.36,54.55
2022-11-25,East,Furniture,Corporate,4,1972.23,395.48
2022-11-25,North,Office Supplies,Consumer,4,201.86,46.8
2022-11-25,East,Clothing,Consumer,4,299.78,88.54
2022-11-25,West,Food & Beverage,Consumer,1,35.26,4.19
2022-11-25,South,Food & Beverage,Corporate,1,33.83,5.59
2022-11-26,North,Electronics,Consumer,6,2701.04,624.04
2022-11-26,East,Clothing,Corporate,4,289.95,115.48
2022-11-26,South,Clothing,Corporate,1,76.01,21.36
2022-11-26,West,Clothing,Consumer,1,83.86,31.55
2022-11-27,North,Electronics,Consumer,6,2605.17,513.93
2022-11-27,South,Food & Beverage,Home Office,4,122.25,17.52
2022-11-27,West,Clothing,Home Office,2,142.79,40.88
2022-11-27,West,Furniture,Home Office,4,2104.62,573.98
2022-11-27,East,Furniture,Corporate,6,3199.85,735.32
2022-11-27,North,Furniture,Corporate,2,1125.36,230.88
2022-11-28,West,Food & Beverage,Consumer,3,80.36,9.34
2022-11-28,South,Electronics,Consumer,7,2840.48,461.74
2022-11-28,East,Clothing,Corporate,4,271.45,82.77
2022-11-28,North,Food & Beverage,Consumer,6,171.73,19.74
2022-11-28,West,Furniture,Consumer,5,2561.3,598.43
2022-11-29,South,Furniture,Consumer,1,634.0,126.29
2022-11-29,West,Office Supplies,Consumer,5,229.33,47.29
2022-11-30,West,Electronics,Corporate,4,1458.24,298.37
2022-11-30,North,Food & Beverage,Consumer,3,106.86,14.53
2022-11-30,West,Food & Beverage,Home Office,1,31.29,3.35
2022-11-30,West,Clothing,Home Office,6,402.19,130.93
2022-11-30,West,Furniture,Home Office,5,2831.32,649.83
2022-11-30,East,Clothing,Home Office,2,137.87,40.63
2022-11-30,West,Clothing,Home Office,2,174.34,69.63
2022-11-30,North,Clothing,Corporate,5,326.72,102.1
2022-12-01,South,Furniture,Consumer,2,1010.07,246.18
2022-12-01,North,Electronics,Consumer,7,2993.04,550.82
2022-12-01,South,Electronics,Corporate,3,1270.73,290.98
2022-12-01,West,Office Supplies,Home Office,1,45.88,13.31
2022-12-01,West,Office Supplies,Home Office,7,362.51,91.11
2022-12-01,North,Clothing,Corporate,7,514.95,152.78
2022-12-01,East,Furniture,Consumer,4,2428.11,686.32
2022-12-01,North,Clothing,Consumer,5,354.54,126.29
2022-12-01,West,Furniture,Corporate,4,2129.38,603.14
2022-12-02,North,Office Supplies,Consumer,3,134.56,43.51
2022-12-02,East,Food & Beverage,Consumer,4,114.84,13.16
2022-12-02,West,Furniture,Consumer,5,2835.05,513.25
2022-12-02,South,Office Supplies,Corporate,5,265.26,69.25
2022-12-02,West,Office Supplies,Consumer,1,44.04,11.18
2022-12-02,North,Electronics,Corporate,5,2080.43,306.27
2022-12-03,West,Food & Beverage,Consumer,6,184.81,28.95
2022-12-03,North,Office Supplies,Corporate,6,323.45,82.6
2022-12-03,West,Clothing,Consumer,7,532.93,168.71
2022-12-03,West,Clothing,Consumer,6,462.05,128.66
2022-12-03,South,Electronics,Home Office,3,1060.68,133.86
2022-12-03,South,Furniture,Consumer,3,1561.16,266.07
2022-12-03,West,Food & Beverage,Corporate,6,197.27,30.36
2022-12-03,North,Office Supplies,Home Office,7,347.03,79.01
2022-12-04,North,Food & Beverage,Consumer,6,166.38,19.14
2022-12-04,North,Office Supplies,Consumer,6,283.75,100.19
2022-12-04,West,Clothing,Consumer,6,403.02,146.88
2022-12-04,East,Electronics,Consumer,7,2883.47,470.82
2022-12-04,North,Office Supplies,Corporate,6,290.29,81.32
2022-12-04,North,Clothing,Corporate,6,483.1,210.11
2022-12-04,North,Clothing,Consumer,1,80.09,20.95
2022-12-04,South,Clothing,Consumer,3,261.7,105.97
2022-12-04,East,Office Supplies,Home Office,2,114.16,22.49
2022-12-05,North,Electronics,Consumer,2,931.84,141.26
2022-12-05,East,Furniture,Corporate,1,533.83,89.28
2022-12-05,North,Electronics,Consumer,5,2169.84,352.16
2022-12-05,North,Electronics,Consumer,7,3085.05,535.77
2022-12-05,South,Furniture,Consumer,4,2553.65,409.07
2022-12-05,West,Food & Beverage,Consumer,6,183.2,30.25
2022-12-06,South,Electronics,Consumer,7,3081.64,493.81
2022-12-06,South,Food & Beverage,Consumer,6,214.61,37.44
2022-12-06,North,Furniture,Consumer,4,2368.29,663.85
2022-12-06,West,Clothing,Corporate,2,156.72,42.16
2022-12-06,South,Furniture,Consumer,1,533.13,150.45
2022-12-06,East,Furniture,Consumer,1,607.95,148.03
2022-12-06,West,Food & Beverage,Corporate,2,63.98,6.83
2022-12-07,North,Clothing,Consumer,7,534.89,213.28
2022-12-07,East,Furniture,Consumer,1,659.03,131.72
2022-12-07,South,Clothing,Consumer,3,221.45,98.94
2022-12-07,North,Clothing,Corporate,1,70.48,30.49
2022-12-08,West,Food & Beverage,Corporate,3,99.3,13.07
2022-12-08,North,Food & Beverage,Corporate,6,192.27,36.35
2022-12-08,West,Electronics,Consumer,1,438.84,66.23
2022-12-08,East,Clothing,Consumer,3,232.95,76.94
2022-12-08,West,Food & Beverage,Consumer,5,170.24,29.18
2022-12-08,North,Office Supplies,Corporate,2,96.3,19.16
2022-12-09,East,Clothing,Consumer,3,261.55,112.23
2022-12-09,East,Office Supplies,Corporate,7,347.33,81.56
2022-12-09,West,Office Supplies,Corporate,1,53.04,14.68
2022-12-09,North,Furniture,Consumer,7,4313.2,872.27
2022-12-09,South,Furniture,Corporate,2,1228.89,332.45
2022-12-09,North,Electronics,Home Office,2,764.95,99.45
2022-12-09,North,Office Supplies,Consumer,5,262.27,82.35
2022-12-09,South,Office Supplies,Home Office,4,223.58,54.22
2022-12-10,North,Office Supplies,Consumer,5,253.74,90.65
2022-12-10,South,Furniture,Consumer,6,3472.46,708.1
2022-12-10,East,Clothing,Consumer,6,433.47,187.06
2022-12-10,South,Furniture,Corporate,4,2562.06,596.17
2022-12-10,West,Office Supplies,Consumer,7,389.79,111.99
2022-12-10,South,Electronics,Consumer,3,1080.51,143.69
2022-12-11,South,Clothing,Corporate,4,305.26,99.6
2022-12-11,South,Office Supplies,Consumer,4,215.1,49.1
2022-12-11,East,Clothing,Corporate,6,485.01,130.16
2022-12-11,North,Clothing,Consumer,3,268.44,90.81
2022-12-11,East,Electronics,Consumer,1,362.18,61.45
2022-12-12,East,Office Supplies,Corporate,6,345.01,86.9
2022-12-12,East,Furniture,Home Office,3,1914.6,479.48
2022-12-12,North,Clothing,Consumer,3,270.87,121.76
2022-12-12,North,Clothing,Home Office,2,166.54,65.33
2022-12-12,North,Food & Beverage,Consumer,4,124.8,24.24
2022-12-12,South,Electronics,Consumer,2,967.62,141.47
2022-12-13,North,Furniture,Home Office,1,545.8,132.94
2022-12-13,East,Electronics,Home Office,3,1213.53,167.52
2022-12-13,East,Electronics,Consumer,1,366.95,51.85
2022-12-13,East,Clothing,Consumer,2,138.14,44.18
2022-12-14,North,Clothing,Consumer,7,584.1,215.77
2022-12-14,North,Furniture,Home Office,4,2143.23,367.75
2022-12-14,North,Furniture,Home Office,2,1024.13,285.35
2022-12-14,North,Clothing,Consumer,6,440.31,146.9
2022-12-14,West,Electronics,Consumer,6,2691.49,515.28
2022-12-14,South,Furniture,Home Office,6,3662.97,618.69
2022-12-14,West,Clothing,Consumer,7,622.52,228.27
2022-12-14,North,Clothing,Consumer,5,428.05,193.88
2022-12-15,West,Food & Beverage,Corporate,7,253.51,41.99
2022-12-15,East,Food & Beverage,Home Office,6,203.52,21.77
2022-12-15,West,Food & Beverage,Home Office,7,247.6,31.9
2022-12-15,North,Clothing,Corporate,7,552.1,192.4
2022-12-15,South,Food & Beverage,Corporate,2,63.4,9.51
2022-12-15,East,Food & Beverage,Consumer,5,141.69,22.02
2022-12-15,East,Food & Beverage,Corporate,4,129.06,15.9
2022-12-16,South,Electronics,Home Office,5,1923.64,247.77
2022-12-16,North,Electronics,Corporate,6,2612.17,434.44
2022-12-16,West,Electronics,Home Office,2,968.97,210.99
2022-12-16,West,Furniture,Consumer,2,1087.58,249.78
2022-12-16,West,Furniture,Home Office,1,518.6,132.1
2022-12-16,North,Furniture,Consumer,7,4776.26,919.47
2022-12-17,East,Electronics,Consumer,6,2507.73,356.96
2022-12-17,East,Office Supplies,Consumer,3,147.01,42.57
2022-12-17,East,Furniture,Home Office,2,1077.68,288.59
2022-12-17,South,Food & Beverage,Home Office,6,196.14,24.46
2022-12-17,East,Electronics,Consumer,5,2183.42,334.11
2022-12-17,North,Furniture,Consumer,4,2150.06,449.12
2022-12-17,North,Clothing,Consumer,5,408.31,158.35
2022-12-18,East,Electronics,Consumer,2,880.2,142.1
2022-12-18,West,Furniture,Consumer,5,3275.81,909.94
2022-12-18,North,Electronics,Corporate,6,2862.27,511.61
2022-12-18,North,Food & Beverage,Consumer,5,169.71,31.47
2022-12-18,North,Electronics,Home Office,2,819.08,112.7
2022-12-18,East,Electronics,Corporate,3,1181.19,181.44
2022-12-18,North,Electronics,Home Office,1,376.82,77.66
2022-12-19,West,Food & Beverage,Corporate,2,75.34,9.96
2022-12-19,South,Furniture,Consumer,3,1801.92,378.38
2022-12-19,West,Furniture,Consumer,2,1098.65,307.08
2022-12-19,West,Food & Beverage,Consumer,5,191.05,23.7
2022-12-19,North,Furniture,Consumer,6,3300.9,896.8
2022-12-19,North,Electronics,Corporate,1,495.55,83.61
2022-12-19,East,Clothing,Home Office,3,222.52,55.83
2022-12-19,West,Electronics,Consumer,7,2955.17,414.17
2022-12-19,East,Office Supplies,Consumer,3,144.72,31.76
2022-12-19,East,Furniture,Consumer,7,3976.52,1068.76
2022-12-19,North,Clothing,Corporate,4,314.88,97.62
2022-12-19,North,Furniture,Home Office,7,4034.61,887.84
2022-12-20,South,Office Supplies,Corporate,6,327.41,76.77
2022-12-20,North,Clothing,Consumer,6,474.37,130.11
2022-12-21,North,Furniture,Consumer,6,3435.15,951.18
2022-12-21,East,Electronics,Consumer,3,1155.17,265.71
2022-12-21,North,Food & Beverage,Consumer,2,70.26,12.68
2022-12-21,South,Clothing,Home Office,3,270.33,79.33
2022-12-21,West,Office Supplies,Corporate,4,191.6,54.44
2022-12-21,East,Electronics,Corporate,5,2453.76,365.62
2022-12-22,East,Furniture,Corporate,1,533.35,151.15
2022-12-22,East,Clothing,Consumer,1,76.4,33.43
2022-12-22,East,Office Supplies,Consumer,3,156.28,47.75
2022-12-22,East,Office Supplies,Consumer,2,109.91,38.14
2022-12-22,West,Clothing,Consumer,1,88.67,39.66
2022-12-22,East,Electronics,Corporate,1,454.56,74.49
2022-12-22,North,Electronics,Corporate,2,749.34,156.67
2022-12-23,South,Clothing,Corporate,7,506.55,213.75
2022-12-23,North,Furniture,Corporate,7,3665.53,701.83
2022-12-23,North,Office Supplies,Corporate,5,280.51,63.9
2022-12-23,South,Clothing,Consumer,5,415.85,120.35
2022-12-23,North,Furniture,Consumer,3,1896.34,342.52
2022-12-23,North,Office Supplies,Corporate,3,187.35,66.04
2022-12-23,East,Office Supplies,Corporate,2,96.19,28.12
2022-12-23,East,Furniture,Consumer,6,3766.72,667.96
2022-12-23,East,Food & Beverage,Consumer,2,71.44,7.6
2022-12-23,North,Electronics,Consumer,5,2389.2,530.22
2022-12-23,North,Electronics,Corporate,4,1936.79,277.33
2022-12-24,West,Electronics,Consumer,7,3463.46,477.7
2022-12-24,East,Office Supplies,Consumer,1,52.82,16.32
2022-12-24,East,Office Supplies,Corporate,5,300.09,79.29
2022-12-25,South,Office Supplies,Consumer,1,57.05,16.86
2022-12-25,North,Clothing,Corporate,6,447.46,184.86
2022-12-25,West,Furniture,Consumer,4,2635.05,605.81
2022-12-25,North,Electronics,Consumer,1,428.42,98.81
2022-12-25,East,Clothing,Corporate,5,470.09,183.18
2022-12-25,West,Office Supplies,Corporate,4,196.84,49.95
2022-12-25,East,Office Supplies,Consumer,2,120.17,25.78
2022-12-25,West,Food & Beverage,Consumer,6,232.8,25.37
2022-12-25,East,Furniture,Consumer,5,2785.73,480.89
2022-12-25,North,Clothing,Corporate,7,512.74,231.08
2022-12-25,North,Electronics,Consumer,5,2190.67,454.89
2022-12-25,South,Electronics,Consumer,2,777.33,129.0
2022-12-26,North,Electronics,Corporate,6,2712.02,359.31
2022-12-26,West,Electronics,Home Office,3,1467.88,249.87
2022-12-26,North,Food & Beverage,Consumer,1,38.31,6.11
2022-12-26,West,Clothing,Corporate,4,289.71,114.33
2022-12-26,North,Electronics,Consumer,1,415.08,91.32
2022-12-27,East,Clothing,Home Office,2,184.12,57.46
2022-12-27,East,Electronics,Home Office,4,1666.88,367.58
2022-12-27,South,Food & Beverage,Consumer,7,272.38,49.86
2022-12-28,South,Food & Beverage,Home Office,3,90.9,14.82
2022-12-29,West,Furniture,Consumer,2,1231.19,330.13
2022-12-29,West,Electronics,Consumer,2,1008.71,157.29
2022-12-29,West,Clothing,Consumer,3,223.68,66.54
2022-12-29,South,Electronics,Consumer,3,1306.68,237.77
2022-12-29,South,Electronics,Corporate,2,756.01,95.4
2022-12-30,West,Electronics,Home Office,4,1655.91,299.81
2022-12-30,North,Food & Beverage,Home Office,6,204.14,35.37
2022-12-30,North,Furniture,Corporate,6,3665.57,1046.2
2022-12-31,North,Clothing,Corporate,1,89.27,25.8
2022-12-31,West,Clothing,Consumer,1,78.62,27.52
2022-12-31,South,Office Supplies,Home Office,1,50.55,11.64
2022-12-31,North,Clothing,Corporate,1,76.79,34.13
2022-12-31,North,Electronics,Corporate,2,954.39,175.7
2022-12-31,South,Office Supplies,Corporate,4,244.85,49.65
2022-12-31,North,Furniture,Consumer,3,1724.12,386.96
2022-12-31,East,Furniture,Corporate,3,1838.5,312.79
2023-01-01,East,Clothing,Consumer,2,144.14,46.75
2023-01-01,West,Office Supplies,Corporate,4,246.06,83.94
2023-01-01,North,Office Supplies,Consumer,6,344.18,98.62
2023-01-01,East,Food & Beverage,Consumer,1,38.94,6.93
2023-01-01,East,Electronics,Consumer,2,999.56,146.5
2023-01-01,West,Clothing,Home Office,1,88.15,32.46
2023-01-01,East,Food & Beverage,Consumer,4,147.72,25.76
2023-01-01,East,Clothing,Consumer,1,77.66,28.52
2023-01-01,South,Clothing,Home Office,7,643.43,239.75
2023-01-01,South,Furniture,Consumer,1,582.19,147.81
2023-01-01,East,Office Supplies,Corporate,6,378.83,75.04
2023-01-01,North,Furniture,Home Office,2,1362.9,291.67
2023-01-02,East,Clothing,Home Office,6,483.09,149.2
2023-01-02,North,Food & Beverage,Corporate,1,30.83,3.56
2023-01-02,East,Food & Beverage,Corporate,4,145.93,19.31
2023-01-02,West,Furniture,Corporate,2,1168.52,246.66
2023-01-02,North,Food & Beverage,Corporate,7,248.68,44.01
2023-01-03,East,Furniture,Consumer,5,2688.03,536.28
2023-01-03,South,Office Supplies,Consumer,2,125.45,25.03
2023-01-03,West,Electronics,Consumer,3,1321.71,260.07
2023-01-03,South,Furniture,Home Office,4,2253.85,594.36
2023-01-03,South,Office Supplies,Home Office,2,111.98,32.19
2023-01-03,West,Electronics,Consumer,6,2424.68,530.83
2023-01-03,South,Food & Beverage,Consumer,1,36.45,3.97
2023-01-03,West,Furniture,Consumer,6,3261.1,926.41
2023-01-03,South,Office Supplies,Home Office,3,144.72,47.01
2023-01-04,West,Office Supplies,Consumer,5,245.47,71.28
2023-01-04,North,Food & Beverage,Corporate,5,170.52,18.52
2023-01-04,West,Office Supplies,Consumer,6,322.36,75.94
2023-01-04,North,Clothing,Corporate,5,443.6,196.98
2023-01-04,East,Furniture,Home Office,7,3832.36,732.87
2023-01-05,North,Food & Beverage,Consumer,2,64.45,7.66
2023-01-05,West,Food & Beverage,Consumer,6,239.01,43.96
2023-01-05,North,Office Supplies,Consumer,4,218.34,56.03
2023-01-05,West,Clothing,Corporate,5,483.15,124.46
2023-01-05,South,Electronics,Corporate,1,465.27,70.66
2023-01-05,West,Electronics,Home Office,7,3244.27,473.1
2023-01-05,North,Furniture,Consumer,5,3336.13,846.04
2023-01-06,South,Office Supplies,Home Office,7,390.95,130.99
2023-01-06,South,Furniture,Consumer,3,2125.3,543.68
2023-01-06,South,Food & Beverage,Home Office,5,194.83,26.46
2023-01-06,South,Electronics,Consumer,2,815.46,120.6
2023-01-06,North,Furniture,Home Office,4,2426.98,688.53
2023-01-06,North,Office Supplies,Consumer,1,60.34,21.91
2023-01-06,West,Food & Beverage,Corporate,7,271.49,51.38
2023-01-06,West,Office Supplies,Consumer,3,159.13,54.19
2023-01-06,North,Electronics,Corporate,7,3281.81,595.68
2023-01-07,West,Food & Beverage,Corporate,5,197.13,28.94
2023-01-07,South,Electronics,Consumer,5,2002.06,442.38
2023-01-07,East,Office Supplies,Consumer,4,204.59,49.49
2023-01-07,South,Clothing,Consumer,1,85.56,34.77
2023-01-07,East,Furniture,Home Office,5,3541.29,832.8
2023-01-07,West,Office Supplies,Consumer,7,349.83,88.92
2023-01-07,West,Office Supplies,Home Office,3,178.87,41.58
2023-01-07,West,Furniture,Consumer,3,1809.58,406.62
2023-01-07,North,Furniture,Consumer,1,645.68,154.73
2023-01-07,South,Furniture,Home Office,4,2243.72,580.02
2023-01-08,East,Food & Beverage,Consumer,7,249.46,26.69
2023-01-08,East,Furniture,Corporate,7,4197.62,673.38
2023-01-09,North,Furniture,Corporate,7,4520.07,1038.37
2023-01-09,West,Electronics,Consumer,4,1799.02,278.92
2023-01-09,North,Clothing,Consumer,3,257.67,96.94
2023-01-09,West,Office Supplies,Home Office,3,154.28,39.14
2023-01-09,East,Furniture,Consumer,1,717.41,191.21
2023-01-09,East,Furniture,Consumer,3,2161.94,609.56
2023-01-09,North,Office Supplies,Corporate,1,57.41,11.43
2023-01-09,North,Furniture,Consumer,2,1425.45,331.22
2023-01-09,West,Furniture,Consumer,3,1875.63,402.07
2023-01-10,South,Food & Beverage,Corporate,6,233.9,40.59
2023-01-10,South,Office Supplies,Corporate,1,48.94,14.26
2023-01-10,South,Clothing,Consumer,5,432.68,170.73
2023-01-10,South,Food & Beverage,Home Office,6,241.39,34.25
2023-01-10,East,Electronics,Corporate,4,1904.33,391.32
2023-01-11,South,Food & Beverage,Corporate,7,225.62,34.67
2023-01-11,North,Electronics,Consumer,7,3577.77,537.95
2023-01-11,North,Clothing,Home Office,4,297.46,107.72
2023-01-11,North,Office Supplies,Consumer,6,389.59,93.04
2023-01-11,South,Clothing,Consumer,4,350.6,118.53
2023-01-11,South,Furniture,Consumer,4,2559.05,672.64
2023-01-11,West,Office Supplies,Consumer,4,207.89,57.59
2023-01-11,South,Electronics,Home Office,1,448.45,88.94
2023-01-11,North,Food & Beverage,Corporate,6,214.18,40.43
2023-01-11,East,Furniture,Consumer,7,4291.2,791.34
2023-01-11,East,Furniture,Corporate,5,3070.32,873.56
2023-01-12,West,Clothing,Consumer,5,379.11,147.83
2023-01-12,East,Food & Beverage,Home Office,1,34.71,4.03
2023-01-12,South,Electronics,Consumer,1,403.16,89.28
2023-01-12,North,Office Supplies,Consumer,7,340.79,108.73
2023-01-12,East,Electronics,Consumer,4,1590.42,362.1
2023-01-12,South,Furniture,Consumer,4,2908.12,801.22
2023-01-12,East,Office Supplies,Consumer,4,247.84,51.72
2023-01-12,North,Furniture,Consumer,5,2732.22,573.36
2023-01-12,North,Office Supplies,Consumer,1,51.95,16.43
2023-01-12,West,Electronics,Corporate,6,2777.32,384.35
2023-01-13,East,Office Supplies,Consumer,7,400.93,96.48
2023-01-13,West,Food & Beverage,Consumer,6,219.31,40.97
2023-01-13,South,Office Supplies,Corporate,2,123.52,41.62
2023-01-13,South,Food & Beverage,Consumer,7,227.32,26.41
2023-01-13,South,Food & Beverage,Home Office,1,35.8,5.79
2023-01-13,South,Food & Beverage,Corporate,1,34.97,5.79
2023-01-13,South,Office Supplies,Consumer,6,353.6,92.38
2023-01-13,South,Clothing,Consumer,1,76.84,26.93
2023-01-14,South,Office Supplies,Corporate,6,330.05,106.88
2023-01-14,South,Clothing,Corporate,7,611.12,224.59
2023-01-14,South,Food & Beverage,Consumer,6,217.38,42.33
2023-01-14,East,Furniture,Consumer,6,3738.79,651.62
2023-01-14,West,Office Supplies,Home Office,6,310.64,72.33
2023-01-14,North,Clothing,Corporate,1,78.11,20.25
2023-01-14,North,Clothing,Consumer,7,666.38,282.04
2023-01-14,South,Clothing,Corporate,1,90.59,27.38
2023-01-14,West,Electronics,Home Office,2,804.86,178.01
2023-01-14,South,Food & Beverage,Consumer,3,120.57,17.07
2023-01-14,East,Clothing,Home Office,7,672.87,197.51
2023-01-14,North,Electronics,Home Office,3,1386.22,177.69
2023-01-15,South,Food & Beverage,Corporate,5,154.87,26.61
2023-01-15,North,Food & Beverage,Consumer,3,119.11,14.12
2023-01-15,North,Clothing,Consumer,5,395.84,105.29
2023-01-15,East,Office Supplies,Corporate,1,51.08,18.12
2023-01-15,West,Office Supplies,Corporate,6,387.98,110.13
2023-01-15,North,Furniture,Consumer,5,3590.13,824.06
2023-01-16,East,Clothing,Consumer,2,166.83,61.64
2023-01-16,South,Food & Beverage,Corporate,7,215.2,31.62
2023-01-16,North,Electronics,Consumer,7,3563.04,788.65
2023-01-16,North,Food & Beverage,Consumer,1,32.04,5.57
2023-01-16,East,Clothing,Consumer,2,157.37,65.89
2023-01-16,East,Furniture,Consumer,1,663.7,152.06
2023-01-16,North,Food & Beverage,Consumer,6,195.07,25.28
2023-01-17,East,Office Supplies,Corporate,7,374.55,90.36
2023-01-17,West,Furniture,Consumer,7,4807.46,1005.77
2023-01-17,East,Electronics,Corporate,6,2391.41,397.79
2023-01-17,North,Electronics,Home Office,1,441.8,91.11
2023-01-17,South,Electronics,Consumer,7,2980.87,482.94
2023-01-17,South,Office Supplies,Consumer,5,269.68,60.06
2023-01-17,North,Food & Beverage,Home Office,1,38.96,4.68
2023-01-18,South,Food & Beverage,Corporate,1,32.43,5.67
2023-01-18,South,Electronics,Consumer,7,2886.33,603.35
2023-01-18,East,Clothing,Home Office,6,526.68,164.72
2023-01-18,West,Electronics,Consumer,6,2811.03,461.08
2023-01-18,East,Food & Beverage,Consumer,3,97.81,14.57
2023-01-18,South,Electronics,Home Office,3,1228.01,166.47
2023-01-19,North,Furniture,Home Office,4,2930.64,835.35
2023-01-19,West,Food & Beverage,Consumer,6,206.02,37.02
2023-01-19,West,Clothing,Corporate,7,679.91,232.79
2023-01-19,North,Furniture,Home Office,5,3312.5,701.93
2023-01-19,North,Office Supplies,Consumer,6,342.56,122.08
2023-01-19,North,Office Supplies,Home Office,2,130.73,33.58
2023-01-19,North,Clothing,Corporate,7,571.07,213.14
2023-01-20,North,Clothing,Consumer,3,252.22,82.76
2023-01-20,West,Clothing,Corporate,1,93.7,35.21
2023-01-20,North,Food & Beverage,Consumer,2,67.59,10.84
2023-01-20,South,Clothing,Consumer,2,151.44,60.6
2023-01-20,South,Electronics,Home Office,1,481.42,81.07
2023-01-20,West,Furniture,Consumer,4,2741.82,445.83
2023-01-20,West,Clothing,Home Office,4,317.52,103.25
2023-01-20,East,Office Supplies,Corporate,2,112.96,28.5
2023-01-20,South,Electronics,Corporate,7,3262.64,509.39
2023-01-20,North,Food & Beverage,Consumer,1,34.72,4.92
2023-01-21,South,Food & Beverage,Home Office,7,239.91,38.99
2023-01-21,North,Electronics,Consumer,2,1015.53,131.59
2023-01-21,North,Office Supplies,Consumer,2,111.68,27.01
2023-01-21,North,Office Supplies,Home Office,7,363.42,130.71
2023-01-21,East,Electronics,Consumer,6,2888.35,650.35
2023-01-21,South,Electronics,Consumer,7,3131.53,502.49
2023-01-22,West,Electronics,Home Office,6,2533.92,533.37
2023-01-22,North,Clothing,Corporate,6,517.71,131.24
2023-01-22,East,Furniture,Consumer,2,1427.72,257.66
2023-01-23,North,Food & Beverage,Consumer,5,187.76,28.54
2023-01-23,South,Furniture,Corporate,4,2544.24,514.41
2023-01-23,West,Office Supplies,Consumer,3,179.78,39.85
2023-01-23,West,Furniture,Corporate,4,2406.19,603.65
2023-01-23,North,Clothing,Consumer,7,617.2,265.66
2023-01-24,South,Clothing,Corporate,6,553.35,244.23
2023-01-24,East,Food & Beverage,Consumer,4,160.44,20.97
2023-01-24,East,Clothing,Home Office,5,463.12,156.77
2023-01-24,North,Clothing,Consumer,1,86.0,33.64
2023-01-24,East,Food & Beverage,Home Office,7,241.0,35.45
2023-01-24,South,Furniture,Consumer,3,1991.19,369.18
2023-01-25,East,Food & Beverage,Corporate,1,34.85,6.51
2023-01-25,East,Office Supplies,Corporate,7,389.03,116.18
2023-01-25,West,Office Supplies,Consumer,2,101.08,30.9
2023-01-25,South,Electronics,Consumer,4,1765.65,296.36
2023-01-25,East,Food & Beverage,Corporate,1,34.97,3.97
2023-01-26,North,Food & Beverage,Consumer,7,285.4,43.85
2023-01-27,South,Electronics,Consumer,6,2670.24,607.13
2023-01-27,East,Office Supplies,Corporate,4,223.55,61.79
2023-01-27,North,Electronics,Consumer,7,3466.09,610.86
2023-01-27,North,Furniture,Consumer,4,2445.17,696.55
2023-01-27,West,Clothing,Consumer,6,527.38,143.65
2023-01-27,East,Clothing,Home Office,6,457.32,175.03
2023-01-27,West,Office Supplies,Consumer,6,311.58,89.68
2023-01-28,North,Office Supplies,Corporate,7,352.92,89.86
2023-01-28,West,Office Supplies,Consumer,5,326.71,113.86
2023-01-28,South,Furniture,Corporate,6,4420.92,1025.9
2023-01-28,North,Clothing,Consumer,3,279.79,111.7
2023-01-28,North,Office Supplies,Consumer,5,261.16,76.44
2023-01-28,South,Electronics,Consumer,4,1996.95,454.83
2023-01-28,South,Office Supplies,Corporate,5,256.27,62.66
2023-01-28,North,Food & Beverage,Consumer,7,262.17,29.07
2023-01-28,South,Office Supplies,Corporate,3,163.18,35.53
2023-01-28,West,Clothing,Consumer,6,569.89,153.08
2023-01-28,North,Furniture,Consumer,2,1378.47,336.19
2023-01-29,West,Clothing,Corporate,4,384.2,159.12
2023-01-29,East,Office Supplies,Consumer,5,299.8,102.89
2023-01-29,West,Office Supplies,Consumer,1,51.32,14.26
2023-01-29,North,Food & Beverage,Consumer,4,127.57,22.98
2023-01-29,East,Food & Beverage,Consumer,1,33.07,4.71
2023-01-29,South,Clothing,Home Office,2,181.52,54.83
2023-01-29,South,Electronics,Consumer,7,2998.11,613.84
2023-01-29,North,Office Supplies,Home Office,4,214.48,55.6
2023-01-30,North,Furniture,Consumer,2,1352.86,330.67
2023-01-30,North,Electronics,Corporate,5,2542.25,404.1
2023-01-30,East,Furniture,Home Office,3,2014.06,353.35
2023-01-30,West,Office Supplies,Home Office,1,60.1,17.33
2023-01-30,East,Furniture,Corporate,6,3675.78,850.76
2023-01-30,East,Furniture,Corporate,7,3905.41,859.81
2023-01-31,West,Clothing,Consumer,5,401.01,101.18
2023-01-31,East,Food & Beverage,Consumer,4,124.38,21.54
2023-01-31,South,Furniture,Corporate,6,3418.62,872.81
2023-01-31,North,Clothing,Consumer,7,657.13,240.29
2023-01-31,North,Food & Beverage,Corporate,2,69.59,9.71
2023-02-01,North,Food & Beverage,Corporate,7,252.26,44.18
2023-02-01,East,Food & Beverage,Consumer,7,219.16,32.02
2023-02-01,West,Electronics,Corporate,3,1567.18,339.12
2023-02-01,East,Food & Beverage,Consumer,6,186.42,21.37
2023-02-01,North,Electronics,Consumer,6,3123.4,544.81
2023-02-01,East,Office Supplies,Corporate,4,203.55,66.28
2023-02-02,North,Office Supplies,Consumer,2,107.73,28.21
2023-02-02,East,Food & Beverage,Consumer,3,103.67,14.07
2023-02-02,West,Furniture,Consumer,4,2959.73,725.7
2023-02-02,North,Clothing,Home Office,6,465.76,126.07
2023-02-03,North,Electronics,Consumer,4,1992.16,325.1
2023-02-03,East,Food & Beverage,Consumer,6,232.06,32.34
2023-02-03,West,Furniture,Consumer,6,3768.31,903.72
2023-02-03,West,Office Supplies,Home Office,4,218.66,63.46
2023-02-03,North,Office Supplies,Consumer,4,218.76,59.5
2023-02-04,North,Clothing,Consumer,3,283.46,78.37
2023-02-04,South,Electronics,Corporate,7,3017.69,510.82
2023-02-04,North,Furniture,Home Office,5,2806.9,615.51
2023-02-04,North,Furniture,Consumer,1,667.42,109.55
2023-02-04,East,Office Supplies,Home Office,6,391.95,134.33
2023-02-04,South,Clothing,Home Office,4,391.99,109.86
2023-02-04,North,Electronics,Corporate,4,1602.0,288.85
2023-02-04,South,Clothing,Consumer,6,477.47,185.93
2023-02-04,South,Electronics,Home Office,7,3320.64,630.95
2023-02-04,South,Office Supplies,Consumer,2,122.72,42.42
2023-02-05,North,Food & Beverage,Corporate,4,132.28,15.44
2023-02-05,West,Furniture,Consumer,4,2420.71,670.92
2023-02-06,West,Office Supplies,Consumer,6,354.68,87.16
2023-02-06,North,Electronics,Home Office,7,3739.6,490.48
2023-02-06,North,Food & Beverage,Home Office,3,97.23,12.45
2023-02-06,West,Office Supplies,Consumer,1,61.8,19.82
2023-02-06,East,Office Supplies,Corporate,2,108.84,25.18
2023-02-06,North,Food & Beverage,Home Office,5,206.46,23.83
2023-02-06,South,Electronics,Consumer,3,1527.74,317.87
2023-02-06,South,Furniture,Home Office,1,666.05,172.15
2023-02-07,North,Office Supplies,Consumer,2,128.91,35.38
2023-02-07,West,Electronics,Corporate,5,2148.08,492.58
2023-02-07,East,Office Supplies,Corporate,6,351.6,73.27
2023-02-07,South,Food & Beverage,Home Office,7,260.36,44.14
2023-02-07,East,Clothing,Home Office,3,222.8,76.68
2023-02-07,North,Office Supplies,Consumer,7,354.01,100.43
2023-02-07,South,Electronics,Corporate,1,450.75,104.98
2023-02-07,North,Electronics,Home Office,1,482.99,62.81
2023-02-08,East,Furniture,Corporate,6,3534.46,663.62
2023-02-08,North,Furniture,Consumer,7,4488.57,1207.45
2023-02-08,East,Furniture,Consumer,7,4431.47,863.58
2023-02-08,North,Clothing,Home Office,7,548.74,219.29
2023-02-09,East,Furniture,Corporate,6,3744.74,1021.86
2023-02-09,North,Electronics,Corporate,5,2102.19,489.09
2023-02-09,South,Food & Beverage,Consumer,1,40.11,7.7
2023-02-10,North,Furniture,Home Office,5,2957.45,558.86
2023-02-10,North,Clothing,Home Office,4,355.36,105.56
2023-02-10,North,Electronics,Home Office,7,3590.89,674.28
2023-02-10,West,Office Supplies,Corporate,4,217.66,64.43
2023-02-10,East,Clothing,Consumer,3,299.79,104.53
2023-02-10,South,Food & Beverage,Corporate,7,265.9,28.99
2023-02-10,South,Electronics,Consumer,5,2209.47,391.02
2023-02-11,North,Food & Beverage,Corporate,4,159.78,29.49
2023-02-11,West,Office Supplies,Consumer,1,53.58,17.97
2023-02-11,East,Clothing,Consumer,7,616.56,266.13
2023-02-12,South,Furniture,Consumer,2,1484.62,250.66
2023-02-12,South,Electronics,Consumer,3,1591.93,282.89
2023-02-12,North,Electronics,Consumer,3,1559.58,360.87
2023-02-12,East,Furniture,Home Office,4,2686.15,569.55
2023-02-12,South,Office Supplies,Consumer,1,58.95,17.51
2023-02-12,East,Furniture,Consumer,1,681.78,125.63
2023-02-12,South,Furniture,Corporate,5,3078.35,582.63
2023-02-13,North,Food & Beverage,Consumer,5,169.22,19.64
2023-02-13,South,Electronics,Corporate,3,1201.66,187.01
2023-02-13,West,Food & Beverage,Home Office,1,38.67,4.26
2023-02-13,East,Clothing,Corporate,7,568.7,153.81
2023-02-13,East,Furniture,Corporate,2,1226.81,300.55
2023-02-13,South,Office Supplies,Corporate,6,348.97,93.49
2023-02-13,South,Food & Beverage,Consumer,6,249.72,44.3
2023-02-13,West,Electronics,Consumer,6,2661.68,609.34
2023-02-14,East,Food & Beverage,Consumer,5,207.02,37.71
2023-02-14,North,Electronics,Consumer,6,2742.68,461.13
2023-02-14,East,Office Supplies,Consumer,2,110.74,29.37
2023-02-14,North,Office Supplies,Consumer,4,267.38,85.49
2023-02-14,North,Clothing,Corporate,3,257.05,105.45
2023-02-14,West,Electronics,Corporate,2,1009.73,231.46
2023-02-14,East,Office Supplies,Consumer,6,333.01,96.98
2023-02-14,West,Furniture,Consumer,5,3304.23,585.86
2023-02-14,East,Food & Beverage,Corporate,7,251.78,30.53
2023-02-15,South,Furniture,Corporate,4,2406.1,657.48
2023-02-15,North,Electronics,Home Office,3,1468.6,234.74
2023-02-15,East,Office Supplies,Consumer,7,365.92,125.98
2023-02-15,North,Furniture,Consumer,7,4498.69,1165.84
2023-02-16,South,Clothing,Home Office,2,195.89,87.43
2023-02-16,East,Furniture,Consumer,6,3568.12,552.55
2023-02-16,East,Electronics,Consumer,1,473.17,106.95
2023-02-16,North,Food & Beverage,Consumer,5,174.57,20.96
2023-02-16,North,Food & Beverage,Consumer,2,73.16,10.05
2023-02-16,North,Office Supplies,Consumer,1,50.81,16.41
2023-02-17,East,Furniture,Consumer,6,3758.9,708.12
2023-02-17,West,Furniture,Consumer,2,1259.48,338.94
2023-02-17,South,Clothing,Consumer,5,413.6,134.2
2023-02-17,West,Office Supplies,Consumer,6,298.97,96.95
2023-02-18,South,Food & Beverage,Consumer,4,134.09,18.35
2023-02-18,East,Furniture,Consumer,5,3242.37,568.82
2023-02-18,North,Food & Beverage,Consumer,4,141.29,19.74
2023-02-18,East,Office Supplies,Consumer,3,193.46,55.12
2023-02-18,South,Electronics,Home Office,7,3400.48,688.53
2023-02-19,East,Food & Beverage,Corporate,3,94.59,14.51
2023-02-19,West,Electronics,Consumer,7,3578.18,626.45
2023-02-19,East,Office Supplies,Corporate,2,123.93,43.56
2023-02-19,North,Office Supplies,Consumer,4,232.15,79.59
2023-02-19,South,Food & Beverage,Home Office,4,142.81,17.1
2023-02-19,South,Clothing,Home Office,2,179.86,63.03
2023-02-19,East,Clothing,Home Office,2,181.62,54.83
2023-02-19,North,Clothing,Consumer,3,268.08,87.12
2023-02-19,South,Clothing,Home Office,4,350.8,146.09
2023-02-20,West,Electronics,Consumer,3,1385.56,313.22
2023-02-20,South,Clothing,Consumer,4,335.71,127.9
2023-02-20,West,Food & Beverage,Corporate,4,136.4,14.7
2023-02-20,North,Electronics,Consumer,1,407.91,70.46
2023-02-20,South,Electronics,Consumer,2,1035.58,164.27
2023-02-21,North,Electronics,Corporate,4,1924.31,344.38
2023-02-21,West,Electronics,Consumer,7,2795.11,448.96
2023-02-21,North,Food & Beverage,Corporate,5,182.33,28.22
2023-02-21,West,Clothing,Home Office,4,361.43,112.56
2023-02-21,North,Electronics,Corporate,6,2893.56,484.17
2023-02-21,East,Food & Beverage,Consumer,7,233.95,31.46
2023-02-21,West,Food & Beverage,Corporate,5,200.04,30.5
2023-02-22,West,Clothing,Consumer,1,73.9,26.04
2023-02-22,North,Office Supplies,Corporate,2,116.16,40.39
2023-02-22,West,Clothing,Corporate,3,252.44,114.69
2023-02-22,East,Electronics,Home Office,6,2547.42,363.57
2023-02-23,North,Electronics,Consumer,3,1374.68,237.97
2023-02-23,West,Electronics,Corporate,4,2021.2,397.24
2023-02-23,South,Clothing,Consumer,3,298.46,117.31
2023-02-23,North,Electronics,Consumer,7,2953.49,446.43
2023-02-23,South,Furniture,Corporate,1,594.57,106.31
2023-02-23,South,Electronics,Consumer,4,1600.33,300.6
2023-02-24,West,Office Supplies,Home Office,3,155.24,39.55
2023-02-24,East,Electronics,Consumer,1,512.86,80.86
2023-02-24,South,Furniture,Corporate,7,3899.73,1091.52
2023-02-25,East,Clothing,Home Office,4,316.98,89.35
2023-02-25,North,Electronics,Consumer,7,3301.87,594.83
2023-02-25,East,Furniture,Consumer,1,553.44,100.97
2023-02-25,North,Clothing,Corporate,2,192.45,73.15
2023-02-25,North,Furniture,Corporate,2,1413.29,305.0
2023-02-25,East,Clothing,Consumer,6,564.28,199.0
2023-02-25,West,Furniture,Consumer,2,1171.29,308.64
2023-02-25,East,Food & Beverage,Corporate,4,134.38,17.06
2023-02-26,East,Electronics,Consumer,7,3392.89,456.74
2023-02-26,West,Food & Beverage,Consumer,3,110.67,18.99
2023-02-26,North,Food & Beverage,Corporate,6,232.03,31.22
2023-02-26,South,Food & Beverage,Consumer,1,40.68,5.23
2023-02-26,North,Electronics,Corporate,3,1307.52,217.59
2023-02-26,East,Office Supplies,Home Office,5,315.7,63.58
2023-02-26,North,Furniture,Corporate,1,664.3,106.91
2023-02-27,South,Furniture,Consumer,1,721.71,187.97
2023-02-27,North,Clothing,Consumer,2,172.35,47.79
2023-02-27,North,Furniture,Home Office,5,3461.84,751.56
2023-02-27,East,Office Supplies,Corporate,7,434.23,108.68
2023-02-27,East,Furniture,Corporate,2,1245.74,225.57
2023-02-27,East,Electronics,Corporate,2,1054.6,147.71
2023-02-27,North,Food & Beverage,Home Office,1,34.82,5.02
2023-02-27,North,Clothing,Consumer,6,532.48,171.03
2023-02-27,East,Clothing,Home Office,4,354.48,90.02
2023-02-27,West,Furniture,Consumer,6,3478.54,601.55
2023-02-27,North,Food & Beverage,Consumer,6,218.77,36.75
2023-02-27,West,Food & Beverage,Consumer,1,41.07,5.94
2023-02-28,South,Food & Beverage,Corporate,6,210.06,23.94
2023-02-28,East,Furniture,Corporate,5,2828.52,481.0
2023-02-28,East,Food & Beverage,Home Office,7,216.28,33.87
2023-02-28,West,Food & Beverage,Consumer,3,110.94,18.36
2023-02-28,North,Furniture,Corporate,5,3578.75,940.68
2023-02-28,East,Office Supplies,Home Office,6,348.55,123.85
2023-02-28,North,Furniture,Corporate,1,712.15,149.28
2023-02-28,West,Clothing,Consumer,3,247.27,65.84
2023-03-01,East,Food & Beverage,Consumer,3,109.78,20.78
2023-03-01,West,Electronics,Consumer,1,426.09,76.88
2023-03-01,West,Food & Beverage,Corporate,1,36.36,5.22
2023-03-01,West,Furniture,Consumer,4,2464.38,638.63
2023-03-01,West,Electronics,Corporate,3,1414.99,270.98
2023-03-01,East,Office Supplies,Home Office,5,276.06,81.29
2023-03-01,North,Furniture,Corporate,6,3845.96,1037.69
2023-03-02,West,Clothing,Corporate,2,171.68,58.31
2023-03-02,South,Clothing,Home Office,3,232.29,92.73
2023-03-02,East,Furniture,Corporate,3,2216.79,410.43
2023-03-03,South,Food & Beverage,Consumer,2,66.51,12.22
2023-03-03,South,Food & Beverage,Consumer,7,249.36,30.37
2023-03-03,North,Electronics,Home Office,7,3653.45,493.15
2023-03-03,East,Food & Beverage,Home Office,1,39.66,5.88
2023-03-04,South,Food & Beverage,Corporate,6,222.63,35.19
2023-03-04,West,Clothing,Home Office,2,194.37,54.37
2023-03-04,East,Office Supplies,Consumer,6,302.37,92.6
2023-03-04,East,Food & Beverage,Home Office,1,37.14,6.61
2023-03-04,South,Office Supplies,Home Office,1,52.91,18.17
2023-03-04,North,Office Supplies,Consumer,4,239.5,85.48
2023-03-05,North,Food & Beverage,Consumer,5,195.95,25.87
2023-03-05,West,Clothing,Consumer,7,531.35,162.71
2023-03-05,West,Food & Beverage,Corporate,7,267.8,35.0
2023-03-05,North,Furniture,Consumer,6,4195.82,821.78
2023-03-05,West,Food & Beverage,Corporate,7,237.09,35.91
2023-03-05,South,Electronics,Home Office,5,2276.51,491.58
2023-03-06,North,Office Supplies,Consumer,3,154.95,32.74
2023-03-06,North,Food & Beverage,Corporate,6,195.14,21.04
2023-03-06,South,Furniture,Corporate,5,3629.79,903.85
2023-03-06,North,Food & Beverage,Corporate,1,30.6,5.76
2023-03-06,North,Food & Beverage,Corporate,5,164.42,21.03
2023-03-08,West,Office Supplies,Consumer,5,312.11,89.48
2023-03-08,South,Electronics,Consumer,1,516.27,99.57
2023-03-09,North,Office Supplies,Corporate,4,213.03,60.79
2023-03-09,West,Furniture,Corporate,3,1822.86,289.34
2023-03-09,West,Office Supplies,Corporate,3,157.91,47.27
2023-03-09,South,Clothing,Consumer,2,187.34,75.25
2023-03-09,East,Clothing,Consumer,3,267.37,87.87
2023-03-10,South,Food & Beverage,Home Office,6,217.51,25.72
2023-03-10,South,Food & Beverage,Corporate,7,239.78,26.5
2023-03-10,South,Office Supplies,Home Office,6,294.59,72.24
2023-03-10,North,Clothing,Home Office,6,525.49,198.96
2023-03-11,West,Furniture,Corporate,3,1816.61,479.16
2023-03-11,East,Electronics,Corporate,4,1562.3,359.67
2023-03-11,East,Furniture,Consumer,6,4364.95,1151.85
2023-03-11,North,Clothing,Consumer,3,216.99,61.73
2023-03-11,North,Office Supplies,Home Office,3,160.38,51.96
2023-03-11,West,Furniture,Consumer,6,3779.49,734.34
2023-03-11,North,Clothing,Consumer,1,97.51,23.91
2023-03-12,South,Furniture,Consumer,1,691.56,158.22
2023-03-12,East,Electronics,Corporate,4,1591.31,290.54
2023-03-12,South,Office Supplies,Home Office,2,100.28,26.01
2023-03-12,North,Clothing,Consumer,2,150.93,64.3
2023-03-12,East,Food & Beverage,Consumer,4,142.94,26.89
2023-03-13,East,Office Supplies,Corporate,7,346.83,68.92
2023-03-13,North,Food & Beverage,Corporate,2,71.1,9.08
2023-03-13,North,Furniture,Corporate,6,3249.38,835.05
2023-03-13,West,Furniture,Consumer,2,1305.91,274.65
2023-03-13,South,Furniture,Corporate,5,2720.47,767.07
2023-03-13,West,Furniture,Consumer,7,4296.69,1087.98
2023-03-14,South,Clothing,Home Office,1,81.01,24.06
2023-03-14,South,Clothing,Consumer,7,524.24,152.84
2023-03-14,South,Electronics,Consumer,7,2927.18,522.71
2023-03-14,South,Food & Beverage,Consumer,6,198.47,31.83
2023-03-14,North,Furniture,Home Office,5,3223.98,609.27
2023-03-14,North,Furniture,Corporate,5,3043.23,660.34
2023-03-15,South,Electronics,Consumer,5,2313.25,485.63
2023-03-15,South,Food & Beverage,Corporate,7,245.87,39.28
2023-03-15,West,Clothing,Consumer,5,358.86,134.15
2023-03-15,North,Electronics,Consumer,3,1256.1,257.71
2023-03-15,East,Office Supplies,Home Office,4,208.97,67.26
2023-03-16,East,Office Supplies,Corporate,5,256.5,79.89
2023-03-16,East,Electronics,Consumer,1,458.01,82.11
2023-03-17,North,Furniture,Consumer,6,3572.84,616.14
2023-03-17,North,Office Supplies,Corporate,1,48.1,15.35
2023-03-17,North,Furniture,Consumer,2,1114.19,294.48
2023-03-17,East,Electronics,Consumer,5,2552.59,388.39
2023-03-17,East,Electronics,Corporate,7,3377.07,505.08
2023-03-17,East,Electronics,Consumer,1,459.11,59.76
2023-03-17,South,Clothing,Consumer,6,449.71,151.46
2023-03-17,North,Food & Beverage,Home Office,1,40.0,5.82
2023-03-17,East,Clothing,Corporate,7,511.14,140.72
2023-03-18,South,Office Supplies,Consumer,5,266.92,81.22
2023-03-18,North,Furniture,Home Office,1,594.17,131.08
2023-03-18,North,Office Supplies,Home Office,2,120.36,34.65
2023-03-18,North,Furniture,Consumer,3,1746.77,454.9
2023-03-18,East,Clothing,Home Office,1,88.68,38.42
2023-03-18,North,Furniture,Corporate,4,2477.47,518.66
2023-03-18,North,Office Supplies,Corporate,7,344.05,85.84
2023-03-19,North,Electronics,Consumer,4,1897.28,316.44
2023-03-19,West,Clothing,Home Office,6,543.71,170.39
2023-03-19,South,Office Supplies,Corporate,3,143.27,36.75
2023-03-19,West,Food & Beverage,Consumer,6,214.79,39.8
2023-03-19,East,Furniture,Consumer,1,589.87,126.2
2023-03-20,North,Electronics,Corporate,3,1342.8,288.08
2023-03-20,West,Furniture,Home Office,6,3397.52,789.56
2023-03-20,East,Food & Beverage,Consumer,1,30.62,5.7
2023-03-20,East,Office Supplies,Corporate,6,344.81,91.16
2023-03-20,South,Clothing,Home Office,2,161.55,63.32
2023-03-20,North,Food & Beverage,Home Office,7,264.7,32.33
2023-03-21,North,Food & Beverage,Corporate,6,238.95,34.89
2023-03-21,East,Electronics,Consumer,1,491.57,90.93
2023-03-21,South,Furniture,Corporate,2,1336.44,368.34
2023-03-21,North,Furniture,Consumer,6,4263.62,1017.32
2023-03-21,East,Office Supplies,Home Office,3,177.97,52.88
2023-03-21,East,Electronics,Home Office,1,481.44,108.87
2023-03-21,West,Electronics,Corporate,3,1315.72,277.7
2023-03-21,North,Furniture,Corporate,1,667.68,146.99
2023-03-21,South,Electronics,Home Office,7,2941.24,454.88
2023-03-21,East,Clothing,Home Office,5,385.13,163.76
2023-03-21,South,Office Supplies,Corporate,4,190.68,49.0
2023-03-21,West,Food & Beverage,Corporate,7,218.73,36.86
2023-03-22,East,Electronics,Consumer,1,457.42,98.66
2023-03-22,North,Clothing,Home Office,2,142.84,53.23
2023-03-22,West,Office Supplies,Consumer,3,164.53,50.08
2023-03-22,East,Food & Beverage,Consumer,7,239.42,38.21
2023-03-22,South,Office Supplies,Consumer,2,109.16,23.06
2023-03-22,North,Furniture,Consumer,5,3135.91,625.72
2023-03-22,North,Furniture,Consumer,1,544.18,135.51
2023-03-22,South,Clothing,Consumer,1,84.75,35.63
2023-03-23,West,Clothing,Home Office,6,567.77,257.19
2023-03-23,East,Office Supplies,Corporate,1,49.47,16.03
2023-03-23,East,Furniture,Corporate,7,4543.81,1225.78
2023-03-23,South,Office Supplies,Corporate,3,151.55,42.07
2023-03-24,North,Electronics,Consumer,6,2533.96,336.52
2023-03-24,East,Clothing,Corporate,7,518.25,183.08
2023-03-24,North,Office Supplies,Consumer,3,177.02,35.16
2023-03-24,West,Furniture,Consumer,7,4005.53,1060.03
2023-03-24,South,Food & Beverage,Consumer,3,111.82,20.6
2023-03-24,North,Furniture,Home Office,1,674.42,142.66
2023-03-24,North,Office Supplies,Home Office,4,243.71,74.04
2023-03-24,North,Food & Beverage,Consumer,7,210.37,36.39
2023-03-24,South,Office Supplies,Consumer,6,351.38,102.48
2023-03-25,East,Electronics,Consumer,4,1884.99,297.34
2023-03-25,East,Office Supplies,Consumer,1,52.85,15.93
2023-03-25,North,Food & Beverage,Corporate,5,188.81,34.12
2023-03-25,East,Clothing,Consumer,4,356.38,117.32
2023-03-25,West,Office Supplies,Consumer,5,257.18,58.41
2023-03-25,West,Electronics,Corporate,5,2359.05,317.11
2023-03-25,East,Furniture,Home Office,3,1708.34,327.31
2023-03-26,South,Clothing,Consumer,4,337.49,147.71
2023-03-26,North,Furniture,Home Office,2,1282.28,218.33
2023-03-26,South,Electronics,Consumer,6,2795.43,438.09
2023-03-26,North,Food & Beverage,Home Office,1,29.79,3.85
2023-03-26,East,Office Supplies,Consumer,4,229.29,76.35
2023-03-27,West,Furniture,Consumer,7,3898.27,605.46
2023-03-27,South,Clothing,Consumer,7,583.86,169.89
2023-03-27,North,Food & Beverage,Home Office,2,69.86,13.6
2023-03-27,West,Clothing,Consumer,4,340.58,146.25
2023-03-27,East,Food & Beverage,Consumer,7,236.64,26.77
2023-03-27,West,Electronics,Consumer,4,1982.08,386.33
2023-03-28,North,Food & Beverage,Corporate,3,92.84,13.56
2023-03-28,North,Clothing,Consumer,6,536.23,185.59
2023-03-28,East,Clothing,Consumer,4,309.42,110.01
2023-03-28,East,Electronics,Consumer,3,1213.67,222.54
2023-03-28,West,Furniture,Home Office,5,3410.91,757.9
2023-03-28,South,Food & Beverage,Consumer,6,228.01,25.75
2023-03-28,South,Office Supplies,Consumer,6,372.07,80.45
2023-03-28,North,Office Supplies,Corporate,7,328.65,79.63
2023-03-28,East,Furniture,Home Office,4,2762.01,467.16
2023-03-28,North,Clothing,Corporate,1,76.02,23.8
2023-03-29,West,Office Supplies,Corporate,3,140.16,28.84
2023-03-29,East,Food & Beverage,Home Office,5,149.85,25.09
2023-03-29,North,Clothing,Corporate,7,637.97,252.32
2023-03-29,West,Office Supplies,Consumer,2,123.99,36.83
2023-03-30,North,Food & Beverage,Consumer,1,33.83,4.98
2023-03-30,North,Electronics,Consumer,7,2683.52,426.52
2023-03-30,North,Electronics,Corporate,5,2139.04,305.78
2023-03-30,East,Clothing,Consumer,2,140.55,36.82
2023-03-30,East,Office Supplies,Consumer,7,340.21,76.41
2023-03-30,North,Office Supplies,Corporate,3,157.59,46.71
2023-03-30,South,Clothing,Corporate,4,344.74,152.28
2023-03-31,East,Food & Beverage,Home Office,2,64.43,12.16
2023-03-31,East,Clothing,Home Office,3,246.16,61.55
2023-03-31,North,Office Supplies,Corporate,1,50.79,17.61
2023-03-31,South,Furniture,Consumer,2,1384.33,339.45
2023-03-31,West,Office Supplies,Corporate,6,341.72,102.85
2023-04-01,South,Food & Beverage,Consumer,6,212.18,32.73
2023-04-01,West,Food & Beverage,Home Office,5,186.04,30.82
2023-04-01,West,Food & Beverage,Consumer,6,227.29,35.58
2023-04-01,South,Food & Beverage,Corporate,6,184.69,28.66
2023-04-02,West,Food & Beverage,Corporate,6,219.55,30.1
2023-04-02,East,Electronics,Home Office,7,2937.59,597.41
2023-04-02,West,Furniture,Consumer,3,1750.64,282.66
2023-04-02,East,Furniture,Consumer,7,4467.77,1225.75
2023-04-03,West,Food & Beverage,Consumer,7,268.76,38.71
2023-04-03,South,Electronics,Consumer,5,1873.13,353.39
2023-04-03,North,Office Supplies,Consumer,4,203.15,57.08
2023-04-03,East,Furniture,Consumer,3,1585.22,253.86
2023-04-03,South,Furniture,Consumer,3,1769.18,486.17
2023-04-04,South,Electronics,Consumer,7,2583.66,343.14
2023-04-04,West,Clothing,Consumer,6,514.13,158.86
2023-04-04,North,Office Supplies,Corporate,4,222.26,68.21
2023-04-04,East,Office Supplies,Home Office,6,288.81,72.08
2023-04-04,South,Electronics,Consumer,2,907.37,155.69
2023-04-04,East,Office Supplies,Home Office,5,281.57,85.5
2023-04-04,West,Office Supplies,Corporate,4,219.71,48.28
2023-04-04,North,Food & Beverage,Corporate,6,223.53,41.88
2023-04-04,North,Clothing,Consumer,2,180.65,46.51
2023-04-04,South,Clothing,Consumer,1,72.47,26.36
2023-04-04,South,Office Supplies,Consumer,7,336.71,107.33
2023-04-04,West,Clothing,Corporate,1,78.57,21.53
2023-04-05,North,Office Supplies,Corporate,4,193.75,49.86
2023-04-05,North,Furniture,Corporate,2,1226.25,300.3
2023-04-05,South,Electronics,Consumer,7,2627.33,530.17
2023-04-05,South,Food & Beverage,Consumer,4,147.42,17.76
2023-04-05,South,Furniture,Consumer,1,651.17,119.89
2023-04-06,North,Electronics,Home Office,2,803.42,152.66
2023-04-06,South,Office Supplies,Consumer,1,58.2,18.69
2023-04-06,South,Food & Beverage,Consumer,6,196.19,37.48
2023-04-06,East,Clothing,Consumer,7,589.03,250.99
2023-04-06,South,Electronics,Corporate,2,827.28,131.18
2023-04-07,East,Office Supplies,Consumer,6,330.33,108.15
2023-04-07,East,Clothing,Consumer,3,220.22,88.17
2023-04-07,West,Food & Beverage,Consumer,5,143.61,17.75
2023-04-07,North,Food & Beverage,Consumer,7,237.25,29.66
2023-04-07,North,Office Supplies,Consumer,7,372.15,129.44
2023-04-07,North,Electronics,Home Office,3,1321.64,245.25
2023-04-08,West,Office Supplies,Consumer,7,347.5,94.27
2023-04-08,South,Furniture,Consumer,4,2566.2,528.99
2023-04-08,East,Office Supplies,Corporate,2,115.11,29.12
2023-04-08,North,Office Supplies,Consumer,1,56.6,19.53
2023-04-08,North,Furniture,Consumer,1,622.57,126.16
2023-04-09,East,Electronics,Corporate,3,1119.8,144.76
2023-04-09,South,Clothing,Home Office,3,232.48,69.47
2023-04-09,North,Office Supplies,Consumer,3,164.07,36.14
2023-04-09,South,Electronics,Consumer,5,2214.72,397.56
2023-04-09,West,Office Supplies,Consumer,5,232.83,75.11
2023-04-09,East,Electronics,Consumer,1,447.93,87.21
2023-04-09,West,Electronics,Consumer,4,1852.81,351.31
2023-04-10,East,Food & Beverage,Consumer,5,164.04,21.83
2023-04-10,West,Office Supplies,Consumer,4,181.05,43.37
2023-04-10,South,Food & Beverage,Home Office,6,189.48,31.05
2023-04-10,North,Electronics,Corporate,3,1284.23,251.84
2023-04-10,South,Clothing,Consumer,7,549.56,246.26
2023-04-10,West,Food & Beverage,Consumer,1,36.85,4.59
2023-04-11,East,Furniture,Consumer,1,523.94,145.75
2023-04-11,East,Food & Beverage,Corporate,2,57.57,7.93
2023-04-11,North,Electronics,Consumer,3,1169.4,243.94
2023-04-11,North,Furniture,Consumer,1,557.64,152.15
2023-04-11,South,Office Supplies,Consumer,5,224.93,45.15
2023-04-11,East,Office Supplies,Consumer,7,388.65,138.15
2023-04-11,South,Furniture,Consumer,4,2270.52,638.84
2023-04-11,North,Clothing,Home Office,1,69.28,22.4
2023-04-12,East,Electronics,Consumer,7,3351.03,741.4
2023-04-12,East,Clothing,Consumer,5,354.23,109.53
2023-04-12,East,Food & Beverage,Home Office,2,65.36,10.67
2023-04-12,South,Office Supplies,Home Office,6,328.58,117.82
2023-04-12,South,Clothing,Home Office,5,380.12,143.23
2023-04-12,East,Food & Beverage,Corporate,5,171.39,21.65
2023-04-12,South,Furniture,Home Office,4,2295.38,656.28
2023-04-12,South,Food & Beverage,Consumer,6,170.43,22.98
2023-04-13,North,Electronics,Consumer,3,1410.11,207.38
2023-04-13,West,Clothing,Home Office,6,441.97,192.08
2023-04-13,North,Food & Beverage,Corporate,4,136.92,20.09
2023-04-13,South,Office Supplies,Consumer,7,336.07,107.12
2023-04-13,North,Clothing,Home Office,3,206.66,76.25
2023-04-13,East,Food & Beverage,Corporate,3,86.27,11.96
2023-04-13,North,Clothing,Home Office,4,336.03,128.35
2023-04-14,East,Electronics,Corporate,5,1845.76,295.32
2023-04-14,South,Furniture,Consumer,4,2561.82,651.86
2023-04-14,North,Food & Beverage,Consumer,4,139.18,16.98
2023-04-14,North,Food & Beverage,Consumer,5,176.18,30.2
2023-04-14,West,Electronics,Consumer,2,878.55,137.2
2023-04-15,West,Electronics,Corporate,3,1332.19,264.31
2023-04-15,North,Office Supplies,Corporate,5,276.24,58.5
2023-04-15,West,Furniture,Corporate,5,2507.95,546.58
2023-04-15,South,Food & Beverage,Corporate,1,35.15,4.17
2023-04-15,South,Furniture,Home Office,1,550.14,116.62
2023-04-16,North,Clothing,Consumer,4,347.05,87.19
2023-04-16,South,Furniture,Consumer,1,639.03,115.82
2023-04-16,East,Clothing,Corporate,7,529.6,198.74
2023-04-16,North,Office Supplies,Corporate,7,326.9,115.88
2023-04-16,South,Furniture,Consumer,1,585.91,137.5
2023-04-16,West,Clothing,Corporate,6,442.09,200.34
2023-04-16,South,Electronics,Corporate,3,1407.75,321.36
2023-04-17,North,Food & Beverage,Consumer,7,222.19,30.47
2023-04-17,East,Clothing,Corporate,5,425.33,172.73
2023-04-17,South,Food & Beverage,Consumer,3,103.18,14.17
2023-04-17,West,Food & Beverage,Corporate,2,60.95,10.62
2023-04-17,North,Office Supplies,Home Office,6,338.67,71.59
2023-04-17,North,Office Supplies,Home Office,1,54.56,15.6
2023-04-18,North,Electronics,Consumer,1,359.05,53.73
2023-04-18,South,Food & Beverage,Corporate,2,72.09,10.81
2023-04-18,West,Clothing,Consumer,6,517.4,168.91
2023-04-18,South,Food & Beverage,Corporate,4,120.45,18.74
2023-04-18,West,Office Supplies,Corporate,3,165.15,33.77
2023-04-18,East,Clothing,Corporate,4,331.63,96.39
2023-04-19,North,Electronics,Consumer,3,1363.03,287.7
2023-04-19,East,Office Supplies,Consumer,1,56.17,16.62
2023-04-19,East,Office Supplies,Home Office,3,144.16,46.32
2023-04-19,North,Office Supplies,Home Office,7,390.98,87.12
2023-04-20,South,Clothing,Consumer,1,70.07,19.4
2023-04-20,South,Food & Beverage,Corporate,1,32.12,3.63
2023-04-21,North,Furniture,Corporate,2,985.72,162.32
2023-04-21,North,Furniture,Corporate,3,1581.66,255.29
2023-04-21,West,Furniture,Consumer,5,2632.6,430.1
2023-04-22,North,Furniture,Consumer,1,529.09,112.48
2023-04-22,West,Office Supplies,Consumer,1,55.35,19.01
2023-04-22,East,Food & Beverage,Consumer,6,176.29,32.47
2023-04-23,West,Office Supplies,Consumer,3,157.21,53.78
2023-04-23,East,Food & Beverage,Home Office,4,132.47,25.54
2023-04-23,North,Electronics,Consumer,4,1550.68,326.47
2023-04-23,North,Clothing,Consumer,7,515.78,156.12
2023-04-23,East,Furniture,Consumer,2,1039.72,268.95
2023-04-24,South,Electronics,Corporate,3,1339.99,300.46
2023-04-24,North,Furniture,Consumer,2,1030.74,239.73
2023-04-25,North,Furniture,Consumer,2,1108.64,243.61
2023-04-25,South,Electronics,Consumer,7,2911.41,548.52
2023-04-25,North,Food & Beverage,Consumer,2,70.16,10.4
2023-04-25,North,Clothing,Home Office,7,567.07,200.07
2023-04-25,North,Furniture,Corporate,1,644.54,154.07
2023-04-26,East,Office Supplies,Consumer,2,106.87,23.43
2023-04-26,West,Office Supplies,Consumer,5,248.14,78.19
2023-04-26,North,Furniture,Home Office,3,1648.78,401.72
2023-04-26,North,Electronics,Home Office,4,1790.45,264.1
2023-04-26,East,Clothing,Corporate,7,480.28,164.27
2023-04-26,North,Office Supplies,Corporate,6,299.52,65.47
2023-04-26,South,Furniture,Consumer,7,3724.9,994.68
2023-04-27,West,Food & Beverage,Consumer,3,99.99,11.22
2023-04-27,East,Clothing,Consumer,7,481.28,210.5
2023-04-27,South,Furniture,Consumer,3,1830.26,311.62
2023-04-27,South,Food & Beverage,Consumer,5,171.23,20.14
2023-04-27,South,Electronics,Consumer,7,3099.89,567.03
2023-04-28,West,Electronics,Consumer,3,1034.96,226.38
2023-04-28,North,Food & Beverage,Corporate,7,187.96,34.72
2023-04-28,North,Electronics,Consumer,7,2577.41,599.12
2023-04-28,North,Clothing,Consumer,3,204.74,57.19
2023-04-29,South,Office Supplies,Consumer,4,205.88,73.04
2023-04-29,South,Food & Beverage,Consumer,5,148.78,25.08
2023-04-29,East,Food & Beverage,Consumer,2,66.37,12.72
2023-04-29,North,Food & Beverage,Corporate,5,175.5,33.37
2023-04-29,West,Office Supplies,Consumer,7,368.34,89.02
2023-04-30,North,Office Supplies,Consumer,6,334.62,102.47
2023-04-30,South,Food & Beverage,Consumer,3,87.92,14.79
2023-04-30,East,Clothing,Home Office,3,229.5,101.4
2023-04-30,North,Office Supplies,Corporate,6,293.85,95.43
2023-04-30,North,Furniture,Consumer,5,2861.36,480.64
2023-04-30,West,Food & Beverage,Consumer,1,26.31,4.65
2023-05-01,North,Food & Beverage,Home Office,6,178.89,33.69
2023-05-01,South,Food & Beverage,Home Office,5,130.66,25.26
2023-05-01,East,Clothing,Corporate,3,221.7,72.01
2023-05-01,South,Furniture,Corporate,2,990.42,225.29
2023-05-01,West,Clothing,Corporate,6,404.95,182.53
2023-05-02,South,Clothing,Corporate,5,314.77,137.41
2023-05-02,West,Furniture,Home Office,3,1726.71,393.32
2023-05-02,North,Electronics,Consumer,7,3034.08,438.97
2023-05-02,West,Furniture,Consumer,1,573.89,151.7
2023-05-02,North,Clothing,Consumer,3,192.21,74.32
2023-05-02,North,Clothing,Corporate,6,410.87,111.85
2023-05-02,North,Food & Beverage,Consumer,1,34.4,3.76
2023-05-02,East,Food & Beverage,Corporate,3,87.43,13.29
2023-05-02,North,Clothing,Home Office,1,81.56,37.09
2023-05-03,South,Furniture,Consumer,7,4091.22,666.99
2023-05-03,West,Food & Beverage,Corporate,5,152.18,16.72
2023-05-03,East,Clothing,Consumer,5,356.86,148.25
2023-05-03,South,Office Supplies,Home Office,6,300.84,66.99
2023-05-03,North,Furniture,Consumer,6,3713.09,716.82
2023-05-03,North,Clothing,Consumer,4,261.61,104.38
2023-05-03,South,Furniture,Home Office,4,2215.6,553.67
2023-05-03,South,Food & Beverage,Consumer,6,194.03,34.22
2023-05-03,North,Furniture,Consumer,6,3745.06,1069.14
2023-05-03,West,Food & Beverage,Corporate,5,156.08,27.64
2023-05-03,South,Electronics,Consumer,5,1727.79,284.33
2023-05-03,West,Electronics,Consumer,6,2447.2,454.66
2023-05-04,North,Office Supplies,Corporate,3,164.86,40.25
2023-05-04,North,Office Supplies,Consumer,1,41.56,10.99
2023-05-04,South,Clothing,Corporate,4,275.19,91.78
2023-05-04,West,Clothing,Corporate,7,541.95,246.2
2023-05-04,West,Clothing,Home Office,5,315.8,119.44
2023-05-05,West,Food & Beverage,Consumer,3,80.79,8.59
2023-05-05,South,Electronics,Consumer,3,1248.19,235.53
2023-05-05,North,Food & Beverage,Consumer,2,66.21,10.33
2023-05-05,North,Clothing,Consumer,2,149.75,45.57
2023-05-05,West,Electronics,Consumer,5,1666.24,259.54
2023-05-05,East,Food & Beverage,Home Office,7,209.94,37.49
2023-05-05,South,Furniture,Corporate,1,555.52,86.09
2023-05-06,North,Office Supplies,Consumer,4,210.17,47.63
2023-05-06,East,Furniture,Home Office,6,3628.68,995.2
2023-05-06,North,Furniture,Consumer,7,3851.92,1039.05
2023-05-06,North,Food & Beverage,Consumer,1,32.42,5.78
2023-05-06,North,Clothing,Corporate,4,283.35,84.09
2023-05-06,South,Furniture,Corporate,5,2887.86,502.05
2023-05-07,East,Food & Beverage,Home Office,2,59.58,8.49
2023-05-07,South,Electronics,Home Office,7,2751.01,642.52
2023-05-07,East,Food & Beverage,Corporate,2,57.68,9.0
2023-05-08,West,Clothing,Corporate,6,395.88,111.32
2023-05-08,North,Office Supplies,Consumer,4,185.04,45.1
2023-05-08,West,Food & Beverage,Home Office,1,33.37,5.12
2023-05-08,West,Office Supplies,Corporate,2,102.81,34.57
2023-05-08,North,Food & Beverage,Corporate,1,25.92,3.49
2023-05-09,East,Office Supplies,Consumer,4,193.27,43.17
2023-05-09,North,Food & Beverage,Consumer,7,225.11,41.74
2023-05-09,South,Furniture,Consumer,7,3907.59,622.85
2023-05-09,South,Food & Beverage,Corporate,1,25.28,3.23
2023-05-10,South,Furniture,Consumer,5,2324.02,657.15
2023-05-10,North,Food & Beverage,Consumer,5,128.08,15.2
2023-05-10,North,Furniture,Home Office,7,3856.63,936.14
2023-05-10,West,Food & Beverage,Consumer,2,52.66,8.32
2023-05-10,North,Clothing,Home Office,2,161.3,67.11
2023-05-10,South,Office Supplies,Consumer,5,262.44,91.76
2023-05-10,South,Clothing,Home Office,3,207.29,78.28
2023-05-11,West,Furniture,Corporate,6,2939.75,840.5
2023-05-11,East,Electronics,Corporate,4,1548.7,226.59
2023-05-12,East,Office Supplies,Consumer,4,192.39,47.13
2023-05-12,West,Clothing,Corporate,4,266.52,114.25
2023-05-12,North,Clothing,Consumer,1,75.17,22.87
2023-05-13,West,Office Supplies,Consumer,7,317.09,109.33
2023-05-13,East,Furniture,Consumer,7,4071.31,865.95
2023-05-13,West,Office Supplies,Consumer,6,242.49,77.88
2023-05-13,South,Electronics,Consumer,2,816.33,145.13
2023-05-14,East,Furniture,Consumer,4,2183.46,414.77
2023-05-14,North,Furniture,Consumer,4,2303.67,369.92
2023-05-14,North,Electronics,Home Office,6,2375.32,513.04
2023-05-14,West,Office Supplies,Corporate,3,124.7,25.93
2023-05-14,South,Office Supplies,Home Office,1,45.27,14.4
2023-05-14,East,Clothing,Corporate,4,281.16,110.23
2023-05-15,North,Electronics,Consumer,2,689.87,146.3
2023-05-15,East,Electronics,Corporate,6,2414.73,352.79
2023-05-15,North,Office Supplies,Corporate,5,240.7,63.98
2023-05-15,North,Clothing,Consumer,4,268.49,98.98
2023-05-15,North,Furniture,Consumer,2,975.23,163.51
2023-05-15,West,Clothing,Corporate,3,183.05,76.89
2023-05-15,East,Electronics,Corporate,7,2494.94,581.31
2023-05-16,East,Food & Beverage,Consumer,5,121.92,16.98
2023-05-16,East,Electronics,Corporate,1,325.49,47.01
2023-05-16,West,Clothing,Consumer,4,288.62,106.94
2023-05-17,West,Food & Beverage,Consumer,1,29.53,5.55
2023-05-17,North,Furniture,Consumer,4,1999.25,528.4
2023-05-17,South,Office Supplies,Home Office,1,39.39,10.43
2023-05-17,East,Electronics,Corporate,5,1914.39,296.24
2023-05-18,East,Food & Beverage,Corporate,5,134.79,15.63
2023-05-18,South,Office Supplies,Consumer,5,222.62,60.74
2023-05-18,South,Furniture,Consumer,2,1080.24,213.3
2023-05-18,South,Office Supplies,Corporate,1,41.0,9.7
2023-05-18,South,Clothing,Corporate,1,68.15,22.95
2023-05-18,South,Clothing,Consumer,1,72.13,28.44
2023-05-19,North,Office Supplies,Home Office,6,271.2,67.33
2023-05-19,South,Office Supplies,Consumer,2,103.48,35.88
2023-05-19,North,Furniture,Consumer,7,3453.35,577.55
2023-05-19,East,Furniture,Consumer,5,2292.63,610.39
2023-05-19,North,Furniture,Corporate,5,2856.76,669.08
2023-05-19,South,Clothing,Corporate,4,276.37,105.3
2023-05-19,West,Clothing,Corporate,4,244.61,67.95
2023-05-19,South,Furniture,Corporate,3,1641.0,316.6
2023-05-19,East,Office Supplies,Consumer,4,157.87,43.84
2023-05-19,East,Electronics,Corporate,2,752.14,96.24
2023-05-19,East,Food & Beverage,Home Office,5,158.38,20.8
2023-05-19,South,Clothing,Consumer,7,536.87,171.99
2023-05-20,West,Office Supplies,Consumer,3,126.01,36.21
2023-05-20,West,Office Supplies,Consumer,3,126.81,33.36
2023-05-20,East,Clothing,Consumer,5,366.12,155.75
2023-05-20,East,Office Supplies,Corporate,1,39.29,7.77
2023-05-20,South,Furniture,Corporate,5,2205.47,493.9
2023-05-20,North,Electronics,Consumer,5,1989.34,455.78
2023-05-20,East,Food & Beverage,Corporate,4,102.91,20.02
2023-05-20,East,Furniture,Corporate,1,514.33,123.6
2023-05-21,North,Furniture,Corporate,6,3025.76,491.12
2023-05-21,West,Clothing,Consumer,7,425.32,158.13
2023-05-21,South,Electronics,Consumer,2,734.97,160.14
2023-05-21,North,Clothing,Corporate,5,370.15,160.13
2023-05-21,North,Office Supplies,Corporate,5,212.21,49.33
2023-05-22,North,Furniture,Consumer,5,2283.81,406.23
2023-05-22,South,Clothing,Consumer,1,64.33,16.92
2023-05-23,East,Food & Beverage,Home Office,7,213.65,40.02
2023-05-23,North,Electronics,Consumer,3,1164.54,177.82
2023-05-23,East,Electronics,Consumer,6,1925.13,261.69
2023-05-23,East,Clothing,Consumer,3,177.02,57.44
2023-05-23,East,Food & Beverage,Consumer,4,99.19,14.35
2023-05-23,East,Electronics,Corporate,1,388.35,73.91
2023-05-23,South,Office Supplies,Consumer,5,201.44,62.88
2023-05-23,North,Food & Beverage,Consumer,3,84.84,10.96
2023-05-23,North,Food & Beverage,Corporate,3,78.68,14.34
2023-05-24,North,Electronics,Consumer,7,2332.1,484.76
2023-05-24,East,Food & Beverage,Home Office,6,153.23,29.17
2023-05-24,East,Food & Beverage,Consumer,3,83.0,15.45
2023-05-24,West,Clothing,Home Office,6,392.5,110.36
2023-05-24,East,Food & Beverage,Home Office,7,203.61,30.21
2023-05-24,East,Electronics,Corporate,3,1131.73,170.75
2023-05-25,South,Electronics,Home Office,3,1210.66,230.87
2023-05-25,North,Office Supplies,Consumer,6,294.05,74.45
2023-05-26,North,Clothing,Consumer,7,463.43,142.97
2023-05-26,East,Electronics,Consumer,2,748.88,111.87
2023-05-27,South,Furniture,Consumer,7,3856.01,748.98
2023-05-27,East,Food & Beverage,Corporate,3,80.34,13.82
2023-05-27,West,Clothing,Consumer,4,284.77,81.43
2023-05-27,East,Furniture,Consumer,4,2220.65,467.1
2023-05-27,North,Office Supplies,Consumer,5,223.17,68.52
2023-05-28,North,Food & Beverage,Corporate,3,76.59,12.18
2023-05-28,West,Furniture,Consumer,5,2457.45,540.5
2023-05-28,East,Furniture,Home Office,4,1910.94,453.62
2023-05-28,East,Furniture,Corporate,1,544.73,85.49
2023-05-29,East,Food & Beverage,Corporate,7,165.22,28.89
2023-05-29,West,Furniture,Corporate,7,3842.3,659.37
2023-05-29,West,Food & Beverage,Consumer,5,137.01,21.98
2023-05-29,West,Electronics,Consumer,7,2209.24,357.94
2023-05-29,South,Electronics,Consumer,4,1256.78,263.45
2023-05-29,South,Food & Beverage,Home Office,1,27.11,4.53
2023-05-29,East,Furniture,Home Office,7,3029.22,823.52
2023-05-29,East,Clothing,Consumer,6,433.78,107.7
2023-05-29,West,Office Supplies,Corporate,6,245.25,73.35
2023-05-29,West,Clothing,Corporate,5,313.02,94.59
2023-05-29,South,Furniture,Consumer,5,2699.76,768.13
2023-05-30,South,Clothing,Consumer,7,509.95,183.25
2023-05-30,South,Office Supplies,Home Office,4,166.29,56.6
2023-05-31,South,Office Supplies,Consumer,3,143.21,46.59
2023-05-31,North,Clothing,Home Office,3,195.74,69.75
2023-05-31,West,Clothing,Corporate,7,476.05,176.42
2023-05-31,North,Clothing,Consumer,2,119.31,37.89
2023-05-31,West,Clothing,Corporate,7,464.04,173.62
2023-05-31,North,Office Supplies,Home Office,6,283.38,86.56
2023-06-01,West,Clothing,Consumer,3,215.24,80.94
2023-06-01,West,Food & Beverage,Consumer,2,48.53,8.02
2023-06-01,South,Office Supplies,Consumer,5,197.6,65.55
2023-06-01,South,Electronics,Consumer,6,2262.29,366.49
2023-06-01,South,Electronics,Consumer,6,2339.02,439.62
2023-06-01,South,Furniture,Home Office,1,544.15,128.91
2023-06-02,East,Office Supplies,Home Office,2,76.38,25.95
2023-06-02,North,Office Supplies,Home Office,7,297.04,72.1
2023-06-02,South,Furniture,Consumer,5,2578.99,652.42
2023-06-02,North,Office Supplies,Consumer,5,235.56,73.13
2023-06-02,East,Furniture,Home Office,7,3538.67,971.44
2023-06-03,South,Electronics,Home Office,4,1408.51,286.58
2023-06-03,South,Furniture,Consumer,1,527.34,103.73
2023-06-03,North,Food & Beverage,Home Office,3,76.47,14.15
2023-06-04,South,Food & Beverage,Corporate,6,150.97,21.82
2023-06-04,West,Clothing,Corporate,5,315.61,77.45
2023-06-04,South,Clothing,Consumer,7,454.24,130.82
2023-06-04,West,Food & Beverage,Consumer,7,198.2,22.15
2023-06-04,East,Electronics,Consumer,3,1027.98,160.94
2023-06-04,South,Electronics,Corporate,6,2255.52,396.34
2023-06-04,West,Office Supplies,Consumer,3,144.17,47.19
2023-06-04,North,Clothing,Corporate,6,356.47,112.29
2023-06-05,South,Office Supplies,Corporate,4,146.9,40.39
2023-06-05,North,Food & Beverage,Consumer,4,93.03,10.12
2023-06-05,North,Food & Beverage,Home Office,3,68.49,9.3
2023-06-05,North,Food & Beverage,Consumer,4,103.68,11.98
2023-06-06,North,Food & Beverage,Consumer,4,105.34,16.98
2023-06-06,North,Office Supplies,Consumer,6,276.09,81.72
2023-06-06,South,Clothing,Corporate,3,197.13,83.63
2023-06-06,South,Electronics,Consumer,5,1668.86,362.65
2023-06-06,East,Furniture,Consumer,4,2085.21,366.77
2023-06-06,North,Office Supplies,Consumer,2,88.55,20.6
2023-06-06,East,Food & Beverage,Corporate,1,29.16,5.6
2023-06-06,East,Clothing,Corporate,2,137.02,46.74
2023-06-06,South,Furniture,Consumer,1,444.77,95.69
2023-06-06,West,Office Supplies,Home Office,3,117.2,40.52
2023-06-06,South,Electronics,Consumer,6,1788.72,264.06
2023-06-06,North,Furniture,Corporate,1,486.06,113.76
2023-06-07,West,Food & Beverage,Consumer,4,112.81,19.82
2023-06-07,North,Food & Beverage,Home Office,5,142.53,25.01
2023-06-07,North,Food & Beverage,Consumer,1,29.37,4.92
2023-06-07,West,Electronics,Consumer,3,1150.03,154.86
2023-06-07,South,Furniture,Home Office,4,1747.03,310.31
2023-06-08,East,Clothing,Corporate,7,502.79,222.09
2023-06-08,South,Office Supplies,Consumer,2,88.86,20.08
2023-06-08,North,Clothing,Consumer,4,260.44,102.5
2023-06-08,West,Office Supplies,Corporate,1,35.81,10.57
2023-06-08,East,Clothing,Consumer,3,200.94,78.09
2023-06-08,South,Furniture,Home Office,2,914.86,234.21
2023-06-08,South,Food & Beverage,Consumer,2,46.49,5.47
2023-06-08,North,Food & Beverage,Corporate,3,80.97,12.69
2023-06-08,East,Electronics,Corporate,4,1362.2,179.89
2023-06-08,East,Clothing,Corporate,7,463.11,117.79
2023-06-08,South,Electronics,Consumer,5,1490.95,299.03
2023-06-09,South,Electronics,Corporate,2,720.37,103.74
2023-06-09,East,Office Supplies,Corporate,1,41.57,14.89
2023-06-09,West,Electronics,Consumer,2,704.06,118.59
2023-06-09,East,Office Supplies,Consumer,6,260.74,67.06
2023-06-09,South,Furniture,Home Office,1,439.56,100.98
2023-06-10,North,Furniture,Consumer,5,2039.35,416.14
2023-06-10,West,Food & Beverage,Home Office,5,114.1,16.54
2023-06-10,South,Furniture,Consumer,1,433.67,84.13
2023-06-10,East,Food & Beverage,Consumer,3,67.47,12.42
2023-06-10,North,Furniture,Corporate,7,2838.88,549.12
2023-06-11,North,Electronics,Consumer,5,1473.91,263.21
2023-06-11,North,Clothing,Home Office,1,62.7,18.21
2023-06-11,South,Clothing,Corporate,7,483.41,165.13
2023-06-11,East,Food & Beverage,Consumer,3,80.91,9.74
2023-06-12,North,Furniture,Consumer,4,1877.23,357.23
2023-06-12,South,Office Supplies,Home Office,6,271.53,78.11
2023-06-12,South,Food & Beverage,Corporate,4,117.84,19.71
2023-06-12,South,Food & Beverage,Corporate,6,176.68,28.52
2023-06-12,West,Electronics,Corporate,5,1847.8,383.86
2023-06-13,East,Clothing,Consumer,7,366.34,137.13
2023-06-13,West,Clothing,Corporate,5,265.08,113.51
2023-06-13,East,Furniture,Corporate,2,923.73,258.22
2023-06-13,South,Food & Beverage,Home Office,6,146.23,22.38
2023-06-13,South,Office Supplies,Consumer,2,74.99,25.63
2023-06-13,East,Clothing,Corporate,7,438.07,170.33
2023-06-13,North,Electronics,Consumer,1,334.11,52.64
2023-06-13,East,Furniture,Consumer,6,2649.6,422.69
2023-06-13,North,Electronics,Consumer,4,1254.6,218.68
2023-06-14,North,Food & Beverage,Consumer,5,146.64,20.23
2023-06-14,South,Office Supplies,Corporate,4,182.85,37.61
2023-06-14,North,Office Supplies,Corporate,5,174.92,49.14
2023-06-14,East,Office Supplies,Consumer,5,211.49,52.65
2023-06-14,East,Food & Beverage,Consumer,3,73.61,12.27
2023-06-14,East,Furniture,Consumer,6,2348.03,449.03
2023-06-14,South,Office Supplies,Consumer,4,170.75,47.18
2023-06-15,South,Furniture,Corporate,2,802.24,202.01
2023-06-15,East,Furniture,Consumer,4,2033.93,450.51
2023-06-15,East,Food & Beverage,Home Office,5,119.16,21.58
2023-06-16,South,Electronics,Consumer,7,2151.76,346.65
2023-06-16,South,Furniture,Consumer,7,3592.17,863.5
2023-06-16,East,Office Supplies,Home Office,4,144.61,31.87
2023-06-17,East,Food & Beverage,Consumer,1,26.63,3.04
2023-06-17,South,Electronics,Consumer,1,324.65,64.04
2023-06-17,East,Food & Beverage,Corporate,2,56.83,9.75
2023-06-17,South,Clothing,Home Office,4,229.19,86.4
2023-06-17,East,Electronics,Home Office,2,736.94,94.03
2023-06-17,West,Clothing,Consumer,4,207.38,53.88
2023-06-17,North,Electronics,Consumer,7,2478.62,340.65
2023-06-17,North,Office Supplies,Corporate,7,253.2,72.92
2023-06-17,East,Electronics,Home Office,1,335.06,56.09
2023-06-17,East,Clothing,Corporate,3,182.43,48.71
2023-06-17,North,Electronics,Corporate,1,344.92,64.25
2023-06-18,North,Office Supplies,Home Office,6,251.57,79.62
2023-06-18,North,Clothing,Consumer,3,158.28,60.08
2023-06-18,West,Office Supplies,Corporate,6,258.94,62.58
2023-06-18,West,Office Supplies,Consumer,3,138.17,50.02
2023-06-18,East,Electronics,Corporate,2,736.02,148.03
2023-06-18,West,Electronics,Consumer,7,2497.58,355.12
2023-06-18,West,Electronics,Home Office,2,724.21,126.83
2023-06-18,East,Food & Beverage,Consumer,3,79.94,10.2
2023-06-19,West,Office Supplies,Consumer,1,43.42,15.17
2023-06-19,North,Food & Beverage,Corporate,2,46.29,7.37
2023-06-19,East,Furniture,Corporate,5,2229.47,387.77
2023-06-19,West,Clothing,Corporate,7,412.81,168.11
2023-06-19,South,Food & Beverage,Consumer,5,113.93,17.62
2023-06-19,West,Office Supplies,Consumer,3,111.69,36.22
2023-06-20,North,Food & Beverage,Home Office,5,121.22,19.15
2023-06-20,North,Office Supplies,Consumer,2,91.66,30.24
2023-06-20,East,Food & Beverage,Corporate,1,22.8,3.96
2023-06-20,North,Electronics,Corporate,1,366.06,60.32
2023-06-20,South,Office Supplies,Home Office,7,318.68,63.71
2023-06-20,South,Furniture,Home Office,4,1766.13,499.14
2023-06-20,North,Electronics,Consumer,5,1700.75,216.52
2023-06-20,East,Food & Beverage,Home Office,1,23.64,3.78
2023-06-20,North,Office Supplies,Consumer,4,173.4,52.37
2023-06-21,West,Office Supplies,Home Office,7,313.57,91.77
2023-06-21,North,Furniture,Consumer,5,1929.27,326.78
2023-06-21,East,Clothing,Corporate,7,416.3,157.76
2023-06-21,East,Furniture,Corporate,2,1022.33,218.35
2023-06-21,East,Electronics,Consumer,3,1025.89,209.77
2023-06-21,North,Furniture,Consumer,1,459.96,81.83
2023-06-21,North,Office Supplies,Consumer,7,271.91,64.0
2023-06-22,South,Clothing,Consumer,7,377.1,169.38
2023-06-22,East,Clothing,Consumer,3,162.11,41.05
2023-06-22,North,Electronics,Corporate,3,940.38,191.19
2023-06-22,North,Clothing,Consumer,7,434.07,110.33
2023-06-22,North,Food & Beverage,Consumer,4,104.55,11.13
2023-06-22,North,Electronics,Consumer,2,653.04,97.55
2023-06-22,South,Electronics,Corporate,5,1420.86,254.48
2023-06-22,South,Furniture,Corporate,1,405.94,70.69
2023-06-22,South,Office Supplies,Home Office,6,206.41,64.86
2023-06-23,North,Furniture,Home Office,3,1341.6,208.68
2023-06-23,South,Clothing,Corporate,5,295.01,107.08
2023-06-23,West,Electronics,Corporate,7,1925.3,380.65
2023-06-23,North,Electronics,Home Office,2,627.98,90.69
2023-06-24,South,Office Supplies,Home Office,2,75.55,19.44
2023-06-24,North,Clothing,Consumer,2,111.55,44.92
2023-06-24,West,Food & Beverage,Consumer,1,24.34,2.84
2023-06-24,North,Electronics,Consumer,3,823.25,171.88
2023-06-25,West,Furniture,Home Office,3,1220.21,262.69
2023-06-25,North,Food & Beverage,Corporate,6,151.16,23.96
2023-06-25,South,Furniture,Consumer,3,1199.43,303.69
2023-06-25,East,Food & Beverage,Consumer,5,122.7,19.83
2023-06-25,East,Electronics,Corporate,4,1356.35,256.12
2023-06-25,North,Food & Beverage,Consumer,6,149.93,16.96
2023-06-25,South,Food & Beverage,Consumer,5,138.17,14.54
2023-06-25,North,Office Supplies,Consumer,2,81.33,27.5
2023-06-25,North,Furniture,Corporate,4,1977.04,307.81
2023-06-26,South,Clothing,Consumer,3,172.11,60.37
2023-06-26,West,Electronics,Corporate,3,844.14,115.96
2023-06-26,West,Furniture,Home Office,4,1526.48,393.54
2023-06-26,West,Clothing,Corporate,3,187.76,77.37
2023-06-26,East,Furniture,Corporate,1,503.08,100.29
2023-06-27,East,Office Supplies,Consumer,4,142.06,33.77
2023-06-27,West,Office Supplies,Corporate,6,210.99,51.38
2023-06-27,South,Clothing,Corporate,7,392.28,133.43
2023-06-27,West,Food & Beverage,Corporate,2,44.47,7.4
2023-06-27,West,Electronics,Corporate,7,1962.84,403.49
2023-06-27,South,Furniture,Consumer,2,896.71,177.28
2023-06-28,South,Clothing,Consumer,6,307.09,111.1
2023-06-28,East,Electronics,Corporate,6,1681.54,369.77
2023-06-28,North,Food & Beverage,Corporate,5,130.05,16.95
2023-06-28,East,Clothing,Corporate,6,307.91,103.17
2023-06-28,North,Electronics,Home Office,1,351.25,45.11
2023-06-28,East,Electronics,Home Office,4,1389.94,322.25
2023-06-28,North,Clothing,Corporate,5,332.65,120.78
2023-06-29,South,Food & Beverage,Consumer,5,123.29,21.72
2023-06-29,North,Electronics,Consumer,2,559.72,117.59
2023-06-29,North,Office Supplies,Corporate,7,302.92,89.88
2023-06-29,West,Furniture,Consumer,3,1479.42,342.16
2023-06-29,East,Food & Beverage,Consumer,4,106.85,12.82
2023-06-29,East,Office Supplies,Corporate,5,221.8,52.09
2023-06-29,South,Furniture,Home Office,1,424.3,95.45
2023-06-29,North,Electronics,Consumer,4,1071.62,150.5
2023-06-30,South,Food & Beverage,Corporate,4,83.27,9.24
2023-06-30,East,Office Supplies,Corporate,6,266.74,90.89
2023-06-30,North,Electronics,Consumer,1,282.61,38.27
2023-06-30,East,Clothing,Home Office,4,215.3,78.64
2023-06-30,West,Food & Beverage,Corporate,3,77.77,14.83
2023-06-30,East,Food & Beverage,Consumer,5,136.87,16.58
2023-06-30,West,Office Supplies,Home Office,1,34.33,9.58
2023-06-30,South,Food & Beverage,Corporate,3,69.92,12.14
2023-06-30,North,Clothing,Consumer,4,208.15,89.6
2023-07-01,West,Office Supplies,Corporate,2,79.27,16.6
2023-07-01,East,Clothing,Corporate,2,112.55,31.34
2023-07-01,North,Clothing,Corporate,5,322.54,115.89
2023-07-01,North,Food & Beverage,Home Office,3,77.57,11.56
2023-07-02,North,Furniture,Consumer,4,1947.79,324.26
2023-07-02,East,Electronics,Corporate,4,1402.11,216.51
2023-07-02,East,Clothing,Consumer,7,370.85,127.81
2023-07-02,West,Office Supplies,Corporate,6,242.42,49.69
2023-07-02,West,Office Supplies,Consumer,7,293.13,95.35
2023-07-02,West,Electronics,Corporate,1,350.89,76.5
2023-07-02,South,Clothing,Corporate,5,315.17,89.48
2023-07-02,West,Food & Beverage,Consumer,2,54.03,8.48
2023-07-02,East,Clothing,Home Office,1,56.59,20.21
2023-07-02,East,Clothing,Corporate,1,55.97,20.32
2023-07-03,East,Electronics,Corporate,4,1052.89,234.62
2023-07-03,West,Clothing,Corporate,3,157.53,66.61
2023-07-03,East,Office Supplies,Consumer,1,42.34,14.47
2023-07-03,South,Furniture,Home Office,3,1271.48,293.81
2023-07-03,East,Electronics,Consumer,2,557.25,107.71
2023-07-03,North,Furniture,Home Office,1,433.25,79.25
2023-07-04,East,Food & Beverage,Corporate,4,103.58,11.69
2023-07-04,South,Furniture,Consumer,7,3256.37,569.76
2023-07-04,South,Office Supplies,Corporate,3,100.08,33.75
2023-07-04,West,Food & Beverage,Consumer,1,24.29,4.1
2023-07-04,North,Food & Beverage,Consumer,7,154.76,17.7
2023-07-05,North,Electronics,Home Office,7,2296.84,333.49
2023-07-05,West,Food & Beverage,Consumer,4,93.77,12.03
2023-07-05,East,Clothing,Corporate,6,382.58,98.06
2023-07-05,West,Clothing,Corporate,4,249.11,100.38
2023-07-05,West,Food & Beverage,Consumer,5,127.95,18.06
2023-07-05,North,Electronics,Consumer,6,2103.22,465.16
2023-07-05,North,Office Supplies,Consumer,1,32.7,10.37
2023-07-06,East,Electronics,Corporate,4,1304.82,244.75
2023-07-06,South,Food & Beverage,Consumer,6,134.57,18.92
2023-07-06,East,Electronics,Home Office,4,1274.66,262.64
2023-07-06,North,Electronics,Consumer,6,1878.95,307.99
2023-07-06,East,Electronics,Consumer,6,1991.16,264.49
2023-07-06,South,Clothing,Consumer,1,49.55,19.35
2023-07-06,South,Furniture,Home Office,4,1565.14,443.81
2023-07-06,East,Electronics,Home Office,3,840.32,163.4
2023-07-06,North,Office Supplies,Home Office,2,83.61,19.94
2023-07-06,South,Office Supplies,Consumer,6,260.29,82.91
2023-07-07,West,Clothing,Consumer,5,246.13,108.21
2023-07-07,East,Electronics,Consumer,5,1495.13,263.53
2023-07-07,West,Electronics,Consumer,2,682.19,86.38
2023-07-07,West,Furniture,Consumer,4,1651.94,386.6
2023-07-07,East,Food & Beverage,Corporate,6,152.91,22.61
2023-07-07,North,Furniture,Consumer,6,2845.82,733.24
2023-07-07,South,Clothing,Corporate,1,53.16,17.67
2023-07-08,East,Food & Beverage,Home Office,6,129.8,22.9
2023-07-08,East,Clothing,Corporate,5,251.8,76.42
2023-07-08,North,Office Supplies,Corporate,6,201.93,49.4
2023-07-08,West,Electronics,Home Office,4,1087.31,222.08
2023-07-08,South,Office Supplies,Consumer,4,157.17,54.68
2023-07-08,North,Furniture,Corporate,4,1645.06,342.07
2023-07-09,South,Clothing,Consumer,4,238.72,93.59
2023-07-09,West,Office Supplies,Home Office,2,87.08,29.62
2023-07-09,East,Office Supplies,Consumer,4,131.16,27.95
2023-07-09,North,Electronics,Corporate,7,2359.26,410.84
2023-07-09,East,Furniture,Consumer,3,1303.16,360.71
2023-07-09,East,Office Supplies,Consumer,7,282.05,76.09
2023-07-09,East,Electronics,Home Office,7,2092.11,297.72
2023-07-09,West,Electronics,Corporate,3,789.01,176.34
2023-07-09,South,Electronics,Consumer,1,339.38,42.77
2023-07-09,East,Office Supplies,Consumer,3,113.9,34.1
2023-07-09,South,Office Supplies,Consumer,1,36.27,11.32
2023-07-09,North,Food & Beverage,Consumer,6,147.73,24.35
2023-07-10,South,Furniture,Corporate,7,2644.4,717.77
2023-07-10,East,Electronics,Home Office,1,261.63,52.79
2023-07-10,North,Clothing,Home Office,5,250.24,94.17
2023-07-10,South,Clothing,Home Office,4,251.18,110.44
2023-07-10,South,Food & Beverage,Consumer,5,133.54,25.02
2023-07-10,South,Electronics,Home Office,2,585.68,100.0
2023-07-10,South,Clothing,Home Office,4,240.4,96.36
2023-07-10,East,Clothing,Corporate,5,249.34,102.08
2023-07-10,West,Office Supplies,Consumer,7,265.62,94.96
2023-07-10,South,Food & Beverage,Home Office,1,20.38,2.93
2023-07-11,South,Clothing,Consumer,7,371.95,150.62
2023-07-11,East,Clothing,Consumer,1,57.59,18.64
2023-07-11,North,Food & Beverage,Consumer,2,52.27,7.72
2023-07-12,West,Furniture,Consumer,4,1519.31,266.58
2023-07-12,North,Furniture,Consumer,2,927.5,171.43
2023-07-12,South,Clothing,Consumer,6,310.64,94.64
2023-07-12,West,Electronics,Consumer,6,1792.72,299.15
2023-07-12,North,Food & Beverage,Consumer,2,44.06,7.76
2023-07-12,West,Clothing,Corporate,3,160.11,68.15
2023-07-12,North,Electronics,Corporate,5,1433.38,244.77
2023-07-13,South,Electronics,Consumer,6,1817.77,310.85
2023-07-13,East,Electronics,Home Office,6,2008.09,382.46
2023-07-13,East,Office Supplies,Home Office,2,71.24,14.37
2023-07-13,West,Clothing,Consumer,3,148.54,48.1
2023-07-13,North,Electronics,Consumer,2,580.53,131.47
2023-07-13,South,Furniture,Home Office,2,950.54,186.21
2023-07-13,West,Electronics,Home Office,6,1790.99,265.1
2023-07-13,North,Clothing,Consumer,5,322.27,112.84
2023-07-14,South,Furniture,Consumer,3,1325.05,364.87
2023-07-14,South,Office Supplies,Consumer,3,124.22,44.62
2023-07-14,South,Electronics,Consumer,5,1631.42,285.8
2023-07-14,East,Office Supplies,Home Office,1,38.1,9.18
2023-07-14,North,Office Supplies,Corporate,7,229.21,82.04
2023-07-15,North,Furniture,Consumer,7,2993.94,582.65
2023-07-15,South,Electronics,Consumer,5,1630.61,318.36
2023-07-15,South,Office Supplies,Home Office,1,33.89,11.94
2023-07-15,South,Electronics,Home Office,2,669.87,111.22
2023-07-16,North,Furniture,Consumer,1,373.85,76.69
2023-07-16,East,Electronics,Corporate,4,1067.0,230.76
2023-07-16,East,Office Supplies,Consumer,7,298.72,82.42
2023-07-16,East,Food & Beverage,Corporate,4,100.72,18.55
2023-07-16,West,Electronics,Consumer,7,2246.18,512.78
2023-07-16,North,Electronics,Consumer,4,1249.19,204.73
2023-07-17,North,Office Supplies,Consumer,7,236.38,54.42
2023-07-17,East,Electronics,Consumer,2,607.39,126.86
2023-07-17,East,Electronics,Corporate,6,1916.55,341.68
2023-07-17,East,Office Supplies,Consumer,3,109.94,27.43
2023-07-17,West,Office Supplies,Consumer,5,188.6,38.55
2023-07-17,North,Electronics,Corporate,7,2400.35,557.07
2023-07-18,West,Office Supplies,Corporate,5,179.62,59.1
2023-07-18,South,Electronics,Home Office,4,1377.37,293.2
2023-07-18,East,Clothing,Consumer,6,369.83,155.86
2023-07-18,West,Furniture,Corporate,2,814.26,137.72
2023-07-18,West,Electronics,Consumer,2,641.95,103.44
2023-07-18,East,Furniture,Consumer,6,2750.54,601.05
2023-07-18,East,Food & Beverage,Corporate,7,180.65,19.54
2023-07-19,South,Office Supplies,Consumer,2,74.16,26.75
2023-07-19,North,Furniture,Corporate,4,1716.33,403.67
2023-07-19,South,Office Supplies,Home Office,6,246.48,55.52
2023-07-19,South,Electronics,Corporate,5,1698.96,379.09
2023-07-19,North,Furniture,Consumer,5,2037.76,437.52
2023-07-19,East,Electronics,Corporate,4,1068.29,185.38
2023-07-19,North,Office Supplies,Consumer,5,164.21,57.25
2023-07-19,North,Furniture,Consumer,6,2434.81,519.82
2023-07-20,South,Electronics,Home Office,6,2025.31,316.99
2023-07-20,North,Furniture,Home Office,4,1612.98,393.37
2023-07-20,East,Clothing,Home Office,5,241.22,108.47
2023-07-20,North,Clothing,Home Office,3,188.95,61.66
2023-07-20,North,Electronics,Home Office,1,265.84,56.4
2023-07-20,North,Food & Beverage,Home Office,3,68.21,12.63
2023-07-20,North,Clothing,Consumer,3,150.59,38.37
2023-07-21,South,Electronics,Consumer,2,669.43,126.0
2023-07-21,South,Office Supplies,Home Office,7,266.6,75.33
2023-07-21,North,Furniture,Consumer,5,2146.49,527.08
2023-07-21,East,Clothing,Consumer,2,112.54,28.03
2023-07-21,North,Electronics,Consumer,2,561.83,124.1
2023-07-21,East,Food & Beverage,Corporate,1,25.0,4.66
2023-07-22,West,Food & Beverage,Corporate,3,79.12,12.96
2023-07-22,West,Food & Beverage,Consumer,7,178.49,24.16
2023-07-22,West,Furniture,Corporate,7,2765.61,442.44
2023-07-22,East,Office Supplies,Corporate,5,196.93,70.83
2023-07-22,West,Food & Beverage,Consumer,6,152.95,24.02
2023-07-22,North,Office Supplies,Corporate,7,275.21,99.85
2023-07-22,East,Food & Beverage,Corporate,6,133.14,24.97
2023-07-23,East,Electronics,Consumer,5,1598.78,245.34
2023-07-23,West,Food & Beverage,Home Office,2,43.85,6.37
2023-07-23,South,Office Supplies,Consumer,3,124.51,31.68
2023-07-23,East,Food & Beverage,Corporate,2,49.58,8.0
2023-07-23,East,Electronics,Corporate,6,1603.2,235.0
2023-07-23,North,Food & Beverage,Corporate,3,71.69,13.6
2023-07-23,East,Office Supplies,Corporate,7,247.79,77.73
2023-07-23,West,Clothing,Corporate,6,357.57,158.07
2023-07-24,West,Furniture,Corporate,6,2745.54,771.05
2023-07-24,West,Office Supplies,Corporate,4,139.15,38.09
2023-07-24,West,Food & Beverage,Home Office,3,61.78,11.62
2023-07-24,West,Food & Beverage,Corporate,4,91.34,11.53
2023-07-24,West,Clothing,Consumer,5,260.73,81.5
2023-07-24,South,Clothing,Home Office,3,168.44,62.21
2023-07-25,West,Furniture,Corporate,6,2503.98,458.25
2023-07-25,South,Electronics,Home Office,3,1018.73,152.94
2023-07-25,North,Furniture,Home Office,4,1814.94,418.79
2023-07-25,West,Electronics,Consumer,2,611.14,90.5
2023-07-25,South,Clothing,Corporate,6,284.71,99.95
2023-07-25,North,Furniture,Consumer,7,3043.98,746.87
2023-07-25,South,Electronics,Consumer,6,1548.47,294.11
2023-07-26,North,Electronics,Consumer,4,1138.71,192.58
2023-07-26,East,Office Supplies,Home Office,4,146.74,42.37
2023-07-26,North,Electronics,Corporate,7,1782.69,412.03
2023-07-27,South,Food & Beverage,Corporate,3,63.62,8.47
2023-07-27,North,Office Supplies,Consumer,4,149.34,47.88
2023-07-27,East,Food & Beverage,Home Office,6,150.01,27.65
2023-07-27,North,Clothing,Consumer,3,179.19,62.6
2023-07-28,East,Electronics,Consumer,5,1645.01,341.2
2023-07-28,South,Furniture,Consumer,3,1371.11,335.01
2023-07-28,South,Furniture,Home Office,7,2588.72,589.39
2023-07-28,South,Furniture,Home Office,7,2766.65,477.62
2023-07-28,South,Electronics,Corporate,6,1826.38,347.06
2023-07-29,East,Electronics,Consumer,4,1087.22,197.16
2023-07-29,North,Office Supplies,Corporate,4,132.82,32.63
2023-07-29,North,Furniture,Consumer,2,858.1,136.59
2023-07-29,East,Clothing,Consumer,7,341.99,125.3
2023-07-29,East,Office Supplies,Corporate,5,195.3,41.53
2023-07-29,East,Food & Beverage,Consumer,6,135.93,25.12
2023-07-30,East,Clothing,Home Office,2,108.53,42.56
2023-07-30,East,Clothing,Corporate,7,395.2,132.95
2023-07-30,South,Office Supplies,Consumer,6,241.29,60.02
2023-07-30,East,Furniture,Corporate,3,1157.3,318.42
2023-07-30,South,Food & Beverage,Consumer,2,43.11,7.0
2023-07-30,West,Electronics,Corporate,6,1934.74,395.87
2023-07-30,South,Food & Beverage,Consumer,7,182.25,26.55
2023-07-30,North,Food & Beverage,Consumer,3,75.43,10.99
2023-07-30,West,Electronics,Home Office,5,1679.16,241.43
2023-07-30,South,Food & Beverage,Consumer,4,83.48,9.48
2023-07-30,South,Office Supplies,Home Office,5,191.15,38.5
2023-07-31,South,Electronics,Home Office,1,261.38,48.61
2023-07-31,South,Electronics,Corporate,6,1668.65,228.95
2023-07-31,North,Office Supplies,Corporate,7,257.39,58.89
2023-07-31,North,Electronics,Home Office,1,308.36,66.13
2023-08-01,North,Furniture,Home Office,1,452.29,108.56
2023-08-01,North,Clothing,Consumer,6,302.79,94.25
2023-08-01,North,Clothing,Corporate,7,405.64,130.14
2023-08-01,East,Office Supplies,Consumer,5,192.48,58.23
2023-08-01,North,Furniture,Corporate,7,2496.02,487.61
2023-08-01,South,Electronics,Home Office,6,1790.59,393.46
2023-08-01,West,Clothing,Consumer,5,297.49,117.15
2023-08-02,North,Furniture,Corporate,3,1439.46,329.49
2023-08-02,North,Food & Beverage,Corporate,6,133.17,24.78
2023-08-02,East,Office Supplies,Consumer,2,68.07,21.01
2023-08-02,West,Electronics,Home Office,6,1651.57,232.17
2023-08-02,East,Office Supplies,Home Office,6,194.98,42.0
2023-08-02,South,Office Supplies,Consumer,2,67.31,17.27
2023-08-03,North,Food & Beverage,Consumer,2,51.47,8.34
2023-08-03,North,Office Supplies,Consumer,2,71.77,20.53
2023-08-03,East,Electronics,Home Office,4,1180.02,176.07
2023-08-03,North,Clothing,Consumer,5,301.34,92.48
2023-08-03,North,Furniture,Home Office,5,2289.3,421.43
2023-08-03,East,Electronics,Home Office,6,1659.79,375.1
2023-08-03,North,Food & Beverage,Home Office,5,113.95,14.41
2023-08-03,South,Furniture,Home Office,6,2231.54,456.5
2023-08-04,South,Food & Beverage,Corporate,5,124.91,22.57
2023-08-04,North,Office Supplies,Home Office,5,200.53,43.12
2023-08-04,North,Furniture,Consumer,4,1680.38,421.81
2023-08-04,North,Office Supplies,Corporate,4,145.49,51.46
2023-08-05,North,Clothing,Consumer,5,253.3,81.49
2023-08-05,North,Electronics,Corporate,7,1773.63,250.71
2023-08-05,North,Electronics,Corporate,3,868.28,116.45
2023-08-05,East,Food & Beverage,Corporate,7,176.67,30.44
2023-08-05,North,Electronics,Corporate,1,263.55,35.23
2023-08-05,West,Office Supplies,Corporate,3,122.36,42.35
2023-08-05,North,Furniture,Corporate,7,2915.06,756.36
2023-08-06,South,Office Supplies,Consumer,3,99.61,30.8
2023-08-06,South,Office Supplies,Consumer,3,111.58,35.47
2023-08-06,South,Food & Beverage,Consumer,7,168.38,29.64
2023-08-06,West,Food & Beverage,Consumer,7,142.54,19.57
2023-08-06,South,Food & Beverage,Corporate,1,24.23,2.65
2023-08-06,East,Food & Beverage,Consumer,3,68.35,11.51
2023-08-06,South,Furniture,Consumer,3,1162.92,294.51
2023-08-07,North,Clothing,Corporate,7,443.76,115.8
2023-08-07,South,Food & Beverage,Corporate,3,70.75,9.25
2023-08-07,North,Electronics,Consumer,3,783.88,125.99
2023-08-07,East,Food & Beverage,Consumer,3,64.61,7.56
2023-08-07,North,Clothing,Consumer,4,202.05,85.18
2023-08-07,South,Clothing,Consumer,7,378.3,132.8
2023-08-07,West,Clothing,Corporate,5,255.85,84.36
2023-08-08,North,Office Supplies,Consumer,4,129.77,45.68
2023-08-08,South,Clothing,Corporate,2,126.68,48.94
2023-08-08,North,Furniture,Consumer,5,2270.18,598.68
2023-08-08,South,Clothing,Home Office,5,299.39,102.46
2023-08-08,East,Food & Beverage,Corporate,5,105.15,11.77
2023-08-08,East,Electronics,Corporate,3,777.6,136.4
2023-08-08,East,Clothing,Consumer,5,255.72,112.36
2023-08-08,North,Furniture,Corporate,1,370.57,59.65
2023-08-08,South,Office Supplies,Home Office,2,66.5,13.06
2023-08-08,North,Electronics,Home Office,5,1352.85,182.28
2023-08-09,North,Furniture,Consumer,6,2142.25,513.62
2023-08-09,South,Food & Beverage,Home Office,4,85.37,10.68
2023-08-09,West,Furniture,Consumer,4,1513.73,361.47
2023-08-10,West,Electronics,Corporate,4,1142.69,252.58
2023-08-10,North,Clothing,Consumer,2,123.59,53.95
2023-08-10,North,Electronics,Home Office,7,1822.22,402.69
2023-08-10,North,Office Supplies,Consumer,4,133.53,37.04
2023-08-10,North,Furniture,Consumer,3,1404.35,271.18
2023-08-10,East,Food & Beverage,Corporate,6,158.98,25.31
2023-08-10,West,Furniture,Corporate,1,365.94,65.43
2023-08-10,East,Electronics,Corporate,1,276.05,44.69
2023-08-11,North,Electronics,Consumer,3,1009.49,180.16
2023-08-11,East,Furniture,Consumer,4,1569.6,308.25
2023-08-11,West,Clothing,Consumer,2,128.45,35.6
2023-08-11,South,Electronics,Consumer,3,954.71,130.59
2023-08-11,North,Office Supplies,Home Office,3,113.97,23.62
2023-08-11,North,Electronics,Corporate,7,2118.67,331.01
2023-08-11,South,Food & Beverage,Consumer,3,76.82,13.98
2023-08-11,North,Electronics,Consumer,2,530.92,72.6
2023-08-12,East,Food & Beverage,Corporate,3,73.24,9.0
2023-08-12,South,Office Supplies,Consumer,7,298.66,90.74
2023-08-12,North,Office Supplies,Consumer,6,202.96,56.41
2023-08-12,South,Electronics,Home Office,1,304.33,66.04
2023-08-12,North,Office Supplies,Home Office,7,243.37,58.89
2023-08-12,South,Furniture,Corporate,6,2782.73,473.18
2023-08-12,South,Clothing,Consumer,1,62.6,28.34
2023-08-13,East,Furniture,Corporate,3,1103.38,187.54
2023-08-13,West,Electronics,Consumer,3,1024.72,232.6
2023-08-13,South,Furniture,Corporate,6,2284.02,513.19
2023-08-14,East,Clothing,Corporate,3,166.49,63.78
2023-08-14,West,Furniture,Consumer,3,1341.84,357.91
2023-08-14,West,Clothing,Home Office,3,164.4,42.76
2023-08-14,South,Office Supplies,Consumer,7,293.26,60.01
2023-08-14,South,Office Supplies,Corporate,6,251.9,70.4
2023-08-14,East,Furniture,Consumer,3,1331.17,228.44
2023-08-14,South,Electronics,Corporate,1,338.17,70.87
2023-08-15,North,Electronics,Home Office,3,882.99,132.8
2023-08-15,South,Clothing,Corporate,2,104.0,42.32
2023-08-15,West,Food & Beverage,Home Office,1,21.82,2.55
2023-08-15,South,Electronics,Consumer,4,1046.27,230.1
2023-08-15,South,Clothing,Home Office,7,372.86,161.59
2023-08-15,West,Office Supplies,Consumer,4,151.69,51.8
2023-08-16,East,Food & Beverage,Consumer,7,175.04,26.79
2023-08-16,West,Food & Beverage,Consumer,7,185.68,31.73
2023-08-16,East,Food & Beverage,Corporate,6,161.02,26.95
2023-08-16,East,Office Supplies,Consumer,2,72.23,20.21
2023-08-16,North,Food & Beverage,Corporate,5,120.5,15.25
2023-08-16,East,Electronics,Consumer,2,665.93,150.6
2023-08-16,North,Office Supplies,Corporate,2,77.17,20.65
2023-08-16,South,Electronics,Home Office,2,685.91,103.62
2023-08-16,West,Electronics,Consumer,3,830.42,193.97
2023-08-16,North,Furniture,Home Office,6,2432.88,682.42
2023-08-16,West,Office Supplies,Consumer,4,171.45,61.91
2023-08-17,East,Electronics,Consumer,1,282.89,39.01
2023-08-17,South,Clothing,Home Office,3,161.43,62.19
2023-08-17,West,Clothing,Consumer,5,262.58,95.99
2023-08-17,West,Furniture,Corporate,3,1428.64,267.87
2023-08-17,South,Electronics,Corporate,6,2002.62,451.69
2023-08-18,East,Electronics,Home Office,7,2008.89,368.41
2023-08-18,East,Clothing,Consumer,6,370.09,133.09
2023-08-19,East,Electronics,Consumer,6,1916.46,296.58
2023-08-19,North,Clothing,Consumer,7,350.32,119.83
2023-08-19,West,Electronics,Consumer,3,896.13,191.38
2023-08-19,West,Office Supplies,Consumer,6,197.57,50.32
2023-08-19,East,Food & Beverage,Corporate,6,139.7,22.62
2023-08-19,South,Electronics,Home Office,5,1715.53,284.07
2023-08-20,North,Office Supplies,Corporate,4,171.99,38.39
2023-08-20,East,Furniture,Home Office,6,2706.01,747.55
2023-08-20,East,Electronics,Home Office,5,1647.03,280.18
2023-08-20,East,Food & Beverage,Home Office,7,178.18,34.3
2023-08-20,East,Office Supplies,Corporate,5,174.02,34.53
2023-08-21,West,Office Supplies,Corporate,4,163.14,52.83
2023-08-21,East,Office Supplies,Consumer,5,183.63,58.63
2023-08-21,South,Food & Beverage,Corporate,5,130.49,14.42
2023-08-21,West,Furniture,Corporate,2,868.69,149.63
2023-08-21,West,Office Supplies,Home Office,5,201.66,62.0
2023-08-21,West,Electronics,Home Office,7,1843.38,378.22
2023-08-21,East,Office Supplies,Consumer,3,128.56,46.61
2023-08-21,South,Food & Beverage,Consumer,6,134.46,20.28
2023-08-21,North,Clothing,Consumer,3,145.27,46.4
2023-08-21,North,Electronics,Consumer,7,2065.15,459.98
2023-08-22,South,Clothing,Home Office,4,254.58,112.15
2023-08-22,East,Food & Beverage,Corporate,7,186.29,28.05
2023-08-22,North,Office Supplies,Corporate,6,196.78,48.79
2023-08-22,North,Food & Beverage,Home Office,7,190.91,24.09
2023-08-22,North,Furniture,Home Office,2,749.74,138.45
2023-08-22,North,Furniture,Consumer,5,1849.58,454.18
2023-08-22,East,Clothing,Corporate,3,168.74,61.11
2023-08-22,East,Food & Beverage,Consumer,2,50.66,6.39
2023-08-22,West,Clothing,Corporate,7,358.01,127.8
2023-08-22,North,Clothing,Consumer,1,60.76,17.34
2023-08-23,East,Electronics,Home Office,5,1361.37,217.15
2023-08-23,North,Food & Beverage,Corporate,6,153.71,18.76
2023-08-23,West,Office Supplies,Consumer,1,40.2,13.32
2023-08-23,South,Office Supplies,Consumer,7,287.91,58.08
2023-08-23,West,Furniture,Corporate,3,1385.52,392.5
2023-08-23,South,Furniture,Corporate,5,2009.88,465.22
2023-08-23,South,Clothing,Corporate,1,55.5,21.86
2023-08-24,East,Office Supplies,Home Office,5,196.0,48.11
2023-08-24,North,Furniture,Consumer,2,974.04,255.98
2023-08-24,West,Electronics,Consumer,7,2336.22,497.98
2023-08-25,South,Food & Beverage,Corporate,7,157.11,16.74
2023-08-25,North,Furniture,Corporate,1,445.59,108.79
2023-08-25,South,Office Supplies,Consumer,5,213.3,54.07
2023-08-25,North,Electronics,Corporate,2,622.43,134.98
2023-08-25,North,Clothing,Consumer,3,161.12,69.69
2023-08-25,East,Office Supplies,Corporate,7,227.89,62.84
2023-08-26,North,Clothing,Consumer,4,218.93,65.4
2023-08-26,North,Electronics,Corporate,1,306.66,55.38
2023-08-26,North,Office Supplies,Consumer,7,265.4,71.4
2023-08-26,East,Furniture,Consumer,2,948.32,175.11
2023-08-26,North,Office Supplies,Consumer,7,234.44,68.63
2023-08-27,North,Clothing,Corporate,5,299.85,114.81
2023-08-27,South,Electronics,Consumer,7,2401.85,507.13
2023-08-27,South,Furniture,Consumer,6,2596.36,608.99
2023-08-27,North,Electronics,Consumer,6,1810.68,413.94
2023-08-28,West,Office Supplies,Consumer,3,100.54,27.2
2023-08-28,South,Furniture,Home Office,5,2421.51,521.64
2023-08-28,North,Electronics,Consumer,4,1273.78,244.19
2023-08-28,West,Food & Beverage,Consumer,5,133.43,19.71
2023-08-28,North,Office Supplies,Home Office,2,82.71,28.38
2023-08-28,North,Furniture,Corporate,4,1503.1,413.72
2023-08-28,West,Clothing,Consumer,5,273.6,71.47
2023-08-28,South,Food & Beverage,Consumer,5,113.9,14.26
2023-08-28,West,Electronics,Consumer,6,1782.17,300.1
2023-08-29,North,Office Supplies,Corporate,2,66.84,20.45
2023-08-29,North,Clothing,Consumer,1,52.87,22.48
2023-08-29,North,Clothing,Corporate,3,152.2,59.37
2023-08-29,East,Food & Beverage,Consumer,5,118.18,19.61
2023-08-29,West,Clothing,Consumer,5,264.6,81.23
2023-08-29,West,Clothing,Corporate,3,189.84,47.78
2023-08-29,East,Office Supplies,Corporate,3,107.9,30.06
2023-08-29,East,Food & Beverage,Home Office,5,137.69,15.56
2023-08-30,North,Electronics,Consumer,6,1672.33,363.63
2023-08-30,North,Food & Beverage,Home Office,5,138.5,15.92
2023-08-30,North,Clothing,Consumer,7,433.35,124.37
2023-08-31,East,Office Supplies,Consumer,6,246.11,61.49
2023-08-31,East,Clothing,Corporate,6,344.91,100.25
2023-08-31,West,Office Supplies,Home Office,6,216.21,55.11
2023-08-31,West,Office Supplies,Home Office,2,70.65,14.42
2023-08-31,East,Clothing,Corporate,3,162.9,42.38
2023-08-31,South,Office Supplies,Home Office,2,72.46,20.68
2023-08-31,North,Clothing,Consumer,7,352.65,157.98
2023-08-31,East,Office Supplies,Home Office,6,229.78,53.73
2023-09-01,North,Furniture,Corporate,4,1618.24,284.72
2023-09-01,East,Electronics,Consumer,3,933.26,198.32
2023-09-01,South,Electronics,Home Office,5,1689.06,216.48
2023-09-02,South,Clothing,Home Office,3,194.71,82.98
2023-09-02,South,Clothing,Corporate,7,447.11,126.28
2023-09-02,North,Clothing,Consumer,7,359.66,149.59
2023-09-02,West,Electronics,Consumer,7,2390.66,392.62
2023-09-02,North,Furniture,Corporate,6,2640.91,457.23
2023-09-02,West,Clothing,Home Office,4,256.0,114.26
2023-09-02,West,Clothing,Consumer,3,182.26,45.39
2023-09-02,South,Furniture,Home Office,7,2679.38,738.02
2023-09-03,South,Food & Beverage,Consumer,6,164.08,23.33
2023-09-03,South,Furniture,Consumer,1,395.26,72.32
2023-09-03,West,Office Supplies,Consumer,2,74.16,26.39
2023-09-03,East,Electronics,Corporate,6,1831.26,276.82
2023-09-03,South,Food & Beverage,Consumer,2,46.93,7.96
2023-09-04,East,Food & Beverage,Consumer,1,23.68,2.55
2023-09-04,East,Furniture,Corporate,7,3006.45,800.77
2023-09-04,North,Food & Beverage,Consumer,6,132.6,25.15
2023-09-04,East,Clothing,Consumer,3,194.73,69.75
2023-09-04,North,Food & Beverage,Corporate,3,72.64,10.74
2023-09-04,North,Electronics,Corporate,3,920.08,195.18
2023-09-04,North,Food & Beverage,Corporate,6,138.84,23.67
2023-09-04,East,Food & Beverage,Corporate,7,187.64,36.13
2023-09-04,East,Office Supplies,Consumer,6,270.07,67.3
2023-09-05,West,Furniture,Home Office,6,2790.57,630.98
2023-09-05,South,Clothing,Corporate,1,64.32,27.77
2023-09-05,East,Food & Beverage,Consumer,4,101.23,19.27
2023-09-05,East,Clothing,Corporate,4,218.0,73.77
2023-09-05,East,Office Supplies,Consumer,5,184.64,60.08
2023-09-05,South,Food & Beverage,Consumer,7,195.81,23.72
2023-09-05,East,Clothing,Consumer,4,231.45,67.97
2023-09-05,North,Furniture,Home Office,1,410.57,95.25
2023-09-06,North,Clothing,Consumer,3,182.36,76.86
2023-09-06,South,Furniture,Corporate,1,502.63,124.99
2023-09-06,East,Office Supplies,Home Office,7,293.22,68.85
2023-09-06,West,Furniture,Corporate,1,382.14,74.64
2023-09-06,East,Electronics,Consumer,6,2084.42,421.49
2023-09-06,East,Office Supplies,Consumer,5,194.23,57.24
2023-09-07,South,Electronics,Home Office,7,1980.68,421.26
2023-09-07,East,Electronics,Corporate,6,2029.55,298.51
2023-09-07,East,Clothing,Corporate,1,60.71,26.9
2023-09-07,North,Furniture,Home Office,4,1705.51,433.92
2023-09-07,North,Electronics,Consumer,1,288.32,39.43
2023-09-08,West,Clothing,Corporate,1,53.29,15.1
2023-09-08,West,Furniture,Consumer,6,2307.25,492.33
2023-09-08,West,Food & Beverage,Consumer,3,79.98,12.37
2023-09-08,West,Clothing,Consumer,7,440.18,173.7
2023-09-08,East,Furniture,Corporate,1,474.44,123.76
2023-09-08,East,Food & Beverage,Corporate,5,127.0,18.44
2023-09-08,East,Office Supplies,Consumer,6,255.1,84.89
2023-09-08,South,Electronics,Corporate,2,586.01,90.1
2023-09-09,North,Furniture,Corporate,4,1943.58,356.46
2023-09-09,West,Food & Beverage,Corporate,1,27.93,4.61
2023-09-09,West,Food & Beverage,Corporate,4,87.86,15.58
2023-09-09,West,Food & Beverage,Consumer,4,114.33,15.65
2023-09-09,West,Office Supplies,Consumer,6,227.9,73.51
2023-09-09,North,Food & Beverage,Home Office,3,77.86,14.84
2023-09-09,North,Furniture,Consumer,3,1163.03,201.7
2023-09-09,West,Clothing,Home Office,6,356.05,136.64
2023-09-10,North,Furniture,Consumer,5,2340.57,585.07
2023-09-10,East,Clothing,Corporate,5,344.83,154.58
2023-09-10,South,Food & Beverage,Consumer,2,52.35,6.88
2023-09-11,West,Food & Beverage,Consumer,2,55.98,7.43
2023-09-11,East,Office Supplies,Corporate,7,274.06,72.63
2023-09-11,West,Office Supplies,Corporate,2,78.06,21.08
2023-09-12,South,Office Supplies,Consumer,4,180.89,42.79
2023-09-12,East,Furniture,Home Office,7,3236.65,855.13
2023-09-12,South,Food & Beverage,Home Office,5,137.27,16.81
2023-09-12,East,Food & Beverage,Corporate,5,109.84,12.53
2023-09-12,South,Electronics,Consumer,7,2231.59,391.02
2023-09-13,North,Furniture,Consumer,7,3306.15,728.76
2023-09-13,West,Electronics,Consumer,3,992.18,200.94
2023-09-13,West,Clothing,Consumer,5,287.3,88.43
2023-09-13,South,Electronics,Consumer,7,2326.63,496.84
2023-09-13,North,Electronics,Consumer,5,1449.91,270.92
2023-09-13,West,Office Supplies,Corporate,7,249.91,75.2
2023-09-13,North,Furniture,Consumer,1,411.58,96.87
2023-09-13,East,Furniture,Corporate,5,2490.73,608.27
2023-09-13,South,Food & Beverage,Home Office,6,172.6,25.02
2023-09-14,South,Electronics,Consumer,7,2126.93,366.19
2023-09-14,South,Electronics,Corporate,2,657.79,97.2
2023-09-14,South,Electronics,Consumer,1,307.56,53.78
2023-09-14,West,Furniture,Corporate,7,2987.04,694.0
2023-09-14,North,Food & Beverage,Corporate,2,49.84,7.78
2023-09-15,North,Electronics,Home Office,6,1673.54,368.0
2023-09-15,North,Clothing,Consumer,6,419.59,188.47
2023-09-15,East,Furniture,Corporate,6,3049.4,855.72
2023-09-15,North,Electronics,Consumer,4,1307.59,182.47
2023-09-15,West,Food & Beverage,Corporate,5,117.86,19.14
2023-09-15,North,Food & Beverage,Consumer,7,176.69,34.35
2023-09-15,South,Office Supplies,Corporate,4,150.55,52.83
2023-09-15,East,Furniture,Consumer,2,1048.13,171.66
2023-09-15,North,Clothing,Consumer,1,55.41,17.16
2023-09-15,South,Office Supplies,Consumer,6,247.75,88.74
2023-09-15,North,Office Supplies,Corporate,5,192.03,37.87
2023-09-15,South,Furniture,Corporate,3,1461.48,366.33
2023-09-15,South,Furniture,Consumer,7,3344.01,778.37
2023-09-15,East,Electronics,Consumer,7,2172.55,466.47
2023-09-16,West,Office Supplies,Corporate,3,123.39,43.56
2023-09-16,West,Office Supplies,Corporate,3,117.61,36.38
2023-09-16,North,Food & Beverage,Consumer,2,50.77,7.88
2023-09-16,West,Electronics,Home Office,6,1721.01,333.39
2023-09-16,South,Food & Beverage,Consumer,1,28.15,5.29
2023-09-16,North,Electronics,Consumer,2,645.68,113.54
2023-09-16,East,Clothing,Consumer,6,351.87,111.52
2023-09-17,North,Furniture,Consumer,7,3191.6,703.73
2023-09-17,North,Office Supplies,Consumer,4,140.22,34.11
2023-09-17,West,Office Supplies,Corporate,6,234.7,55.61
2023-09-17,West,Clothing,Corporate,1,52.74,21.86
2023-09-18,South,Furniture,Consumer,7,3455.22,897.13
2023-09-18,South,Clothing,Consumer,4,231.61,81.77
2023-09-18,East,Office Supplies,Consumer,3,118.64,26.21
2023-09-19,West,Food & Beverage,Home Office,4,90.6,14.27
2023-09-19,North,Clothing,Consumer,3,190.72,69.11
2023-09-19,North,Furniture,Consumer,2,817.08,139.57
2023-09-20,North,Office Supplies,Consumer,7,291.34,87.34
2023-09-20,West,Food & Beverage,Consumer,4,115.91,21.19
2023-09-20,South,Clothing,Consumer,7,456.04,121.44
2023-09-20,East,Office Supplies,Corporate,1,40.24,9.7
2023-09-20,West,Furniture,Consumer,7,2863.37,486.08
2023-09-20,North,Furniture,Corporate,7,3142.78,881.62
2023-09-20,North,Office Supplies,Consumer,4,163.78,57.45
2023-09-21,East,Furniture,Corporate,6,3013.77,499.13
2023-09-21,East,Electronics,Home Office,1,323.7,64.54
2023-09-21,North,Clothing,Consumer,2,113.23,27.98
2023-09-22,West,Food & Beverage,Corporate,7,182.87,23.46
2023-09-22,South,Electronics,Home Office,5,1513.49,323.61
2023-09-22,South,Furniture,Corporate,1,531.97,95.23
2023-09-22,North,Food & Beverage,Corporate,5,119.23,18.98
2023-09-22,North,Furniture,Consumer,7,3712.75,958.29
2023-09-22,West,Food & Beverage,Consumer,1,25.0,2.72
2023-09-23,East,Office Supplies,Corporate,5,238.78,50.7
2023-09-23,East,Office Supplies,Corporate,1,39.57,10.54
2023-09-23,South,Office Supplies,Consumer,5,197.15,56.45
2023-09-23,East,Food & Beverage,Consumer,3,86.18,13.37
2023-09-24,North,Food & Beverage,Consumer,4,94.9,18.0
2023-09-24,North,Electronics,Corporate,3,1123.24,148.83
2023-09-24,West,Clothing,Home Office,6,383.05,102.6
2023-09-24,North,Food & Beverage,Corporate,4,104.28,20.32
2023-09-24,East,Furniture,Home Office,1,414.93,79.54
2023-09-24,South,Office Supplies,Consumer,3,122.2,44.19
2023-09-24,South,Clothing,Corporate,3,217.22,97.75
2023-09-25,South,Clothing,Consumer,1,56.8,17.62
2023-09-25,North,Food & Beverage,Corporate,4,112.41,19.21
2023-09-25,West,Furniture,Consumer,3,1225.76,290.85
2023-09-25,South,Electronics,Home Office,1,294.95,61.15
2023-09-25,North,Clothing,Consumer,7,430.62,133.31
2023-09-25,West,Electronics,Consumer,7,2400.66,531.72
2023-09-25,West,Food & Beverage,Home Office,2,46.81,6.93
2023-09-25,West,Food & Beverage,Consumer,3,83.34,10.58
2023-09-25,West,Food & Beverage,Consumer,7,179.7,30.41
2023-09-25,East,Clothing,Corporate,5,292.51,130.02
2023-09-25,North,Office Supplies,Corporate,5,214.74,72.54
2023-09-26,East,Clothing,Corporate,1,57.57,14.52
2023-09-26,West,Office Supplies,Consumer,3,144.76,42.36
2023-09-26,North,Furniture,Home Office,7,3173.61,647.71
2023-09-26,East,Food & Beverage,Consumer,7,180.74,27.54
2023-09-26,East,Clothing,Consumer,1,65.52,28.57
2023-09-26,West,Electronics,Consumer,4,1173.22,191.78
2023-09-26,West,Clothing,Home Office,5,318.12,116.65
2023-09-26,North,Electronics,Consumer,1,339.63,55.12
2023-09-26,East,Office Supplies,Corporate,6,218.67,52.13
2023-09-26,East,Food & Beverage,Corporate,2,55.82,9.66
2023-09-27,North,Office Supplies,Corporate,3,146.02,40.9
2023-09-27,East,Furniture,Corporate,5,2632.34,676.49
2023-09-27,East,Office Supplies,Consumer,6,277.56,88.67
2023-09-27,North,Food & Beverage,Consumer,6,174.51,33.44
2023-09-27,South,Office Supplies,Corporate,1,48.47,14.98
2023-09-27,West,Food & Beverage,Corporate,1,25.88,3.08
2023-09-27,South,Food & Beverage,Corporate,1,23.47,2.86
2023-09-27,East,Electronics,Home Office,3,1012.64,166.96
2023-09-27,East,Office Supplies,Home Office,6,246.32,78.91
2023-09-27,North,Office Supplies,Corporate,6,273.6,65.47
2023-09-27,North,Electronics,Corporate,5,1727.71,256.22
2023-09-27,North,Furniture,Consumer,1,530.8,109.36
2023-09-28,North,Clothing,Consumer,5,292.79,110.12
2023-09-28,North,Food & Beverage,Home Office,2,57.26,10.75
2023-09-28,East,Clothing,Consumer,5,285.1,100.59
2023-09-28,North,Clothing,Consumer,2,128.42,46.71
2023-09-28,East,Electronics,Corporate,7,2097.81,360.19
2023-09-28,North,Clothing,Corporate,4,292.98,101.71
2023-09-28,South,Electronics,Home Office,6,2137.63,485.23
2023-09-28,South,Clothing,Corporate,7,499.01,149.45
2023-09-29,West,Office Supplies,Corporate,4,175.61,36.45
2023-09-29,North,Clothing,Corporate,4,238.22,81.69
2023-09-29,East,Electronics,Corporate,3,1120.23,237.64
2023-09-29,West,Food & Beverage,Home Office,3,89.56,12.06
2023-09-29,East,Electronics,Home Office,4,1569.02,309.56
2023-09-30,South,Office Supplies,Corporate,4,177.38,64.45
2023-09-30,North,Clothing,Consumer,2,133.9,35.55
2023-09-30,East,Clothing,Corporate,6,408.2,182.25
2023-09-30,East,Electronics,Consumer,2,739.8,121.91
2023-09-30,North,Food & Beverage,Consumer,5,122.41,14.38
2023-10-01,West,Food & Beverage,Consumer,6,185.33,21.75
2023-10-01,North,Office Supplies,Consumer,2,96.85,31.12
2023-10-01,North,Electronics,Consumer,1,386.99,88.31
2023-10-01,West,Food & Beverage,Corporate,6,156.67,18.06
2023-10-01,West,Clothing,Home Office,5,314.91,142.22
2023-10-01,East,Clothing,Home Office,4,277.81,123.75
2023-10-01,South,Office Supplies,Consumer,7,311.18,109.56
2023-10-01,East,Office Supplies,Home Office,6,256.22,68.42
2023-10-02,West,Food & Beverage,Corporate,2,59.92,6.77
2023-10-02,West,Office Supplies,Corporate,6,258.81,80.1
2023-10-02,South,Food & Beverage,Consumer,3,75.55,12.57
2023-10-02,West,Electronics,Consumer,1,312.26,69.03
2023-10-02,South,Office Supplies,Consumer,4,183.47,44.45
2023-10-02,West,Clothing,Consumer,4,257.3,115.01
2023-10-02,North,Electronics,Corporate,6,2263.33,296.86
2023-10-03,North,Electronics,Home Office,3,1054.49,159.95
2023-10-03,South,Office Supplies,Consumer,1,37.78,7.67
2023-10-03,East,Electronics,Home Office,1,328.25,55.39
2023-10-03,East,Clothing,Home Office,4,271.32,105.39
2023-10-03,East,Electronics,Consumer,3,1065.25,207.35
2023-10-04,West,Furniture,Corporate,2,930.36,180.64
2023-10-04,South,Electronics,Consumer,7,2442.76,393.26
2023-10-04,East,Food & Beverage,Consumer,2,48.34,6.46
2023-10-04,South,Electronics,Corporate,1,340.57,69.96
2023-10-04,East,Electronics,Consumer,2,672.15,86.23
2023-10-05,East,Food & Beverage,Home Office,2,49.3,8.15
2023-10-05,East,Office Supplies,Consumer,1,42.07,8.89
2023-10-06,North,Clothing,Consumer,6,415.61,124.53
2023-10-06,East,Clothing,Home Office,3,176.85,46.52
2023-10-06,West,Furniture,Consumer,6,2608.68,734.11
2023-10-06,South,Furniture,Consumer,5,2711.78,488.06
2023-10-06,East,Office Supplies,Corporate,6,266.74,88.72
2023-10-06,South,Electronics,Corporate,3,1042.21,142.24
2023-10-06,East,Food & Beverage,Home Office,3,96.02,17.11
2023-10-06,West,Electronics,Corporate,5,1566.73,241.95
2023-10-06,South,Office Supplies,Corporate,4,153.51,41.69
2023-10-07,North,Food & Beverage,Consumer,6,156.17,25.13
2023-10-07,South,Furniture,Home Office,6,2736.88,593.46
2023-10-07,South,Food & Beverage,Corporate,5,120.71,20.13
2023-10-07,South,Food & Beverage,Consumer,5,155.32,22.18
2023-10-07,West,Office Supplies,Consumer,7,267.96,59.36
2023-10-07,North,Food & Beverage,Consumer,2,54.06,6.44
2023-10-07,North,Clothing,Home Office,5,354.79,114.13
2023-10-07,South,Clothing,Corporate,3,230.44,57.25
2023-10-08,West,Clothing,Home Office,1,64.7,17.09
2023-10-08,North,Clothing,Consumer,3,227.27,65.51
2023-10-08,South,Food & Beverage,Consumer,4,96.04,12.14
2023-10-08,North,Electronics,Corporate,5,1626.4,226.81
2023-10-08,East,Furniture,Consumer,3,1447.01,328.6
2023-10-09,West,Electronics,Corporate,2,750.03,139.82
2023-10-09,North,Clothing,Consumer,1,61.55,26.65
2023-10-09,East,Furniture,Consumer,2,1149.49,212.3
2023-10-09,South,Office Supplies,Consumer,3,128.33,32.19
2023-10-09,East,Food & Beverage,Consumer,5,137.24,24.91
2023-10-09,South,Furniture,Consumer,2,930.67,198.56
2023-10-10,East,Clothing,Corporate,1,71.95,26.38
2023-10-10,West,Electronics,Home Office,6,2184.95,501.51
2023-10-10,North,Electronics,Consumer,3,1213.95,193.39
2023-10-10,West,Office Supplies,Corporate,6,298.58,83.48
2023-10-10,South,Food & Beverage,Consumer,1,30.87,3.87
2023-10-10,East,Office Supplies,Home Office,7,316.69,101.76
2023-10-11,South,Furniture,Corporate,5,2207.77,494.32
2023-10-11,North,Furniture,Consumer,6,3533.17,961.1
2023-10-11,North,Clothing,Corporate,1,69.61,17.19
2023-10-11,South,Furniture,Corporate,7,3286.49,671.82
2023-10-12,South,Furniture,Consumer,2,923.22,201.61
2023-10-12,South,Furniture,Home Office,3,1624.47,460.35
2023-10-12,North,Furniture,Consumer,7,3539.91,667.51
2023-10-12,West,Clothing,Home Office,6,421.84,103.96
2023-10-12,West,Office Supplies,Corporate,2,83.1,27.75
2023-10-12,North,Office Supplies,Corporate,3,154.06,49.32
2023-10-12,South,Food & Beverage,Consumer,6,167.23,26.14
2023-10-12,North,Furniture,Consumer,7,3965.16,833.86
2023-10-12,South,Food & Beverage,Consumer,1,27.78,5.09
2023-10-12,North,Office Supplies,Consumer,6,258.83,69.27
2023-10-12,North,Food & Beverage,Consumer,7,188.8,34.07
2023-10-12,South,Clothing,Home Office,4,250.44,94.32
2023-10-13,East,Furniture,Consumer,2,1016.48,230.0
2023-10-13,West,Furniture,Home Office,4,1851.11,433.54
2023-10-13,East,Food & Beverage,Consumer,3,87.71,10.56
2023-10-13,South,Food & Beverage,Home Office,3,95.78,16.39
2023-10-13,West,Clothing,Consumer,7,479.09,192.52
2023-10-13,East,Clothing,Corporate,7,458.95,137.63
2023-10-13,South,Electronics,Corporate,7,2777.28,600.47
2023-10-13,West,Office Supplies,Consumer,4,177.7,47.11
2023-10-13,West,Office Supplies,Consumer,3,156.33,54.65
2023-10-14,West,Food & Beverage,Consumer,7,174.93,30.65
2023-10-14,West,Office Supplies,Corporate,1,53.27,11.04
2023-10-14,West,Clothing,Consumer,4,300.64,134.15
2023-10-14,East,Electronics,Corporate,7,2584.78,449.13
2023-10-14,West,Furniture,Consumer,4,2257.09,464.25
2023-10-15,South,Furniture,Consumer,4,2058.56,583.53
2023-10-15,North,Furniture,Home Office,5,2355.73,558.01
2023-10-15,East,Food & Beverage,Corporate,1,27.25,3.7
2023-10-15,North,Food & Beverage,Consumer,2,64.79,8.07
2023-10-16,North,Food & Beverage,Consumer,6,152.86,18.8
2023-10-16,East,Food & Beverage,Corporate,1,32.94,6.09
2023-10-16,North,Office Supplies,Consumer,5,256.16,80.55
2023-10-16,South,Office Supplies,Home Office,7,292.78,59.54
2023-10-16,North,Clothing,Home Office,3,188.7,75.58
2023-10-16,North,Electronics,Corporate,7,2549.57,392.6
2023-10-17,West,Furniture,Consumer,3,1399.34,392.21
2023-10-17,East,Furniture,Corporate,4,1909.34,401.71
2023-10-17,East,Office Supplies,Corporate,5,208.91,55.45
2023-10-17,East,Clothing,Consumer,7,479.64,185.82
2023-10-17,South,Furniture,Corporate,4,1981.03,463.29
2023-10-17,East,Furniture,Home Office,7,3613.24,909.63
2023-10-17,North,Food & Beverage,Corporate,7,202.99,25.17
2023-10-18,North,Food & Beverage,Home Office,7,213.27,22.81
2023-10-18,South,Electronics,Consumer,1,329.06,47.43
2023-10-18,South,Food & Beverage,Corporate,1,31.66,5.01
2023-10-18,East,Furniture,Corporate,6,2808.01,526.37
2023-10-18,North,Food & Beverage,Consumer,2,57.4,7.16
2023-10-18,North,Food & Beverage,Consumer,6,154.18,30.03
2023-10-19,South,Electronics,Consumer,4,1379.0,201.98
2023-10-19,East,Clothing,Corporate,7,470.87,122.41
2023-10-19,South,Food & Beverage,Corporate,3,100.2,17.89
2023-10-19,West,Clothing,Corporate,5,396.56,159.46
2023-10-19,East,Clothing,Corporate,1,68.78,22.97
2023-10-19,North,Food & Beverage,Corporate,1,33.3,5.45
2023-10-19,North,Clothing,Corporate,5,381.18,105.41
2023-10-19,South,Electronics,Home Office,4,1342.61,304.64
2023-10-20,East,Furniture,Consumer,2,1120.25,286.36
2023-10-20,North,Furniture,Corporate,3,1804.4,439.15
2023-10-20,East,Electronics,Corporate,1,411.67,56.27
2023-10-20,West,Food & Beverage,Home Office,6,186.97,28.34
2023-10-21,North,Clothing,Consumer,2,124.29,48.03
2023-10-21,West,Furniture,Home Office,5,2584.47,731.19
2023-10-21,North,Furniture,Consumer,4,2335.43,627.05
2023-10-21,South,Furniture,Corporate,6,3562.52,879.71
2023-10-21,West,Food & Beverage,Consumer,3,79.11,10.74
2023-10-21,North,Office Supplies,Consumer,3,153.69,54.73
2023-10-21,East,Food & Beverage,Consumer,1,31.51,5.46
2023-10-22,North,Electronics,Consumer,5,1966.67,375.37
2023-10-22,East,Office Supplies,Consumer,7,336.99,67.14
2023-10-22,North,Food & Beverage,Consumer,3,77.88,10.11
2023-10-22,West,Food & Beverage,Corporate,6,160.26,25.51
2023-10-22,West,Food & Beverage,Consumer,5,173.33,27.38
2023-10-23,West,Office Supplies,Corporate,5,249.99,58.21
2023-10-23,North,Office Supplies,Consumer,5,227.55,46.66
2023-10-23,South,Furniture,Consumer,5,2511.18,585.49
2023-10-23,West,Food & Beverage,Consumer,4,125.32,22.54
2023-10-23,South,Electronics,Consumer,6,2451.74,474.81
2023-10-23,West,Electronics,Corporate,7,2975.51,597.22
2023-10-24,West,Clothing,Consumer,5,352.87,129.92
2023-10-24,South,Electronics,Consumer,3,1021.81,164.71
2023-10-24,South,Clothing,Consumer,2,130.38,48.93
2023-10-24,South,Clothing,Consumer,5,391.28,127.24
2023-10-24,North,Electronics,Consumer,5,2087.17,390.32
2023-10-24,North,Electronics,Consumer,2,668.53,88.96
2023-10-25,North,Furniture,Corporate,1,523.55,122.78
2023-10-25,North,Office Supplies,Consumer,1,42.01,15.29
2023-10-25,North,Office Supplies,Home Office,7,301.25,99.21
2023-10-25,South,Furniture,Consumer,7,3573.53,668.83
2023-10-25,East,Office Supplies,Consumer,6,283.09,101.79
2023-10-25,North,Electronics,Consumer,3,1093.21,141.1
2023-10-25,West,Clothing,Corporate,3,221.72,82.24
2023-10-25,East,Office Supplies,Corporate,4,203.26,53.78
2023-10-25,North,Clothing,Corporate,6,484.02,143.73
2023-10-26,West,Electronics,Corporate,6,2435.02,432.28
2023-10-26,North,Furniture,Consumer,4,2523.02,433.93
2023-10-26,East,Clothing,Consumer,2,164.0,62.29
2023-10-26,South,Food & Beverage,Corporate,2,56.47,9.2
2023-10-26,West,Clothing,Consumer,4,336.84,131.36
2023-10-27,South,Electronics,Home Office,4,1525.55,204.85
2023-10-27,East,Office Supplies,Corporate,7,345.1,79.24
2023-10-27,East,Furniture,Corporate,4,2322.41,474.84
2023-10-27,South,Food & Beverage,Corporate,6,176.42,28.76
2023-10-27,North,Food & Beverage,Corporate,4,129.83,15.29
2023-10-28,East,Food & Beverage,Consumer,1,31.82,5.95
2023-10-28,West,Office Supplies,Home Office,7,299.95,82.44
2023-10-28,East,Furniture,Corporate,7,3436.23,702.16
2023-10-28,West,Electronics,Corporate,5,2133.26,437.8
2023-10-28,West,Office Supplies,Home Office,4,196.68,69.2
2023-10-28,East,Office Supplies,Corporate,4,216.01,58.05
2023-10-29,East,Clothing,Home Office,7,448.67,174.64
2023-10-30,North,Food & Beverage,Consumer,3,86.92,16.8
2023-10-30,North,Furniture,Corporate,2,1151.1,246.88
2023-10-30,South,Furniture,Consumer,5,2670.32,616.18
2023-10-30,East,Furniture,Home Office,4,2366.96,461.4
2023-10-30,South,Clothing,Corporate,7,448.7,130.72
2023-10-30,South,Clothing,Consumer,5,425.21,145.2
2023-10-30,West,Office Supplies,Consumer,6,296.81,62.22
2023-10-30,East,Office Supplies,Consumer,6,262.74,73.6
2023-10-30,East,Clothing,Consumer,2,153.82,64.6
2023-10-31,West,Furniture,Consumer,6,3045.84,556.8
2023-10-31,North,Clothing,Corporate,7,477.53,180.96
2023-10-31,East,Electronics,Corporate,1,402.77,76.99
2023-10-31,West,Furniture,Home Office,5,3109.21,553.3
2023-11-01,East,Clothing,Consumer,4,325.56,140.4
2023-11-01,North,Food & Beverage,Corporate,5,169.57,32.84
2023-11-01,North,Electronics,Consumer,2,848.28,142.28
2023-11-01,West,Clothing,Corporate,5,344.19,148.43
2023-11-01,North,Furniture,Corporate,1,597.49,96.32
2023-11-02,South,Electronics,Home Office,5,1779.92,342.8
2023-11-02,North,Furniture,Consumer,6,3594.43,660.82
2023-11-02,North,Office Supplies,Corporate,4,192.26,52.07
2023-11-02,East,Clothing,Home Office,7,565.56,210.35
2023-11-02,East,Furniture,Consumer,1,524.42,97.36
2023-11-02,West,Office Supplies,Consumer,7,357.77,97.35
2023-11-02,East,Food & Beverage,Corporate,6,195.42,28.71
2023-11-02,South,Furniture,Consumer,3,1791.21,505.53
2023-11-03,South,Clothing,Corporate,1,83.03,28.2
2023-11-03,West,Electronics,Corporate,5,1999.78,368.97
2023-11-03,South,Food & Beverage,Home Office,1,30.74,4.97
2023-11-03,East,Food & Beverage,Home Office,4,125.74,23.06
2023-11-04,East,Clothing,Consumer,3,242.46,107.15
2023-11-04,East,Office Supplies,Home Office,3,155.84,53.34
2023-11-04,South,Electronics,Home Office,3,1240.29,252.59
2023-11-04,North,Office Supplies,Consumer,1,56.25,12.34
2023-11-05,East,Electronics,Consumer,5,2055.67,300.55
2023-11-05,South,Electronics,Corporate,6,2388.65,460.22
2023-11-05,North,Office Supplies,Home Office,6,291.82,86.36
2023-11-05,East,Furniture,Corporate,2,1038.77,223.55
2023-11-06,East,Clothing,Consumer,4,296.66,130.56
2023-11-06,North,Clothing,Consumer,6,474.59,167.38
2023-11-06,West,Electronics,Home Office,6,2233.08,385.98
2023-11-06,East,Clothing,Consumer,3,201.29,84.73
2023-11-06,West,Electronics,Consumer,2,778.32,133.13
2023-11-06,East,Food & Beverage,Consumer,7,224.15,29.5
2023-11-06,North,Clothing,Corporate,2,143.19,35.09
2023-11-07,East,Electronics,Consumer,3,1284.58,251.09
2023-11-07,East,Food & Beverage,Consumer,4,115.61,14.58
2023-11-07,East,Furniture,Home Office,2,1228.32,227.94
2023-11-07,East,Furniture,Consumer,7,4050.42,1110.1
2023-11-07,South,Furniture,Consumer,1,576.04,154.62
2023-11-07,North,Furniture,Consumer,5,3062.72,652.38
2023-11-07,East,Furniture,Consumer,6,3567.9,699.38
2023-11-08,South,Clothing,Corporate,6,514.69,169.52
2023-11-08,East,Clothing,Consumer,4,347.23,100.23
2023-11-08,North,Clothing,Consumer,2,170.96,56.16
2023-11-08,North,Furniture,Corporate,3,1676.72,474.93
2023-11-08,North,Food & Beverage,Home Office,1,30.04,5.19
2023-11-08,South,Furniture,Consumer,6,3114.77,825.03
2023-11-09,East,Furniture,Corporate,2,1014.76,157.58
2023-11-09,South,Electronics,Corporate,4,1696.02,364.88
2023-11-09,North,Food & Beverage,Home Office,4,124.93,18.93
2023-11-09,East,Food & Beverage,Consumer,5,179.92,34.76
2023-11-09,East,Office Supplies,Corporate,5,264.23,83.13
2023-11-09,East,Electronics,Consumer,2,739.17,160.65
2023-11-09,East,Office Supplies,Corporate,4,183.32,53.84
2023-11-09,West,Office Supplies,Corporate,3,149.36,41.31
2023-11-10,West,Office Supplies,Corporate,1,56.78,11.76
2023-11-10,North,Furniture,Corporate,5,2600.79,660.81
2023-11-10,East,Office Supplies,Corporate,5,279.65,99.96
2023-11-10,North,Clothing,Home Office,1,84.59,25.94
2023-11-11,West,Clothing,Home Office,5,360.69,114.43
2023-11-11,North,Electronics,Consumer,2,775.09,122.8
2023-11-11,West,Office Supplies,Consumer,5,278.56,97.48
2023-11-11,West,Food & Beverage,Consumer,7,250.72,46.74
2023-11-12,East,Office Supplies,Home Office,5,259.32,70.98
2023-11-12,South,Electronics,Consumer,3,1226.48,227.09
2023-11-12,South,Clothing,Home Office,2,159.11,63.14
2023-11-13,South,Office Supplies,Home Office,4,202.07,42.26
2023-11-13,East,Office Supplies,Corporate,4,189.55,45.36
2023-11-13,West,Clothing,Corporate,3,209.66,57.93
2023-11-13,West,Furniture,Corporate,4,2644.99,569.38
2023-11-13,North,Electronics,Home Office,2,954.14,186.94
2023-11-13,East,Office Supplies,Consumer,2,115.02,33.26
2023-11-13,West,Clothing,Consumer,4,362.15,119.49
2023-11-13,West,Electronics,Home Office,1,450.75,66.22
2023-11-14,North,Electronics,Corporate,6,2578.02,353.37
2023-11-14,North,Electronics,Corporate,1,425.05,70.85
2023-11-14,East,Office Supplies,Consumer,6,341.06,105.06
2023-11-14,North,Clothing,Corporate,1,70.14,22.55
2023-11-14,North,Food & Beverage,Consumer,1,36.56,4.98
2023-11-14,North,Office Supplies,Home Office,2,95.08,31.07
2023-11-15,North,Food & Beverage,Consumer,7,264.33,45.7
2023-11-15,East,Office Supplies,Consumer,7,403.94,79.57
2023-11-15,South,Electronics,Consumer,7,2679.49,562.83
2023-11-15,South,Food & Beverage,Home Office,1,28.82,3.87
2023-11-15,East,Clothing,Home Office,7,517.92,150.82
2023-11-15,East,Clothing,Consumer,3,256.98,84.93
2023-11-16,East,Office Supplies,Home Office,1,55.6,17.7
2023-11-16,North,Office Supplies,Consumer,6,353.11,78.74
2023-11-16,West,Electronics,Corporate,4,1987.9,347.83
2023-11-17,East,Food & Beverage,Consumer,2,76.71,11.13
2023-11-17,East,Office Supplies,Consumer,5,299.47,83.59
2023-11-17,North,Clothing,Consumer,3,218.07,72.84
2023-11-17,East,Electronics,Corporate,4,1897.75,264.15
2023-11-17,West,Electronics,Corporate,2,892.56,145.83
2023-11-17,South,Electronics,Consumer,1,385.96,58.84
2023-11-17,North,Clothing,Corporate,6,514.74,225.97
2023-11-17,East,Electronics,Home Office,3,1289.92,236.15
2023-11-18,North,Furniture,Home Office,1,525.13,91.09
2023-11-18,South,Office Supplies,Corporate,7,381.99,90.79
2023-11-18,North,Office Supplies,Home Office,7,377.97,94.51
2023-11-18,West,Furniture,Consumer,4,2392.85,432.48
2023-11-18,East,Office Supplies,Consumer,6,360.13,87.24
2023-11-18,East,Office Supplies,Consumer,1,49.86,15.21
2023-11-18,North,Furniture,Corporate,2,1399.03,396.84
2023-11-18,East,Food & Beverage,Consumer,4,136.47,24.35
2023-11-18,North,Clothing,Home Office,6,496.3,217.06
2023-11-19,South,Electronics,Consumer,5,2469.82,475.83
2023-11-19,East,Clothing,Home Office,3,228.6,81.6
2023-11-19,North,Clothing,Corporate,4,373.52,125.8
2023-11-19,East,Electronics,Consumer,6,2696.73,590.5
2023-11-20,South,Food & Beverage,Home Office,6,200.51,21.65
2023-11-20,North,Electronics,Consumer,2,860.11,116.49
2023-11-20,North,Electronics,Corporate,3,1488.45,196.26
2023-11-20,East,Office Supplies,Home Office,1,50.76,13.62
2023-11-20,West,Electronics,Consumer,5,2074.92,348.19
2023-11-20,North,Office Supplies,Home Office,4,244.36,64.99
2023-11-20,West,Food & Beverage,Consumer,6,177.86,22.58
2023-11-20,South,Clothing,Consumer,4,337.47,85.7
2023-11-21,West,Office Supplies,Home Office,7,366.15,104.21
2023-11-21,East,Furniture,Corporate,5,2989.66,477.31
2023-11-21,East,Furniture,Consumer,1,593.66,92.81
2023-11-21,North,Furniture,Corporate,2,1169.61,334.18
2023-11-21,East,Electronics,Consumer,1,430.12,96.11
2023-11-21,North,Electronics,Home Office,5,2506.04,482.39
2023-11-22,North,Food & Beverage,Consumer,2,73.48,13.14
2023-11-22,North,Furniture,Corporate,7,3916.43,817.38
2023-11-22,West,Electronics,Corporate,2,944.81,161.32
2023-11-22,North,Office Supplies,Home Office,5,254.0,50.28
2023-11-22,South,Food & Beverage,Corporate,1,32.55,4.14
2023-11-22,North,Office Supplies,Corporate,5,292.63,79.61
2023-11-23,North,Clothing,Consumer,7,555.09,137.47
2023-11-23,South,Office Supplies,Corporate,6,338.16,112.83
2023-11-23,South,Clothing,Corporate,3,282.61,72.13
2023-11-23,South,Food & Beverage,Corporate,2,61.22,8.7
2023-11-23,South,Furniture,Consumer,1,558.19,156.25
2023-11-24,West,Clothing,Corporate,5,447.35,165.95
2023-11-24,North,Electronics,Consumer,1,453.35,80.88
2023-11-24,West,Furniture,Corporate,6,3572.43,1002.24
2023-11-24,East,Electronics,Corporate,6,2576.14,333.53
2023-11-24,South,Furniture,Corporate,2,1311.65,312.76
2023-11-24,East,Food & Beverage,Home Office,5,156.72,29.87
2023-11-24,West,Electronics,Consumer,2,901.57,117.09
2023-11-25,West,Electronics,Home Office,1,450.64,104.43
2023-11-25,East,Furniture,Corporate,4,2903.16,517.07
2023-11-25,South,Electronics,Corporate,7,2743.88,595.13
2023-11-25,West,Clothing,Consumer,3,232.88,91.28
2023-11-25,West,Clothing,Corporate,6,570.57,244.23
2023-11-25,East,Office Supplies,Home Office,2,125.75,41.37
2023-11-25,West,Food & Beverage,Consumer,3,111.87,15.48
2023-11-26,West,Office Supplies,Consumer,4,227.06,47.98
2023-11-26,East,Food & Beverage,Consumer,2,66.72,9.64
2023-11-26,North,Clothing,Corporate,2,162.85,65.78
2023-11-26,North,Office Supplies,Corporate,3,163.49,33.48
2023-11-26,South,Food & Beverage,Corporate,3,98.06,14.7
2023-11-26,West,Furniture,Consumer,4,2407.53,468.18
2023-11-27,South,Electronics,Consumer,3,1440.17,229.79
2023-11-27,East,Furniture,Home Office,7,4637.05,884.36
2023-11-27,East,Clothing,Consumer,5,380.02,133.74
2023-11-27,West,Office Supplies,Corporate,1,60.13,14.73
2023-11-27,North,Clothing,Consumer,1,91.26,28.01
2023-11-27,East,Electronics,Consumer,1,388.7,76.78
2023-11-27,South,Furniture,Home Office,5,2946.2,563.74
2023-11-27,West,Clothing,Corporate,2,195.31,75.42
2023-11-28,East,Furniture,Consumer,5,3464.21,586.75
2023-11-28,South,Furniture,Consumer,3,1808.62,345.77
2023-11-28,North,Furniture,Corporate,1,677.88,107.08
2023-11-28,East,Furniture,Home Office,7,4392.23,700.34
2023-11-28,East,Furniture,Consumer,2,1225.08,305.75
2023-11-28,South,Food & Beverage,Consumer,1,32.32,3.43
2023-11-28,South,Food & Beverage,Home Office,6,209.9,29.93
2023-11-28,North,Electronics,Consumer,5,2487.57,446.73
2023-11-28,East,Furniture,Corporate,6,3853.71,814.65
2023-11-28,West,Electronics,Consumer,5,2042.65,438.42
2023-11-28,East,Clothing,Corporate,4,333.39,138.49
2023-11-29,North,Food & Beverage,Corporate,5,197.07,32.07
2023-11-29,West,Furniture,Corporate,2,1384.81,246.05
2023-11-29,North,Food & Beverage,Home Office,6,192.75,25.34
2023-11-29,North,Furniture,Home Office,5,3567.27,629.34
2023-11-29,West,Furniture,Consumer,5,3546.94,701.07
2023-11-29,North,Office Supplies,Corporate,3,168.42,57.8
2023-11-29,North,Electronics,Home Office,1,398.23,57.77
2023-11-29,North,Food & Beverage,Corporate,6,237.86,40.36
2023-11-29,North,Electronics,Consumer,2,819.18,140.07
2023-11-30,West,Office Supplies,Corporate,1,65.29,22.54
2023-11-30,East,Food & Beverage,Corporate,3,99.25,12.22
2023-11-30,West,Furniture,Corporate,6,3945.61,666.55
2023-11-30,West,Clothing,Consumer,6,468.09,178.91
2023-11-30,North,Food & Beverage,Home Office,7,221.31,31.89
2023-12-01,North,Office Supplies,Consumer,5,305.44,98.41
2023-12-01,North,Clothing,Consumer,7,532.02,170.84
2023-12-01,North,Food & Beverage,Home Office,3,106.34,18.31
2023-12-01,North,Furniture,Consumer,4,2203.93,581.38
2023-12-01,North,Food & Beverage,Home Office,2,62.8,7.24
2023-12-01,East,Office Supplies,Home Office,7,392.87,118.76
2023-12-01,South,Food & Beverage,Consumer,3,117.3,20.37
2023-12-01,East,Electronics,Consumer,3,1393.07,212.93
2023-12-01,East,Food & Beverage,Home Office,1,39.14,6.95
2023-12-02,East,Office Supplies,Corporate,5,294.25,99.36
2023-12-02,North,Furniture,Corporate,7,4313.06,1073.66
2023-12-02,West,Electronics,Consumer,6,3128.02,572.45
2023-12-02,East,Electronics,Home Office,1,457.66,66.72
2023-12-02,East,Food & Beverage,Consumer,6,218.27,38.39
2023-12-02,East,Food & Beverage,Consumer,3,102.74,18.75
2023-12-03,East,Furniture,Home Office,2,1332.66,241.9
2023-12-03,South,Food & Beverage,Home Office,5,197.84,25.81
2023-12-03,North,Food & Beverage,Consumer,3,100.85,16.53
2023-12-03,East,Office Supplies,Consumer,2,131.39,32.81
2023-12-03,North,Furniture,Corporate,7,4831.23,1333.3
2023-12-03,West,Office Supplies,Consumer,5,325.79,82.31
2023-12-03,South,Furniture,Consumer,1,608.82,158.12
2023-12-03,North,Office Supplies,Consumer,3,172.58,38.53
2023-12-03,East,Food & Beverage,Consumer,1,38.87,5.0
2023-12-04,West,Clothing,Corporate,5,392.42,156.18
2023-12-04,North,Furniture,Consumer,2,1339.41,333.67
2023-12-04,South,Food & Beverage,Home Office,3,108.25,12.92
2023-12-04,North,Food & Beverage,Corporate,2,71.01,11.79
2023-12-04,South,Food & Beverage,Corporate,3,98.63,17.54
2023-12-04,West,Food & Beverage,Consumer,5,202.31,33.83
2023-12-04,West,Furniture,Consumer,2,1367.98,313.89
2023-12-04,South,Clothing,Home Office,4,378.63,101.58
2023-12-05,North,Furniture,Consumer,1,733.19,168.52
2023-12-05,North,Clothing,Corporate,6,521.25,195.67
2023-12-05,North,Clothing,Consumer,2,164.35,65.35
2023-12-05,South,Electronics,Consumer,3,1573.89,347.8
2023-12-05,North,Furniture,Consumer,7,4872.07,1290.7
2023-12-05,North,Food & Beverage,Home Office,6,217.27,29.58
2023-12-06,North,Office Supplies,Consumer,6,381.31,132.12
2023-12-06,West,Furniture,Consumer,6,3740.73,763.2
2023-12-06,East,Furniture,Corporate,1,740.69,171.51
2023-12-06,North,Office Supplies,Home Office,2,125.22,26.97
2023-12-07,East,Food & Beverage,Home Office,1,31.53,3.78
2023-12-07,West,Office Supplies,Consumer,1,50.19,12.34
2023-12-07,East,Electronics,Consumer,2,866.87,192.37
2023-12-07,West,Furniture,Consumer,7,4877.34,1347.65
2023-12-07,South,Clothing,Consumer,5,489.92,222.2
2023-12-07,North,Electronics,Consumer,6,3236.26,438.68
2023-12-07,South,Furniture,Consumer,2,1224.91,248.0
2023-12-07,West,Furniture,Corporate,3,2208.91,598.24
2023-12-08,West,Office Supplies,Corporate,5,255.64,67.91
2023-12-08,East,Food & Beverage,Corporate,1,40.82,5.5
2023-12-08,West,Electronics,Corporate,2,847.6,116.16
2023-12-08,North,Furniture,Consumer,4,2922.34,552.06
2023-12-08,North,Clothing,Home Office,7,588.59,149.9
2023-12-08,South,Food & Beverage,Consumer,6,226.0,41.89
2023-12-08,North,Food & Beverage,Consumer,6,223.43,26.56
2023-12-09,North,Furniture,Consumer,7,4604.96,1027.11
2023-12-09,South,Furniture,Home Office,2,1270.87,275.3
2023-12-09,North,Office Supplies,Consumer,7,387.52,91.72
2023-12-09,East,Food & Beverage,Corporate,2,69.86,11.47
2023-12-10,West,Furniture,Consumer,2,1284.21,220.95
2023-12-10,South,Office Supplies,Home Office,3,204.06,70.48
2023-12-10,South,Food & Beverage,Corporate,2,75.05,12.19
2023-12-11,South,Furniture,Corporate,5,3445.04,798.09
2023-12-11,South,Furniture,Consumer,6,4232.62,940.74
2023-12-11,North,Furniture,Home Office,1,765.15,156.22
2023-12-11,North,Office Supplies,Corporate,5,337.62,72.06
2023-12-11,South,Electronics,Consumer,4,2122.95,382.43
2023-12-11,North,Furniture,Consumer,2,1342.38,329.84
2023-12-11,South,Electronics,Consumer,2,984.24,168.99
2023-12-11,West,Electronics,Corporate,1,545.29,79.86
2023-12-11,North,Electronics,Home Office,6,2630.26,447.86
2023-12-11,South,Electronics,Consumer,4,2173.49,393.68
2023-12-12,East,Food & Beverage,Consumer,4,153.2,26.86
2023-12-12,South,Furniture,Consumer,5,3174.62,694.7
2023-12-13,North,Clothing,Home Office,1,83.73,28.51
2023-12-13,West,Food & Beverage,Home Office,6,232.07,28.81
2023-12-13,East,Furniture,Consumer,5,3095.72,576.85
2023-12-14,North,Electronics,Home Office,3,1656.33,234.64
2023-12-14,North,Furniture,Consumer,5,3824.7,1057.02
2023-12-15,East,Food & Beverage,Consumer,5,168.68,22.13
2023-12-15,East,Office Supplies,Consumer,5,328.83,75.33
2023-12-15,North,Office Supplies,Consumer,6,385.35,86.19
2023-12-15,North,Furniture,Consumer,3,2319.65,388.85
2023-12-15,South,Furniture,Consumer,1,741.99,196.68
2023-12-15,East,Furniture,Consumer,3,1964.44,518.47
2023-12-15,West,Furniture,Corporate,4,2773.59,541.43
2023-12-15,South,Food & Beverage,Consumer,1,34.9,5.87
2023-12-16,South,Electronics,Consumer,6,2654.41,434.58
2023-12-16,North,Electronics,Corporate,1,535.38,113.54
2023-12-16,South,Office Supplies,Corporate,4,210.8,43.62
2023-12-16,West,Food & Beverage,Consumer,7,285.91,40.56
2023-12-16,North,Electronics,Home Office,5,2385.5,537.32
2023-12-16,North,Electronics,Consumer,5,2341.59,482.43
2023-12-17,South,Electronics,Consumer,4,1886.81,267.22
2023-12-17,North,Office Supplies,Home Office,3,198.3,55.38
2023-12-17,South,Office Supplies,Corporate,2,109.23,26.44
2023-12-18,North,Furniture,Home Office,7,4195.69,938.06
2023-12-18,South,Clothing,Consumer,6,626.37,253.24
2023-12-18,North,Food & Beverage,Consumer,6,241.58,36.19
2023-12-18,South,Food & Beverage,Corporate,7,280.99,40.09
2023-12-18,North,Food & Beverage,Consumer,5,207.79,37.21
2023-12-18,East,Office Supplies,Home Office,2,133.04,44.65
2023-12-18,North,Office Supplies,Corporate,5,261.64,83.0
2023-12-19,South,Electronics,Consumer,5,2429.97,352.5
2023-12-19,West,Clothing,Home Office,4,402.74,133.64
2023-12-19,East,Office Supplies,Home Office,2,125.56,37.86
2023-12-19,North,Clothing,Corporate,6,605.08,237.44
2023-12-19,South,Food & Beverage,Corporate,7,240.96,26.99
2023-12-19,East,Furniture,Corporate,4,2874.76,496.36
2023-12-19,North,Furniture,Home Office,5,3057.98,699.28
2023-12-20,North,Furniture,Home Office,4,2999.72,672.31
2023-12-20,South,Clothing,Home Office,3,300.39,79.95
2023-12-20,East,Office Supplies,Consumer,1,56.15,16.71
2023-12-20,South,Electronics,Home Office,5,2179.66,471.67
2023-12-20,East,Office Supplies,Home Office,4,214.04,64.42
2023-12-20,West,Electronics,Consumer,6,2874.05,622.91
2023-12-20,South,Office Supplies,Consumer,1,62.86,18.13
2023-12-21,West,Electronics,Consumer,2,954.21,220.06
2023-12-21,North,Furniture,Corporate,5,3160.4,805.14
2023-12-21,South,Office Supplies,Consumer,5,322.13,106.79
2023-12-21,North,Food & Beverage,Corporate,4,138.53,18.6
2023-12-21,East,Office Supplies,Consumer,4,266.91,72.19
2023-12-21,North,Food & Beverage,Consumer,6,204.34,28.4
2023-12-21,South,Furniture,Corporate,3,1890.12,511.61
2023-12-21,West,Clothing,Corporate,5,398.99,114.98
2023-12-21,South,Clothing,Consumer,6,598.35,241.56
2023-12-22,North,Furniture,Consumer,5,3244.81,845.32
2023-12-22,South,Electronics,Consumer,1,472.0,77.48
2023-12-22,East,Food & Beverage,Home Office,6,206.14,25.6
2023-12-22,South,Furniture,Corporate,2,1408.85,282.09
2023-12-22,East,Office Supplies,Corporate,7,387.2,102.22
2023-12-22,West,Furniture,Corporate,3,1801.18,367.46
2023-12-22,East,Furniture,Consumer,5,3478.0,886.32
2023-12-22,South,Office Supplies,Consumer,5,276.26,98.98
2023-12-23,East,Clothing,Home Office,4,345.77,92.65
2023-12-23,North,Electronics,Corporate,3,1611.41,243.81
2023-12-23,South,Office Supplies,Home Office,5,300.18,70.02
2023-12-23,East,Furniture,Corporate,4,2956.41,530.19
2023-12-23,East,Electronics,Corporate,6,3358.65,540.86
2023-12-23,South,Office Supplies,Consumer,1,54.46,13.26
2023-12-23,East,Electronics,Consumer,6,2659.94,410.26
2023-12-23,East,Office Supplies,Corporate,2,126.12,45.35
2023-12-24,South,Office Supplies,Consumer,3,208.67,49.11
2023-12-24,East,Food & Beverage,Corporate,7,239.97,27.69
2023-12-24,North,Office Supplies,Corporate,7,467.84,101.67
2023-12-24,West,Clothing,Consumer,6,544.54,133.59
2023-12-24,East,Furniture,Consumer,7,5191.58,842.02
2023-12-24,East,Food & Beverage,Home Office,7,254.65,28.55
2023-12-24,West,Clothing,Consumer,1,96.02,41.49
2023-12-25,East,Electronics,Consumer,3,1455.93,266.75
2023-12-25,North,Electronics,Corporate,7,3937.72,848.0
2023-12-25,West,Electronics,Corporate,5,2205.75,450.02
2023-12-26,West,Clothing,Consumer,2,183.21,73.72
2023-12-26,East,Electronics,Corporate,3,1514.63,235.95
2023-12-26,East,Food & Beverage,Home Office,6,198.47,30.64
2023-12-26,South,Electronics,Home Office,3,1557.79,358.69
2023-12-26,West,Clothing,Home Office,3,270.83,68.2
2023-12-26,South,Office Supplies,Home Office,4,231.76,56.1
2023-12-26,North,Electronics,Consumer,5,2566.94,475.05
2023-12-26,East,Electronics,Corporate,1,497.46,81.69
2023-12-26,West,Clothing,Corporate,7,637.31,238.31
2023-12-26,North,Furniture,Corporate,6,3599.94,996.67
2023-12-27,East,Office Supplies,Consumer,7,478.26,96.34
2023-12-27,East,Furniture,Consumer,7,5235.06,1354.48
2023-12-27,South,Food & Beverage,Consumer,5,215.75,23.14
2023-12-27,North,Office Supplies,Corporate,6,357.15,103.67
2023-12-27,East,Food & Beverage,Corporate,5,174.31,30.29
2023-12-28,North,Office Supplies,Consumer,5,309.48,64.2
2023-12-28,North,Furniture,Consumer,4,3078.92,879.73
2023-12-28,South,Furniture,Consumer,2,1443.34,405.54
2023-12-29,West,Furniture,Home Office,3,1924.83,317.09
2023-12-29,South,Clothing,Home Office,3,297.73,103.64
2023-12-29,East,Clothing,Consumer,6,644.05,268.62
2023-12-29,North,Clothing,Consumer,1,86.28,22.48
2023-12-30,South,Furniture,Corporate,5,3786.33,878.62
2023-12-30,West,Food & Beverage,Consumer,2,85.87,11.9
2023-12-30,South,Electronics,Consumer,5,2448.33,449.15
2023-12-30,West,Furniture,Consumer,7,4363.38,791.07
2023-12-30,South,Office Supplies,Corporate,4,215.94,44.09
2023-12-30,East,Furniture,Home Office,1,657.79,116.32
2023-12-31,North,Electronics,Corporate,5,2564.79,556.64
2023-12-31,East,Furniture,Consumer,3,2009.7,454.79
2023-12-31,East,Furniture,Consumer,4,3035.94,737.04
2023-12-31,South,Clothing,Home Office,4,354.86,102.7
2023-12-31,West,Food & Beverage,Consumer,6,258.54,46.05
2023-12-31,North,Clothing,Consumer,6,646.39,277.38
2023-12-31,North,Food & Beverage,Consumer,3,129.5,23.15
2024-01-01,North,Clothing,Corporate,5,497.76,159.31
2024-01-01,West,Food & Beverage,Corporate,2,74.68,10.04
2024-01-01,East,Food & Beverage,Consumer,6,235.85,26.38
2024-01-01,West,Office Supplies,Consumer,5,324.55,94.57
2024-01-01,North,Electronics,Home Office,7,3129.36,676.7
2024-01-01,South,Clothing,Consumer,5,493.08,211.38
2024-01-01,East,Food & Beverage,Home Office,3,125.98,24.34
2024-01-02,South,Furniture,Home Office,2,1406.98,371.98
2024-01-02,North,Clothing,Corporate,7,637.98,231.5
2024-01-02,West,Clothing,Corporate,1,92.43,28.22
2024-01-02,South,Furniture,Corporate,5,3497.69,652.32
2024-01-02,North,Office Supplies,Home Office,4,229.27,47.24
2024-01-02,West,Food & Beverage,Consumer,2,68.43,7.92
2024-01-02,South,Office Supplies,Corporate,1,61.41,16.83
2024-01-02,West,Food & Beverage,Consumer,5,219.68,27.26
2024-01-03,South,Furniture,Consumer,2,1211.66,196.14
2024-01-03,South,Furniture,Consumer,2,1636.55,342.07
2024-01-03,North,Office Supplies,Consumer,4,225.65,55.6
2024-01-03,North,Furniture,Consumer,1,788.52,190.8
2024-01-03,East,Electronics,Corporate,1,437.91,68.45
2024-01-03,South,Food & Beverage,Consumer,2,80.94,9.66
2024-01-04,East,Food & Beverage,Consumer,5,209.16,24.17
2024-01-04,East,Electronics,Corporate,1,569.91,73.96
2024-01-04,North,Electronics,Consumer,7,3051.07,620.38
2024-01-04,North,Office Supplies,Corporate,1,55.88,13.19
2024-01-04,North,Food & Beverage,Consumer,5,216.26,28.51
2024-01-05,East,Food & Beverage,Corporate,2,83.66,13.65
2024-01-05,East,Electronics,Home Office,4,2256.96,287.5
2024-01-05,North,Office Supplies,Home Office,1,66.53,19.27
2024-01-05,North,Electronics,Home Office,7,4087.95,528.17
2024-01-06,North,Furniture,Corporate,5,3435.27,752.45
2024-01-06,South,Food & Beverage,Home Office,3,133.19,21.95
2024-01-06,West,Clothing,Corporate,6,573.68,250.47
2024-01-07,South,Furniture,Corporate,3,2232.9,622.27
2024-01-07,East,Clothing,Consumer,2,171.62,43.27
2024-01-07,East,Furniture,Consumer,3,1977.2,436.78
2024-01-07,South,Food & Beverage,Consumer,7,308.97,52.97
2024-01-08,North,Office Supplies,Consumer,6,419.68,88.14
2024-01-08,North,Food & Beverage,Consumer,4,168.19,20.47
2024-01-08,East,Clothing,Corporate,7,761.02,262.87
2024-01-09,North,Office Supplies,Corporate,1,63.95,14.31
2024-01-09,North,Clothing,Consumer,1,109.55,28.73
2024-01-09,West,Office Supplies,Corporate,4,218.29,69.99
2024-01-09,South,Office Supplies,Consumer,2,137.48,50.04
2024-01-09,East,Furniture,Corporate,3,2361.0,394.46
2024-01-09,South,Electronics,Consumer,5,2494.36,452.59
2024-01-10,West,Electronics,Consumer,2,873.79,143.05
2024-01-10,North,Electronics,Corporate,5,2486.48,538.82
2024-01-10,East,Food & Beverage,Consumer,5,225.12,28.39
2024-01-10,South,Electronics,Consumer,4,1776.9,305.35
2024-01-10,North,Food & Beverage,Corporate,7,256.78,48.57
2024-01-10,North,Furniture,Corporate,6,3829.64,883.93
2024-01-11,North,Furniture,Consumer,4,2700.23,508.3
2024-01-11,East,Office Supplies,Consumer,6,430.22,133.47
2024-01-11,South,Electronics,Corporate,6,3056.46,440.9
2024-01-11,North,Furniture,Consumer,4,3178.99,595.65
2024-01-11,South,Food & Beverage,Consumer,3,114.9,17.18
2024-01-11,West,Office Supplies,Home Office,6,356.48,113.0
2024-01-11,North,Food & Beverage,Corporate,5,173.96,19.21
2024-01-11,East,Electronics,Consumer,1,503.33,109.37
2024-01-11,East,Food & Beverage,Consumer,7,266.98,30.58
2024-01-12,North,Food & Beverage,Consumer,4,167.31,29.52
2024-01-12,North,Food & Beverage,Home Office,6,246.91,42.68
2024-01-12,South,Office Supplies,Home Office,3,191.5,42.3
2024-01-12,West,Clothing,Consumer,4,387.18,166.52
2024-01-12,North,Office Supplies,Home Office,5,288.56,92.59
2024-01-12,South,Furniture,Consumer,5,3904.98,762.26
2024-01-12,East,Clothing,Consumer,6,635.28,206.04
2024-01-12,West,Food & Beverage,Consumer,5,225.06,35.74
2024-01-13,South,Food & Beverage,Consumer,3,130.66,22.11
2024-01-13,West,Office Supplies,Corporate,6,393.78,93.76
2024-01-13,West,Furniture,Consumer,1,677.53,169.6
2024-01-14,West,Food & Beverage,Home Office,4,176.59,23.25
2024-01-14,South,Clothing,Consumer,4,371.32,99.45
2024-01-14,East,Food & Beverage,Consumer,4,182.02,28.54
2024-01-14,East,Furniture,Home Office,1,652.41,139.78
2024-01-14,North,Food & Beverage,Corporate,5,217.49,25.67
2024-01-15,West,Furniture,Consumer,5,4021.47,795.97
2024-01-15,West,Furniture,Corporate,1,771.92,154.2
2024-01-15,South,Food & Beverage,Consumer,1,38.73,5.95
2024-01-16,West,Clothing,Home Office,1,105.1,39.28
2024-01-16,South,Office Supplies,Consumer,7,497.88,120.52
2024-01-16,East,Furniture,Consumer,3,2125.86,535.38
2024-01-16,North,Office Supplies,Consumer,1,70.36,19.39
2024-01-16,East,Office Supplies,Consumer,6,435.09,86.87
2024-01-16,West,Clothing,Corporate,5,438.42,181.01
2024-01-17,East,Clothing,Home Office,7,766.95,229.93
2024-01-17,West,Clothing,Consumer,6,530.89,186.6
2024-01-17,West,Clothing,Consumer,3,299.57,73.67
2024-01-17,North,Furniture,Consumer,6,4130.78,989.16
2024-01-17,North,Office Supplies,Home Office,2,136.48,43.29
2024-01-17,North,Clothing,Corporate,6,547.93,237.48
2024-01-18,East,Food & Beverage,Home Office,1,43.33,7.12
2024-01-18,East,Food & Beverage,Corporate,7,272.31,49.45
2024-01-18,East,Furniture,Consumer,6,4035.23,1049.42
2024-01-18,North,Furniture,Consumer,7,5276.18,1250.05
2024-01-18,East,Electronics,Consumer,2,1034.78,236.25
2024-01-18,South,Food & Beverage,Corporate,4,164.68,29.21
2024-01-18,North,Clothing,Home Office,1,109.1,35.64
2024-01-18,North,Furniture,Consumer,3,2071.52,545.69
2024-01-18,North,Clothing,Corporate,4,408.34,144.69
2024-01-18,East,Office Supplies,Consumer,2,111.73,22.47
2024-01-19,North,Furniture,Corporate,5,3742.37,911.38
2024-01-19,East,Furniture,Corporate,7,4697.91,1031.71
2024-01-19,South,Office Supplies,Consumer,6,375.68,78.22
2024-01-19,South,Electronics,Home Office,5,2656.14,412.16
2024-01-19,West,Clothing,Corporate,2,212.65,75.05
2024-01-19,West,Food & Beverage,Corporate,7,273.53,42.22
2024-01-19,West,Clothing,Home Office,7,601.59,267.39
2024-01-19,North,Office Supplies,Consumer,2,121.85,25.41
2024-01-19,North,Food & Beverage,Consumer,2,78.26,9.89
2024-01-20,South,Food & Beverage,Home Office,6,237.58,31.71
2024-01-20,West,Food & Beverage,Corporate,6,235.42,29.83
2024-01-20,North,Electronics,Consumer,6,3373.97,673.27
2024-01-20,South,Clothing,Consumer,1,85.15,26.78
2024-01-21,South,Electronics,Consumer,3,1394.43,282.54
2024-01-21,South,Clothing,Consumer,2,192.27,52.23
2024-01-21,South,Office Supplies,Consumer,5,319.63,80.71
2024-01-22,West,Office Supplies,Consumer,1,74.56,24.46
2024-01-22,East,Furniture,Home Office,7,5496.53,1571.81
2024-01-22,South,Furniture,Home Office,3,2066.53,364.82
2024-01-22,South,Office Supplies,Home Office,7,512.11,147.25
2024-01-22,South,Food & Beverage,Corporate,1,44.1,5.59
2024-01-23,South,Food & Beverage,Consumer,6,272.67,48.69
2024-01-23,West,Clothing,Consumer,3,290.13,116.16
2024-01-23,South,Clothing,Consumer,3,328.21,131.59
2024-01-23,North,Furniture,Corporate,6,4322.94,1202.8
2024-01-23,South,Office Supplies,Corporate,6,410.5,81.07
2024-01-23,South,Office Supplies,Corporate,6,354.91,93.36
2024-01-23,West,Furniture,Corporate,6,4246.76,751.56
2024-01-23,North,Electronics,Consumer,3,1764.42,348.52
2024-01-23,South,Clothing,Consumer,3,314.48,122.58
2024-01-24,North,Clothing,Corporate,5,461.37,179.85
2024-01-24,North,Food & Beverage,Corporate,6,226.97,44.2
2024-01-24,South,Office Supplies,Consumer,1,72.06,22.36
2024-01-24,West,Electronics,Home Office,6,3271.17,539.32
2024-01-25,South,Clothing,Consumer,5,545.57,241.81
2024-01-25,North,Electronics,Home Office,5,2358.08,436.07
2024-01-25,South,Electronics,Consumer,3,1691.26,325.52
2024-01-25,East,Electronics,Home Office,2,1006.72,216.01
2024-01-25,North,Furniture,Consumer,3,2328.69,550.83
2024-01-25,East,Furniture,Consumer,7,5571.23,1093.56
2024-01-25,North,Clothing,Consumer,6,524.34,130.98
2024-01-25,West,Furniture,Consumer,3,1897.56,408.66
2024-01-25,North,Office Supplies,Consumer,5,340.22,76.01
2024-01-26,East,Furniture,Corporate,4,3014.33,783.29
2024-01-26,East,Office Supplies,Consumer,6,430.0,87.39
2024-01-26,North,Clothing,Corporate,7,608.29,167.26
2024-01-26,South,Electronics,Consumer,2,910.97,144.69
2024-01-26,East,Office Supplies,Consumer,7,392.1,122.53
2024-01-26,West,Food & Beverage,Consumer,1,42.08,7.84
2024-01-26,North,Food & Beverage,Home Office,4,152.1,25.11
2024-01-27,North,Office Supplies,Consumer,2,120.58,24.12
2024-01-27,South,Clothing,Home Office,6,508.72,144.84
2024-01-27,East,Electronics,Corporate,3,1404.84,206.7
2024-01-27,South,Food & Beverage,Corporate,2,78.14,10.52
2024-01-27,East,Clothing,Corporate,3,277.81,116.07
2024-01-27,North,Office Supplies,Home Office,5,357.8,123.58
2024-01-27,North,Furniture,Home Office,7,5812.07,1275.7
2024-01-28,South,Food & Beverage,Consumer,3,125.9,22.96
2024-01-28,South,Furniture,Consumer,6,4388.66,815.14
2024-01-28,West,Clothing,Home Office,4,356.53,137.75
2024-01-28,South,Clothing,Home Office,5,478.86,147.81
2024-01-28,East,Office Supplies,Corporate,7,446.86,112.67
2024-01-28,North,Electronics,Home Office,4,1842.53,390.74
2024-01-28,North,Clothing,Consumer,7,667.08,171.81
2024-01-29,East,Clothing,Consumer,6,578.89,244.78
2024-01-29,North,Office Supplies,Corporate,7,480.67,162.69
2024-01-29,North,Clothing,Home Office,6,531.84,176.31
2024-01-29,North,Electronics,Consumer,1,575.17,73.35
2024-01-29,South,Office Supplies,Corporate,7,419.81,105.38
2024-01-29,North,Office Supplies,Corporate,2,139.3,47.65
2024-01-29,North,Electronics,Consumer,7,3679.38,678.27
2024-01-29,North,Office Supplies,Consumer,2,130.74,25.76
2024-01-29,South,Electronics,Home Office,2,1169.13,260.3
2024-01-30,East,Furniture,Home Office,1,754.34,160.06
2024-01-30,South,Electronics,Home Office,5,2581.55,508.12
2024-01-30,South,Furniture,Consumer,4,2813.63,757.04
2024-01-30,South,Clothing,Consumer,5,486.44,121.07
2024-01-31,South,Furniture,Consumer,7,5447.74,948.45
2024-01-31,East,Office Supplies,Home Office,4,283.95,68.37
2024-01-31,South,Electronics,Consumer,3,1590.07,357.96
2024-01-31,East,Clothing,Consumer,3,324.56,91.61
2024-02-01,East,Food & Beverage,Consumer,3,127.49,13.8
2024-02-01,South,Office Supplies,Home Office,6,390.04,137.2
2024-02-01,East,Office Supplies,Corporate,1,71.14,19.52
2024-02-01,West,Furniture,Consumer,1,708.12,139.57
2024-02-01,North,Electronics,Consumer,3,1799.64,271.72
2024-02-01,East,Electronics,Home Office,4,1817.98,378.27
2024-02-01,South,Furniture,Consumer,7,5181.49,938.97
2024-02-02,North,Office Supplies,Consumer,1,56.92,16.3
2024-02-02,South,Office Supplies,Consumer,1,70.8,22.05
2024-02-02,South,Furniture,Home Office,1,724.65,191.8
2024-02-02,East,Electronics,Corporate,1,524.69,80.41
2024-02-02,West,Office Supplies,Consumer,3,188.58,46.22
2024-02-02,North,Office Supplies,Home Office,3,222.1,68.43
2024-02-02,West,Office Supplies,Corporate,7,509.6,157.39
2024-02-04,South,Office Supplies,Consumer,3,204.07,42.28
2024-02-04,North,Furniture,Consumer,4,2540.74,676.03
2024-02-04,South,Food & Beverage,Corporate,4,186.58,28.7
2024-02-04,East,Clothing,Corporate,7,713.86,298.16
2024-02-04,East,Furniture,Home Office,1,783.8,126.94
2024-02-04,North,Clothing,Home Office,3,253.91,110.77
2024-02-05,East,Food & Beverage,Consumer,4,150.23,29.28
2024-02-05,East,Clothing,Consumer,3,308.33,128.4
2024-02-05,North,Furniture,Consumer,3,2082.39,416.47
2024-02-05,South,Furniture,Home Office,3,2269.5,398.28
2024-02-06,South,Electronics,Corporate,6,2984.83,480.42
2024-02-06,North,Furniture,Corporate,6,4439.0,781.59
2024-02-06,East,Clothing,Corporate,6,653.72,274.01
2024-02-06,South,Electronics,Consumer,6,3082.56,491.45
2024-02-06,West,Furniture,Home Office,3,2399.92,477.61
2024-02-07,West,Clothing,Consumer,4,371.72,139.8
2024-02-07,East,Food & Beverage,Consumer,4,153.76,19.03
2024-02-07,East,Electronics,Corporate,5,2516.88,452.6
2024-02-07,East,Electronics,Consumer,7,4112.41,670.2
2024-02-07,West,Furniture,Consumer,2,1528.57,269.25
2024-02-07,East,Clothing,Home Office,5,493.18,220.54
2024-02-08,East,Food & Beverage,Corporate,2,84.24,13.88
2024-02-08,South,Furniture,Consumer,4,3323.38,552.26
2024-02-09,South,Furniture,Consumer,1,721.5,151.02
2024-02-09,North,Furniture,Consumer,2,1390.29,293.49
2024-02-09,West,Furniture,Home Office,6,3973.08,911.2
2024-02-09,North,Furniture,Consumer,2,1604.49,267.01
2024-02-09,North,Food & Beverage,Consumer,6,253.84,39.29
2024-02-10,South,Office Supplies,Home Office,4,291.62,66.27
2024-02-10,East,Furniture,Consumer,4,3324.59,858.88
2024-02-10,South,Office Supplies,Corporate,1,68.97,18.44
2024-02-10,North,Office Supplies,Consumer,3,225.63,69.25
2024-02-10,East,Clothing,Consumer,2,176.54,76.02
2024-02-10,North,Electronics,Consumer,1,542.18,87.49
2024-02-10,West,Office Supplies,Corporate,4,299.92,73.78
2024-02-10,North,Office Supplies,Home Office,1,71.58,21.21
2024-02-11,East,Furniture,Corporate,6,4008.99,644.61
2024-02-11,West,Furniture,Consumer,1,755.43,156.0
2024-02-11,North,Clothing,Consumer,5,443.57,173.89
2024-02-12,West,Furniture,Home Office,2,1327.72,275.31
2024-02-12,North,Food & Beverage,Corporate,4,140.99,19.65
2024-02-12,North,Office Supplies,Home Office,7,520.01,157.62
2024-02-12,West,Clothing,Consumer,5,480.58,149.4
2024-02-13,North,Clothing,Corporate,1,112.97,30.44
2024-02-13,South,Food & Beverage,Corporate,2,83.1,15.15
2024-02-13,North,Electronics,Home Office,1,497.39,103.86
2024-02-13,North,Office Supplies,Consumer,1,57.0,17.18
2024-02-13,North,Furniture,Consumer,1,838.76,213.48
2024-02-13,East,Food & Beverage,Consumer,3,133.27,23.84
2024-02-14,South,Food & Beverage,Consumer,7,307.03,46.0
2024-02-14,East,Clothing,Home Office,3,274.45,101.87
2024-02-14,North,Office Supplies,Corporate,2,150.94,48.88
2024-02-15,East,Clothing,Consumer,4,395.5,149.11
2024-02-15,North,Food & Beverage,Home Office,3,119.3,19.35
2024-02-15,West,Electronics,Consumer,7,3333.87,603.39
2024-02-15,East,Electronics,Consumer,3,1345.99,269.02
2024-02-16,West,Clothing,Corporate,7,728.7,225.4
2024-02-16,West,Office Supplies,Consumer,5,366.55,79.18
2024-02-16,South,Office Supplies,Home Office,2,149.08,48.99
2024-02-17,East,Electronics,Corporate,5,2355.73,423.27
2024-02-17,South,Office Supplies,Home Office,1,59.16,15.38
2024-02-17,West,Food & Beverage,Corporate,5,205.72,23.29
2024-02-17,West,Clothing,Home Office,7,757.33,273.23
2024-02-17,South,Electronics,Consumer,3,1651.91,241.37
2024-02-17,East,Office Supplies,Home Office,6,369.77,131.34
2024-02-18,South,Electronics,Consumer,4,1851.6,416.17
2024-02-18,North,Clothing,Corporate,7,640.38,211.22
2024-02-18,South,Clothing,Consumer,6,502.58,204.79
2024-02-18,South,Food & Beverage,Corporate,2,84.54,12.96
2024-02-18,North,Clothing,Consumer,6,580.75,226.67
2024-02-18,North,Clothing,Consumer,5,419.06,119.72
2024-02-18,South,Office Supplies,Corporate,6,403.1,97.7
2024-02-18,South,Office Supplies,Consumer,7,410.15,121.36
2024-02-18,North,Food & Beverage,Consumer,3,112.19,12.35
2024-02-18,East,Food & Beverage,Corporate,6,225.16,43.88
2024-02-19,East,Furniture,Home Office,1,744.29,121.03
2024-02-19,North,Electronics,Consumer,4,1906.99,424.4
2024-02-19,West,Office Supplies,Corporate,4,285.27,89.28
2024-02-19,North,Clothing,Corporate,4,376.32,106.12
2024-02-20,West,Electronics,Home Office,5,2779.09,589.61
2024-02-20,South,Office Supplies,Corporate,1,62.2,17.27
2024-02-20,North,Office Supplies,Corporate,3,182.02,60.76
2024-02-20,North,Clothing,Corporate,2,212.89,56.12
2024-02-21,South,Food & Beverage,Corporate,4,178.78,29.2
2024-02-21,West,Clothing,Corporate,1,107.76,46.2
2024-02-22,North,Furniture,Consumer,4,3236.72,747.72
2024-02-22,North,Food & Beverage,Consumer,3,130.87,18.0
2024-02-22,East,Electronics,Corporate,3,1633.06,286.41
2024-02-22,North,Clothing,Consumer,1,88.28,27.82
2024-02-23,North,Food & Beverage,Corporate,6,267.87,29.95
2024-02-23,East,Office Supplies,Home Office,7,442.72,111.45
2024-02-23,South,Furniture,Consumer,1,757.61,144.6
2024-02-23,North,Office Supplies,Consumer,6,399.7,114.15
2024-02-23,West,Clothing,Home Office,6,657.05,169.65
2024-02-23,West,Food & Beverage,Consumer,1,38.49,7.2
2024-02-23,South,Furniture,Consumer,2,1436.65,324.91
2024-02-23,South,Food & Beverage,Corporate,7,258.88,49.89
2024-02-23,South,Furniture,Consumer,3,2113.47,396.36
2024-02-23,East,Clothing,Corporate,4,345.87,112.77
2024-02-23,North,Clothing,Consumer,3,276.29,107.16
2024-02-23,North,Clothing,Consumer,4,445.83,149.75
2024-02-24,North,Food & Beverage,Consumer,4,158.79,28.1
2024-02-24,East,Electronics,Home Office,2,1142.18,213.02
2024-02-24,West,Food & Beverage,Corporate,3,126.77,20.59
2024-02-24,East,Clothing,Consumer,7,686.54,217.59
2024-02-24,South,Furniture,Consumer,2,1412.85,332.54
2024-02-24,North,Clothing,Corporate,2,194.28,84.51
2024-02-24,East,Furniture,Consumer,6,4340.54,992.25
2024-02-24,West,Food & Beverage,Consumer,5,178.09,30.98
2024-02-25,North,Clothing,Consumer,4,444.86,128.94
2024-02-25,West,Electronics,Corporate,3,1515.01,339.3
2024-02-25,South,Food & Beverage,Consumer,3,126.96,23.38
2024-02-25,North,Office Supplies,Consumer,6,396.68,86.15
2024-02-25,West,Food & Beverage,Corporate,3,129.65,19.06
2024-02-25,South,Food & Beverage,Consumer,1,46.2,6.72
2024-02-25,West,Clothing,Home Office,2,172.06,53.86
2024-02-25,East,Office Supplies,Consumer,5,343.07,118.43
2024-02-25,West,Furniture,Home Office,6,4655.97,1157.26
2024-02-25,South,Furniture,Consumer,3,2375.09,593.43
2024-02-25,North,Furniture,Home Office,2,1421.07,362.18
2024-02-26,East,Food & Beverage,Corporate,3,129.08,22.12
2024-02-26,South,Electronics,Home Office,6,3003.72,686.54
2024-02-26,South,Electronics,Corporate,3,1692.62,242.61
2024-02-26,South,Furniture,Consumer,5,3344.95,812.19
2024-02-26,North,Office Supplies,Consumer,4,280.38,85.15
2024-02-26,South,Electronics,Consumer,4,2103.95,287.36
2024-02-27,South,Office Supplies,Home Office,5,328.69,109.83
2024-02-27,East,Furniture,Consumer,1,801.34,172.9
2024-02-27,North,Clothing,Consumer,2,167.83,73.69
2024-02-27,West,Clothing,Consumer,1,98.33,37.59
2024-02-27,East,Clothing,Corporate,7,630.24,163.64
2024-02-27,South,Furniture,Consumer,6,4701.4,792.7
2024-02-28,North,Food & Beverage,Consumer,1,38.7,5.39
2024-02-28,East,Food & Beverage,Consumer,3,135.35,26.35
2024-02-28,South,Food & Beverage,Consumer,5,218.52,28.3
2024-02-28,South,Clothing,Home Office,2,203.76,53.29
2024-02-28,North,Electronics,Consumer,3,1327.07,186.52
2024-02-28,North,Office Supplies,Consumer,2,136.06,47.09
2024-02-29,North,Furniture,Corporate,7,5064.55,1330.25
2024-02-29,North,Electronics,Consumer,6,2704.13,534.2
2024-02-29,North,Furniture,Consumer,4,2522.74,421.57
2024-02-29,West,Food & Beverage,Consumer,2,80.84,13.09
2024-03-01,West,Furniture,Consumer,1,827.44,155.04
2024-03-01,North,Food & Beverage,Home Office,7,257.72,48.44
2024-03-01,East,Furniture,Consumer,4,3060.92,800.64
2024-03-01,North,Electronics,Consumer,5,2764.82,555.84
2024-03-01,East,Electronics,Corporate,3,1461.04,301.05
2024-03-01,North,Furniture,Corporate,6,4980.85,940.59
2024-03-02,East,Food & Beverage,Consumer,7,273.58,31.15
2024-03-02,South,Electronics,Corporate,6,3479.89,592.86
2024-03-02,West,Electronics,Corporate,1,593.27,113.35
2024-03-02,East,Electronics,Home Office,3,1383.07,274.19
2024-03-02,West,Electronics,Home Office,6,2728.52,393.56
2024-03-02,West,Electronics,Corporate,2,1135.75,244.77
2024-03-02,South,Furniture,Consumer,4,3119.56,889.8
2024-03-03,East,Office Supplies,Consumer,3,165.95,51.71
2024-03-03,South,Clothing,Consumer,5,443.95,183.83
2024-03-03,North,Electronics,Consumer,4,2062.52,271.13
2024-03-03,North,Clothing,Consumer,6,495.69,152.26
2024-03-03,South,Clothing,Corporate,3,297.57,117.29
2024-03-03,East,Electronics,Consumer,3,1549.76,344.3
2024-03-04,North,Furniture,Consumer,1,771.97,159.28
2024-03-04,North,Electronics,Corporate,1,519.49,111.21
2024-03-04,East,Food & Beverage,Consumer,7,280.69,37.51
2024-03-04,East,Office Supplies,Consumer,4,233.45,58.87
2024-03-04,East,Clothing,Consumer,6,602.32,267.61
2024-03-05,North,Food & Beverage,Corporate,6,241.7,46.8
2024-03-05,West,Clothing,Consumer,5,519.55,212.02
2024-03-05,West,Furniture,Consumer,4,2791.28,584.3
2024-03-05,West,Furniture,Consumer,6,4451.09,991.02
2024-03-05,South,Electronics,Consumer,7,3403.78,592.13
2024-03-05,South,Clothing,Consumer,6,601.03,233.59
2024-03-05,East,Clothing,Consumer,7,749.26,249.42
2024-03-06,South,Clothing,Consumer,2,165.69,74.71
2024-03-06,North,Clothing,Corporate,7,760.11,197.96
2024-03-06,West,Food & Beverage,Consumer,3,126.04,16.82
2024-03-06,East,Food & Beverage,Consumer,7,241.97,46.89
2024-03-06,South,Clothing,Consumer,7,649.33,179.65
2024-03-06,West,Food & Beverage,Consumer,3,113.3,20.62
2024-03-06,South,Food & Beverage,Consumer,3,106.22,16.16
2024-03-06,East,Office Supplies,Corporate,5,308.29,89.29
2024-03-06,West,Office Supplies,Consumer,6,362.29,86.94
2024-03-06,East,Furniture,Corporate,3,2311.1,650.22
2024-03-06,West,Furniture,Consumer,4,3187.4,758.12
2024-03-07,West,Furniture,Home Office,3,2419.53,407.77
2024-03-07,East,Furniture,Corporate,2,1285.16,359.23
2024-03-07,South,Electronics,Consumer,6,2803.43,355.3
2024-03-08,East,Food & Beverage,Consumer,4,174.59,30.79
2024-03-08,East,Furniture,Home Office,4,2604.37,675.87
2024-03-08,South,Furniture,Corporate,6,4592.89,830.57
2024-03-08,West,Furniture,Consumer,4,3244.88,505.38
2024-03-08,North,Food & Beverage,Consumer,2,83.65,13.82
2024-03-09,North,Food & Beverage,Consumer,5,176.41,18.53
2024-03-09,North,Food & Beverage,Home Office,6,240.7,45.93
2024-03-09,South,Clothing,Consumer,2,212.76,74.34
2024-03-09,North,Food & Beverage,Home Office,4,154.07,29.63
2024-03-09,West,Food & Beverage,Corporate,2,77.02,8.14
2024-03-09,South,Electronics,Consumer,6,2789.04,605.12
2024-03-10,South,Furniture,Consumer,7,4385.01,1155.54
2024-03-10,North,Furniture,Consumer,3,1843.5,491.27
2024-03-10,East,Food & Beverage,Consumer,6,233.78,31.58
2024-03-10,East,Electronics,Consumer,1,572.77,108.98
2024-03-11,East,Electronics,Home Office,7,4089.51,593.29
2024-03-11,East,Clothing,Consumer,2,210.94,88.44
2024-03-11,West,Food & Beverage,Home Office,7,301.06,41.93
2024-03-11,North,Electronics,Consumer,1,459.62,100.04
2024-03-11,South,Clothing,Consumer,7,763.53,233.77
2024-03-11,South,Office Supplies,Corporate,2,108.75,25.41
2024-03-11,East,Food & Beverage,Consumer,1,44.28,8.31
2024-03-11,West,Electronics,Consumer,1,546.15,77.91
2024-03-12,East,Furniture,Consumer,1,628.8,112.36
2024-03-12,East,Electronics,Home Office,1,475.46,93.69
2024-03-12,North,Clothing,Home Office,4,404.28,163.23
2024-03-12,East,Office Supplies,Corporate,5,359.59,114.56
2024-03-12,South,Office Supplies,Home Office,5,314.76,67.17
2024-03-13,East,Electronics,Corporate,5,2236.56,327.39
2024-03-13,West,Electronics,Corporate,1,511.43,74.79
2024-03-13,South,Furniture,Consumer,1,776.69,150.46
2024-03-13,North,Office Supplies,Consumer,5,276.28,69.47
2024-03-13,West,Electronics,Corporate,7,3347.94,574.9
2024-03-13,North,Clothing,Home Office,4,383.13,139.39
2024-03-13,North,Clothing,Home Office,7,669.61,180.76
2024-03-13,North,Electronics,Consumer,5,2663.41,594.71
2024-03-13,West,Office Supplies,Home Office,7,501.3,105.95
2024-03-14,South,Electronics,Consumer,5,2522.15,449.07
2024-03-14,North,Office Supplies,Consumer,2,138.93,46.48
2024-03-14,South,Office Supplies,Home Office,5,308.06,110.5
2024-03-14,North,Office Supplies,Consumer,3,192.86,55.78
2024-03-14,North,Food & Beverage,Corporate,7,262.18,34.07
2024-03-14,North,Clothing,Consumer,7,683.26,209.22
2024-03-15,East,Electronics,Consumer,4,2095.35,351.21
2024-03-15,East,Furniture,Home Office,4,2598.57,680.84
2024-03-15,West,Food & Beverage,Consumer,4,163.0,24.16
2024-03-15,South,Clothing,Consumer,5,471.09,116.03
2024-03-15,East,Food & Beverage,Corporate,2,71.92,10.95
2024-03-15,South,Electronics,Consumer,1,564.17,102.23
2024-03-15,West,Furniture,Corporate,7,4297.0,890.33
2024-03-15,North,Food & Beverage,Corporate,5,174.61,27.25
2024-03-16,South,Food & Beverage,Consumer,3,123.84,14.12
2024-03-16,West,Office Supplies,Corporate,6,374.76,121.15
2024-03-16,South,Office Supplies,Consumer,7,493.47,134.41
2024-03-16,West,Office Supplies,Consumer,3,192.05,58.67
2024-03-16,North,Food & Beverage,Home Office,7,284.53,51.77
2024-03-16,East,Food & Beverage,Home Office,2,75.4,12.17
2024-03-16,East,Food & Beverage,Home Office,7,249.27,34.56
2024-03-17,East,Office Supplies,Corporate,2,107.34,25.08
2024-03-17,East,Electronics,Consumer,2,1026.57,207.63
2024-03-17,West,Furniture,Corporate,6,3929.13,630.57
2024-03-17,East,Clothing,Corporate,4,339.05,123.63
2024-03-17,East,Office Supplies,Consumer,3,182.81,61.75
2024-03-17,South,Food & Beverage,Corporate,6,208.02,26.81
2024-03-18,West,Food & Beverage,Corporate,3,104.93,11.65
2024-03-18,East,Electronics,Consumer,4,1956.71,396.65
2024-03-18,West,Electronics,Corporate,6,2733.73,552.21
2024-03-18,North,Office Supplies,Corporate,6,324.74,95.76
2024-03-18,West,Clothing,Home Office,2,186.23,71.67
2024-03-18,North,Food & Beverage,Consumer,7,301.15,32.58
2024-03-19,South,Clothing,Home Office,5,430.15,143.55
2024-03-19,East,Food & Beverage,Corporate,7,260.31,49.17
2024-03-19,South,Furniture,Corporate,3,2150.29,524.76
2024-03-19,West,Electronics,Consumer,5,2531.13,369.0
2024-03-19,North,Food & Beverage,Consumer,1,34.24,4.9
2024-03-19,South,Electronics,Consumer,1,470.91,103.19
2024-03-20,South,Office Supplies,Consumer,2,124.55,34.0
2024-03-20,South,Food & Beverage,Consumer,7,288.04,52.42
2024-03-20,East,Food & Beverage,Consumer,6,235.05,29.31
2024-03-20,North,Office Supplies,Consumer,6,421.75,146.45
2024-03-20,North,Food & Beverage,Corporate,3,123.72,19.71
2024-03-21,South,Electronics,Consumer,5,2761.9,634.12
2024-03-21,South,Food & Beverage,Consumer,3,117.48,19.21
2024-03-21,South,Electronics,Consumer,4,2267.66,408.14
2024-03-21,North,Electronics,Consumer,4,1724.01,332.0
2024-03-21,South,Clothing,Consumer,3,303.6,109.89
2024-03-21,East,Electronics,Consumer,5,2632.52,331.83
2024-03-21,South,Food & Beverage,Consumer,6,220.73,37.17
2024-03-21,North,Office Supplies,Consumer,6,408.17,109.36
2024-03-22,East,Clothing,Consumer,3,257.82,83.74
2024-03-23,West,Office Supplies,Home Office,1,53.88,11.38
2024-03-23,North,Furniture,Corporate,6,3949.57,814.26
2024-03-23,East,Clothing,Home Office,4,340.5,143.33
2024-03-23,East,Food & Beverage,Consumer,2,80.08,12.03
2024-03-23,South,Electronics,Corporate,1,461.91,77.63
2024-03-24,North,Clothing,Consumer,7,695.59,266.87
2024-03-24,South,Office Supplies,Consumer,6,334.6,103.16
2024-03-24,West,Food & Beverage,Consumer,4,146.28,15.76
2024-03-24,East,Office Supplies,Consumer,1,52.85,17.62
2024-03-25,North,Electronics,Home Office,7,3119.06,672.91
2024-03-25,East,Electronics,Consumer,3,1294.18,249.86
2024-03-25,South,Furniture,Consumer,3,2034.48,406.9
2024-03-25,North,Electronics,Consumer,6,2962.28,395.67
2024-03-25,South,Furniture,Consumer,7,5543.31,1078.56
2024-03-26,East,Office Supplies,Consumer,7,476.56,166.3
2024-03-26,North,Food & Beverage,Corporate,5,220.37,30.78
2024-03-26,East,Furniture,Corporate,7,5437.59,841.31
2024-03-26,North,Electronics,Consumer,2,949.98,141.72
2024-03-26,South,Food & Beverage,Consumer,2,86.37,10.71
2024-03-26,West,Electronics,Consumer,4,2190.39,481.24
2024-03-26,South,Food & Beverage,Home Office,5,219.0,39.76
2024-03-26,West,Furniture,Consumer,6,4671.32,1164.92
2024-03-26,North,Furniture,Consumer,2,1377.07,226.88
2024-03-26,North,Clothing,Consumer,7,648.42,263.25
2024-03-27,South,Clothing,Consumer,3,290.47,71.5
2024-03-27,West,Clothing,Consumer,6,535.92,230.49
2024-03-27,East,Clothing,Corporate,4,344.43,89.11
2024-03-27,South,Furniture,Consumer,3,2148.65,505.35
2024-03-27,South,Clothing,Corporate,5,514.78,224.84
2024-03-28,West,Office Supplies,Consumer,2,134.35,40.62
2024-03-28,East,Furniture,Consumer,1,720.52,191.27
2024-03-28,South,Electronics,Home Office,1,529.77,85.65
2024-03-28,South,Clothing,Home Office,5,516.02,184.73
2024-03-28,West,Electronics,Consumer,4,1891.33,387.51
2024-03-28,North,Electronics,Consumer,3,1579.05,318.76
2024-03-28,North,Office Supplies,Home Office,1,57.38,14.25
2024-03-28,West,Food & Beverage,Corporate,2,68.99,8.97
2024-03-28,North,Food & Beverage,Consumer,6,200.73,32.41
2024-03-29,East,Clothing,Consumer,4,398.14,146.29
2024-03-29,North,Furniture,Home Office,3,2236.49,594.5
2024-03-29,East,Office Supplies,Consumer,3,176.29,58.1
2024-03-29,East,Food & Beverage,Corporate,3,98.52,14.24
2024-03-29,East,Electronics,Corporate,6,3244.74,721.19
2024-03-29,South,Clothing,Consumer,2,185.87,64.14
2024-03-30,East,Electronics,Corporate,3,1356.77,296.81
2024-03-30,South,Furniture,Corporate,7,5322.81,957.01
2024-03-30,West,Furniture,Home Office,3,2048.04,318.63
2024-03-30,North,Food & Beverage,Consumer,4,133.85,21.55
2024-03-31,North,Clothing,Consumer,7,694.15,262.07
2024-03-31,South,Food & Beverage,Corporate,2,83.12,10.53
2024-03-31,South,Food & Beverage,Consumer,5,209.99,29.21
2024-03-31,West,Clothing,Consumer,1,85.83,37.44
2024-03-31,North,Furniture,Corporate,3,2163.23,361.41
2024-04-01,North,Office Supplies,Home Office,1,68.0,14.51
2024-04-01,West,Food & Beverage,Corporate,3,112.34,15.67
2024-04-01,East,Office Supplies,Home Office,4,271.57,82.19
2024-04-01,North,Furniture,Consumer,5,3769.2,782.28
2024-04-01,North,Furniture,Home Office,3,1968.91,308.1
2024-04-02,South,Office Supplies,Home Office,4,261.38,67.8
2024-04-03,South,Office Supplies,Home Office,2,109.54,37.83
2024-04-03,West,Office Supplies,Home Office,4,239.92,79.94
2024-04-03,East,Office Supplies,Consumer,2,133.63,38.02
2024-04-03,East,Clothing,Consumer,7,665.65,187.2
2024-04-03,North,Clothing,Home Office,7,603.19,261.06
2024-04-03,North,Clothing,Consumer,1,84.55,37.4
2024-04-03,West,Food & Beverage,Home Office,5,169.57,21.09
2024-04-04,East,Furniture,Corporate,2,1457.27,390.99
2024-04-04,North,Clothing,Corporate,4,392.81,149.04
2024-04-04,East,Food & Beverage,Consumer,5,210.77,30.97
2024-04-04,East,Food & Beverage,Consumer,4,145.1,26.9
2024-04-04,West,Furniture,Consumer,5,3848.02,620.77
2024-04-05,West,Food & Beverage,Consumer,4,142.36,25.71
2024-04-05,North,Office Supplies,Home Office,1,51.06,15.55
2024-04-05,East,Furniture,Corporate,6,3664.82,862.56
2024-04-05,East,Office Supplies,Consumer,3,197.34,52.66
2024-04-05,West,Furniture,Corporate,1,662.06,121.92
2024-04-06,North,Electronics,Consumer,6,3270.78,643.87
2024-04-06,East,Office Supplies,Consumer,5,321.62,85.29
2024-04-06,West,Furniture,Consumer,7,4850.18,1071.53
2024-04-06,South,Clothing,Corporate,2,175.36,58.1
2024-04-06,East,Clothing,Consumer,3,238.38,70.24
2024-04-06,East,Furniture,Corporate,2,1439.83,383.89
2024-04-07,West,Food & Beverage,Home Office,6,191.5,35.22
2024-04-07,West,Clothing,Corporate,5,414.56,109.18
2024-04-07,South,Food & Beverage,Corporate,4,167.66,27.02
2024-04-07,West,Electronics,Consumer,1,491.61,66.77
2024-04-07,East,Clothing,Corporate,1,99.98,43.26
2024-04-08,East,Office Supplies,Corporate,5,316.11,95.13
2024-04-08,South,Office Supplies,Corporate,3,171.06,41.61
2024-04-08,East,Clothing,Consumer,2,202.03,74.22
2024-04-08,South,Furniture,Consumer,5,3407.94,610.04
2024-04-08,East,Office Supplies,Consumer,3,180.97,52.32
2024-04-08,East,Office Supplies,Consumer,5,301.61,90.09
2024-04-08,West,Furniture,Consumer,3,1758.57,491.07
2024-04-08,North,Clothing,Consumer,6,453.71,199.31
2024-04-08,North,Electronics,Corporate,4,1908.91,434.95
2024-04-08,West,Furniture,Consumer,5,3675.93,638.24
2024-04-08,South,Furniture,Corporate,7,4110.46,1167.04
2024-04-09,South,Clothing,Corporate,4,401.38,174.34
2024-04-09,North,Electronics,Consumer,6,3096.99,703.27
2024-04-09,West,Furniture,Consumer,5,3385.04,915.01
2024-04-09,South,Furniture,Consumer,2,1504.67,255.61
2024-04-10,East,Furniture,Consumer,1,642.61,138.15
2024-04-10,South,Office Supplies,Consumer,4,260.21,66.03
2024-04-10,West,Furniture,Corporate,5,3374.24,565.57
2024-04-10,West,Furniture,Consumer,6,4559.56,711.8
2024-04-10,South,Clothing,Consumer,1,75.26,20.93
2024-04-11,South,Clothing,Corporate,4,368.6,120.01
2024-04-11,East,Office Supplies,Corporate,6,374.0,102.27
2024-04-11,North,Clothing,Consumer,5,422.92,111.92
2024-04-11,West,Office Supplies,Corporate,5,278.28,59.13
2024-04-12,South,Furniture,Home Office,1,727.46,152.45
2024-04-12,East,Furniture,Home Office,1,622.64,153.58
2024-04-12,West,Furniture,Home Office,1,748.56,164.61
2024-04-12,South,Food & Beverage,Corporate,2,77.38,14.36
2024-04-12,East,Office Supplies,Consumer,5,319.36,102.96
2024-04-13,West,Office Supplies,Corporate,3,187.74,58.73
2024-04-13,West,Furniture,Corporate,3,1872.28,304.73
2024-04-13,East,Clothing,Corporate,4,372.67,120.51
2024-04-13,North,Food & Beverage,Corporate,1,33.13,5.71
2024-04-13,South,Furniture,Consumer,7,5242.03,1130.61
2024-04-13,North,Office Supplies,Home Office,2,113.98,24.74
2024-04-14,West,Electronics,Corporate,7,2964.69,451.54
2024-04-14,East,Electronics,Consumer,4,2076.19,398.4
2024-04-14,West,Food & Beverage,Consumer,7,266.05,50.74
2024-04-14,South,Clothing,Corporate,7,556.32,159.1
2024-04-14,South,Electronics,Corporate,6,3133.69,440.81
2024-04-14,East,Electronics,Home Office,6,3154.74,645.6
2024-04-15,West,Furniture,Consumer,1,696.7,184.88
2024-04-15,East,Clothing,Consumer,7,579.68,251.93
2024-04-15,North,Furniture,Home Office,5,3528.17,892.07
2024-04-16,South,Furniture,Home Office,1,736.38,138.77
2024-04-16,East,Furniture,Home Office,7,4425.52,895.03
2024-04-16,North,Clothing,Consumer,3,234.7,79.67
2024-04-16,South,Electronics,Corporate,5,2411.24,487.82
2024-04-17,South,Office Supplies,Corporate,6,375.98,117.07
2024-04-17,West,Electronics,Consumer,2,784.38,177.9
2024-04-17,West,Furniture,Consumer,2,1397.59,229.85
2024-04-18,North,Clothing,Home Office,7,557.26,244.42
2024-04-18,North,Furniture,Consumer,6,4395.22,1035.19
2024-04-18,South,Furniture,Corporate,6,3394.63,921.28
2024-04-18,South,Food & Beverage,Home Office,5,186.11,19.67
2024-04-18,South,Food & Beverage,Home Office,4,126.51,19.53
2024-04-18,South,Food & Beverage,Corporate,4,143.41,21.63
2024-04-18,South,Food & Beverage,Consumer,4,140.65,18.06
2024-04-18,West,Electronics,Consumer,6,2843.26,626.87
2024-04-19,West,Furniture,Corporate,1,581.08,102.87
2024-04-19,North,Furniture,Consumer,5,3465.03,560.93
2024-04-19,North,Clothing,Corporate,5,390.78,133.62
2024-04-19,North,Furniture,Consumer,1,668.7,116.69
2024-04-19,South,Furniture,Consumer,4,2455.74,623.38
2024-04-19,East,Furniture,Consumer,2,1371.72,350.77
2024-04-19,East,Furniture,Consumer,5,3031.06,607.09
2024-04-19,East,Furniture,Home Office,2,1147.24,246.25
2024-04-20,North,Office Supplies,Corporate,6,385.14,87.22
2024-04-20,West,Office Supplies,Consumer,7,364.83,72.12
2024-04-20,South,Electronics,Corporate,6,2935.29,508.83
2024-04-20,North,Furniture,Corporate,6,3781.11,736.38
2024-04-20,South,Electronics,Consumer,6,2764.13,379.86
2024-04-20,North,Office Supplies,Consumer,2,106.55,27.53
2024-04-20,South,Furniture,Corporate,2,1151.8,213.23
2024-04-20,South,Electronics,Consumer,2,917.42,172.64
2024-04-21,North,Food & Beverage,Consumer,4,156.45,22.3
2024-04-21,West,Electronics,Home Office,3,1269.99,258.43
2024-04-21,North,Furniture,Home Office,2,1152.87,194.44
2024-04-21,East,Clothing,Consumer,4,390.57,151.59
2024-04-22,North,Furniture,Corporate,7,5007.94,1066.15
2024-04-22,West,Furniture,Consumer,2,1459.18,289.02
2024-04-22,North,Clothing,Consumer,7,662.32,236.54
2024-04-22,East,Food & Beverage,Corporate,6,201.56,36.3
2024-04-22,North,Clothing,Consumer,2,147.68,45.67
2024-04-23,North,Food & Beverage,Corporate,4,133.94,20.61
2024-04-23,East,Office Supplies,Consumer,3,183.5,36.74
2024-04-23,West,Furniture,Consumer,6,3443.88,655.74
2024-04-23,South,Furniture,Corporate,1,677.3,131.56
2024-04-23,South,Clothing,Consumer,4,354.08,110.74
2024-04-24,East,Furniture,Home Office,2,1296.99,201.87
2024-04-24,South,Clothing,Consumer,7,665.16,257.34
2024-04-24,North,Furniture,Corporate,1,696.04,156.25
2024-04-24,South,Food & Beverage,Corporate,2,61.76,10.96
2024-04-25,East,Food & Beverage,Home Office,3,97.15,17.62
2024-04-25,West,Office Supplies,Corporate,6,384.45,127.7
2024-04-25,North,Electronics,Home Office,3,1148.61,251.38
2024-04-25,South,Furniture,Consumer,6,3845.06,632.21
2024-04-25,West,Food & Beverage,Consumer,4,155.51,25.57
2024-04-26,South,Office Supplies,Home Office,7,347.53,83.87
2024-04-26,South,Office Supplies,Corporate,3,155.71,54.98
2024-04-27,West,Furniture,Corporate,3,1970.09,439.06
2024-04-27,North,Food & Beverage,Corporate,2,71.71,11.89
2024-04-27,South,Furniture,Home Office,1,556.51,123.36
2024-04-27,South,Office Supplies,Consumer,4,199.08,68.89
2024-04-27,East,Food & Beverage,Corporate,2,73.47,12.9
2024-04-27,West,Clothing,Corporate,2,161.78,59.69
2024-04-27,North,Furniture,Home Office,5,2917.32,503.31
2024-04-27,North,Food & Beverage,Consumer,2,77.94,12.81
2024-04-27,North,Electronics,Home Office,7,2934.46,523.3
2024-04-27,West,Food & Beverage,Home Office,6,197.2,20.87
2024-04-28,West,Clothing,Corporate,7,496.64,202.08
2024-04-28,East,Office Supplies,Consumer,3,145.0,41.61
2024-04-28,East,Furniture,Corporate,6,3522.17,585.32
2024-04-28,South,Electronics,Consumer,7,3323.45,774.83
2024-04-29,South,Clothing,Consumer,1,87.66,22.2
2024-04-29,West,Furniture,Corporate,3,2098.25,330.31
2024-04-29,North,Electronics,Home Office,6,2742.08,402.58
2024-04-29,North,Electronics,Corporate,3,1344.44,256.74
2024-04-29,South,Electronics,Consumer,4,1542.22,227.36
2024-04-29,East,Furniture,Consumer,7,4180.66,843.47
2024-04-29,West,Electronics,Home Office,7,3438.55,670.16
2024-04-29,East,Office Supplies,Consumer,2,120.14,24.57
2024-04-30,East,Clothing,Home Office,4,295.49,104.33
2024-04-30,North,Food & Beverage,Corporate,6,223.06,36.95
2024-04-30,North,Furniture,Home Office,2,1115.17,187.6
2024-04-30,South,Office Supplies,Home Office,6,335.25,99.42
2024-04-30,North,Furniture,Home Office,2,1409.42,382.35
2024-05-01,South,Office Supplies,Corporate,3,150.2,54.34
2024-05-01,South,Electronics,Corporate,3,1315.12,201.97
2024-05-01,North,Electronics,Consumer,4,1687.14,376.33
2024-05-01,North,Food & Beverage,Consumer,5,151.42,15.93
2024-05-01,North,Office Supplies,Home Office,1,55.53,19.73
2024-05-01,North,Furniture,Home Office,7,4697.11,779.54
2024-05-02,East,Food & Beverage,Corporate,2,61.31,6.5
2024-05-02,South,Food & Beverage,Corporate,7,232.63,40.47
2024-05-02,North,Food & Beverage,Consumer,6,226.24,30.69
2024-05-02,West,Food & Beverage,Corporate,3,100.68,17.13
2024-05-02,South,Office Supplies,Home Office,7,376.09,89.04
2024-05-02,South,Food & Beverage,Corporate,5,183.71,31.7
2024-05-02,West,Clothing,Corporate,5,388.64,159.2
2024-05-02,North,Office Supplies,Consumer,5,258.32,84.09
2024-05-02,North,Furniture,Corporate,6,3666.34,981.51
2024-05-02,North,Electronics,Consumer,7,3456.08,640.54
2024-05-03,East,Clothing,Corporate,2,171.84,62.87
2024-05-03,East,Electronics,Home Office,3,1104.32,177.96
2024-05-03,East,Electronics,Corporate,3,1134.21,214.14
2024-05-03,West,Food & Beverage,Consumer,4,129.08,13.77
2024-05-03,North,Food & Beverage,Consumer,4,155.62,18.64
2024-05-03,East,Food & Beverage,Consumer,6,217.28,29.68
2024-05-03,South,Furniture,Consumer,2,1129.35,216.13
2024-05-04,South,Office Supplies,Corporate,6,308.58,73.17
2024-05-04,East,Clothing,Corporate,7,482.35,118.87
2024-05-04,South,Office Supplies,Consumer,5,287.52,100.85
2024-05-04,West,Clothing,Home Office,5,360.83,117.51
2024-05-04,East,Clothing,Corporate,7,615.91,280.1
2024-05-04,West,Office Supplies,Consumer,7,328.91,93.32
2024-05-04,North,Electronics,Consumer,4,1766.66,326.2
2024-05-04,West,Clothing,Consumer,2,167.42,50.85
2024-05-05,East,Electronics,Home Office,6,2691.42,526.56
2024-05-05,East,Electronics,Consumer,4,1679.02,218.9
2024-05-05,East,Office Supplies,Consumer,1,54.64,15.31
2024-05-05,North,Office Supplies,Corporate,1,47.18,13.82
2024-05-05,West,Clothing,Corporate,2,171.19,72.69
2024-05-05,North,Electronics,Consumer,2,979.73,195.2
2024-05-05,West,Furniture,Consumer,3,1652.05,280.13
2024-05-05,East,Food & Beverage,Consumer,6,211.73,28.59
2024-05-05,East,Furniture,Corporate,1,610.48,95.88
2024-05-05,East,Office Supplies,Consumer,6,294.23,64.48
2024-05-05,East,Office Supplies,Home Office,1,54.4,18.5
2024-05-06,South,Clothing,Corporate,1,84.04,24.98
2024-05-06,East,Furniture,Home Office,3,1570.8,250.87
2024-05-06,East,Clothing,Corporate,5,441.02,158.52
2024-05-06,South,Clothing,Consumer,3,253.34,112.43
2024-05-06,South,Office Supplies,Home Office,3,140.17,32.31
2024-05-06,West,Furniture,Home Office,7,3923.93,901.52
2024-05-06,East,Office Supplies,Corporate,7,362.48,112.29
2024-05-06,East,Clothing,Home Office,6,485.45,145.82
2024-05-06,West,Office Supplies,Consumer,6,301.43,78.65
2024-05-07,North,Food & Beverage,Corporate,6,207.21,28.97
2024-05-07,East,Office Supplies,Corporate,4,210.69,47.1
2024-05-07,South,Food & Beverage,Consumer,4,120.47,16.73
2024-05-07,West,Furniture,Consumer,5,3359.99,584.47
2024-05-07,North,Office Supplies,Consumer,6,321.1,70.17
2024-05-07,North,Office Supplies,Consumer,6,362.54,78.1
2024-05-07,North,Food & Beverage,Consumer,3,113.62,14.61
2024-05-07,South,Office Supplies,Consumer,4,181.26,38.85
2024-05-07,East,Electronics,Corporate,4,1706.33,382.07
2024-05-08,North,Furniture,Consumer,4,2573.36,673.83
2024-05-08,South,Electronics,Corporate,3,1171.7,238.36
2024-05-08,North,Electronics,Corporate,7,3335.15,433.0
2024-05-08,West,Electronics,Home Office,3,1410.41,222.01
2024-05-09,South,Furniture,Home Office,7,3746.96,959.35
2024-05-09,North,Office Supplies,Consumer,5,246.02,61.19
2024-05-09,East,Furniture,Corporate,5,2694.56,681.72
2024-05-09,West,Electronics,Home Office,3,1140.97,265.19
2024-05-09,East,Office Supplies,Consumer,5,280.9,81.72
2024-05-10,East,Clothing,Consumer,5,445.7,156.6
2024-05-10,East,Food & Beverage,Corporate,4,149.19,22.37
2024-05-10,South,Electronics,Corporate,5,1900.72,322.36
2024-05-10,North,Clothing,Corporate,6,535.72,210.48
2024-05-10,South,Furniture,Consumer,3,1912.95,378.06
2024-05-10,North,Food & Beverage,Corporate,2,75.12,11.28
2024-05-10,West,Furniture,Home Office,7,3770.47,1006.25
2024-05-10,North,Office Supplies,Corporate,3,177.85,40.97
2024-05-10,North,Food & Beverage,Corporate,1,29.8,5.32
2024-05-10,South,Office Supplies,Consumer,6,276.58,82.42
2024-05-11,East,Food & Beverage,Consumer,4,149.68,17.49
2024-05-11,South,Electronics,Home Office,2,815.15,111.25
2024-05-11,West,Food & Beverage,Consumer,3,96.69,12.04
2024-05-11,North,Clothing,Home Office,6,428.87,142.9
2024-05-11,East,Electronics,Corporate,2,872.51,115.8
2024-05-11,East,Clothing,Corporate,6,432.31,161.7
2024-05-11,North,Furniture,Consumer,4,2400.42,402.01
2024-05-12,South,Food & Beverage,Consumer,2,67.68,7.54
2024-05-12,West,Furniture,Consumer,1,632.84,123.64
2024-05-12,East,Electronics,Corporate,3,1195.11,260.14
2024-05-12,East,Clothing,Consumer,2,169.71,55.49
2024-05-12,West,Food & Beverage,Corporate,3,108.79,12.33
2024-05-12,North,Food & Beverage,Consumer,3,95.7,17.89
2024-05-12,North,Office Supplies,Consumer,7,375.98,127.08
2024-05-13,South,Electronics,Home Office,4,1604.15,294.83
2024-05-13,North,Food & Beverage,Consumer,4,143.33,15.53
2024-05-13,South,Office Supplies,Consumer,5,282.88,77.01
2024-05-13,West,Electronics,Consumer,4,1499.06,309.32
2024-05-13,East,Electronics,Consumer,6,2736.31,601.2
2024-05-13,West,Food & Beverage,Consumer,7,194.72,20.86
2024-05-14,South,Clothing,Home Office,7,570.85,204.38
2024-05-14,South,Food & Beverage,Consumer,1,35.86,6.56
2024-05-14,West,Electronics,Corporate,1,411.01,63.32
2024-05-14,North,Clothing,Consumer,2,137.24,60.84
2024-05-14,East,Food & Beverage,Home Office,2,63.68,12.34
2024-05-15,North,Clothing,Corporate,3,222.69,58.55
2024-05-15,South,Furniture,Home Office,1,637.87,100.94
2024-05-15,North,Furniture,Corporate,3,1507.91,371.8
2024-05-16,North,Office Supplies,Home Office,6,268.4,74.79
2024-05-16,East,Electronics,Corporate,7,2959.21,381.56
2024-05-16,East,Electronics,Corporate,3,1111.92,152.28
2024-05-16,South,Office Supplies,Corporate,3,130.96,41.31
2024-05-16,East,Electronics,Consumer,4,1811.42,381.73
2024-05-16,West,Food & Beverage,Corporate,7,227.79,35.42
2024-05-16,West,Food & Beverage,Corporate,1,35.61,5.51
2024-05-16,West,Furniture,Consumer,7,4048.83,1021.04
2024-05-16,North,Furniture,Corporate,4,2394.97,657.71
2024-05-17,East,Clothing,Home Office,6,451.85,143.2
2024-05-17,North,Electronics,Home Office,7,3122.98,665.68
2024-05-17,South,Electronics,Corporate,2,904.16,199.61
2024-05-18,East,Furniture,Consumer,2,992.74,154.36
2024-05-18,North,Electronics,Home Office,5,2339.46,299.9
2024-05-18,West,Office Supplies,Consumer,7,341.04,88.43
2024-05-18,West,Office Supplies,Consumer,4,184.36,65.95
2024-05-19,South,Clothing,Consumer,6,443.3,180.42
2024-05-19,North,Food & Beverage,Corporate,6,199.78,33.04
2024-05-19,North,Electronics,Consumer,1,455.74,85.88
2024-05-19,South,Electronics,Home Office,2,876.62,168.17
2024-05-19,North,Food & Beverage,Corporate,5,157.52,30.68
2024-05-20,North,Furniture,Home Office,2,1188.45,257.69
2024-05-20,East,Office Supplies,Corporate,4,195.31,41.09
2024-05-21,East,Office Supplies,Consumer,6,317.86,66.27
2024-05-21,East,Electronics,Home Office,2,725.82,111.92
2024-05-21,West,Furniture,Corporate,3,1793.6,463.71
2024-05-21,North,Office Supplies,Home Office,4,185.09,52.58
2024-05-21,East,Furniture,Consumer,2,975.97,189.42
2024-05-22,South,Food & Beverage,Consumer,6,209.27,40.65
2024-05-22,West,Office Supplies,Consumer,7,362.89,77.04
2024-05-22,North,Office Supplies,Corporate,4,205.82,51.87
2024-05-22,South,Office Supplies,Corporate,1,54.6,13.76
2024-05-22,North,Clothing,Consumer,7,507.9,214.92
2024-05-22,West,Furniture,Corporate,4,2485.22,390.69
2024-05-23,North,Clothing,Consumer,2,144.35,41.37
2024-05-23,North,Food & Beverage,Consumer,2,66.51,11.7
2024-05-23,South,Furniture,Consumer,1,582.27,150.78
2024-05-23,West,Food & Beverage,Home Office,5,156.51,19.44
2024-05-23,North,Food & Beverage,Home Office,3,79.81,10.31
2024-05-23,North,Office Supplies,Consumer,3,152.61,41.55
2024-05-23,North,Electronics,Corporate,7,3202.55,467.15
2024-05-23,South,Clothing,Consumer,7,588.43,145.92
2024-05-24,East,Electronics,Consumer,2,703.27,116.42
2024-05-24,North,Clothing,Home Office,2,132.49,49.46
2024-05-24,East,Office Supplies,Corporate,1,49.84,16.78
2024-05-24,North,Food & Beverage,Corporate,5,161.11,31.08
2024-05-24,North,Furniture,Consumer,5,2520.84,641.03
2024-05-24,West,Clothing,Consumer,3,220.02,69.86
2024-05-24,South,Office Supplies,Consumer,4,217.2,77.37
2024-05-24,South,Electronics,Corporate,7,2366.08,513.46
2024-05-24,North,Electronics,Corporate,2,913.08,193.43
2024-05-25,West,Furniture,Home Office,7,4406.27,1166.79
2024-05-25,North,Food & Beverage,Home Office,6,204.58,39.2
2024-05-26,South,Electronics,Consumer,7,3035.67,470.51
2024-05-26,West,Office Supplies,Corporate,3,161.49,36.66
2024-05-26,South,Office Supplies,Consumer,4,202.83,70.87
2024-05-26,North,Food & Beverage,Consumer,7,196.8,35.72
2024-05-26,South,Clothing,Consumer,3,211.51,85.54
2024-05-26,West,Furniture,Corporate,3,1592.65,443.66
2024-05-26,South,Furniture,Consumer,2,983.4,276.87
2024-05-27,South,Clothing,Consumer,6,437.78,163.17
2024-05-27,South,Office Supplies,Consumer,4,190.19,46.29
2024-05-27,South,Food & Beverage,Corporate,1,26.84,4.62
2024-05-27,South,Office Supplies,Corporate,4,191.2,63.76
2024-05-27,East,Office Supplies,Corporate,1,56.12,16.13
2024-05-27,North,Office Supplies,Consumer,7,367.08,81.03
2024-05-27,North,Furniture,Corporate,3,1431.83,395.61
2024-05-27,North,Clothing,Consumer,6,498.93,225.55
2024-05-28,West,Clothing,Consumer,2,139.51,48.0
2024-05-28,South,Clothing,Corporate,6,403.19,133.36
2024-05-28,North,Furniture,Home Office,6,2848.14,735.2
2024-05-28,South,Clothing,Consumer,2,155.78,51.92
2024-05-28,North,Furniture,Corporate,2,1023.74,281.44
2024-05-28,East,Furniture,Consumer,7,3598.71,896.71
2024-05-29,South,Office Supplies,Consumer,7,313.53,102.72
2024-05-29,North,Food & Beverage,Corporate,5,160.67,17.41
2024-05-29,East,Food & Beverage,Consumer,7,212.86,39.81
2024-05-29,North,Clothing,Consumer,3,227.07,103.2
2024-05-29,West,Clothing,Home Office,2,143.89,46.66
2024-05-30,North,Clothing,Consumer,1,65.0,29.5
2024-05-30,West,Office Supplies,Corporate,6,328.76,101.78
2024-05-30,South,Clothing,Corporate,4,258.22,83.16
2024-05-30,South,Furniture,Consumer,2,1204.2,318.71
2024-05-30,North,Clothing,Consumer,2,150.92,62.62
2024-05-30,North,Clothing,Consumer,7,445.99,135.22
2024-05-30,South,Clothing,Corporate,2,147.94,53.3
2024-05-30,South,Clothing,Consumer,3,208.93,66.63
2024-05-31,East,Clothing,Consumer,6,430.64,180.49
2024-05-31,North,Office Supplies,Consumer,4,171.29,36.04
2024-05-31,North,Office Supplies,Home Office,1,51.6,15.22
2024-05-31,East,Clothing,Corporate,7,454.3,126.94
2024-06-01,South,Office Supplies,Consumer,1,46.38,16.7
2024-06-01,East,Clothing,Consumer,7,579.78,166.13
2024-06-01,West,Food & Beverage,Home Office,2,52.89,8.52
2024-06-01,South,Office Supplies,Corporate,2,88.91,29.41
2024-06-01,South,Clothing,Consumer,7,458.66,122.79
2024-06-02,North,Electronics,Corporate,2,850.25,143.21
2024-06-02,East,Office Supplies,Home Office,5,253.22,91.03
2024-06-02,North,Electronics,Consumer,4,1619.72,319.22
2024-06-02,North,Office Supplies,Consumer,6,297.51,62.6
2024-06-02,South,Clothing,Corporate,6,398.66,127.99
2024-06-03,West,Furniture,Consumer,4,2296.45,564.22
2024-06-03,South,Clothing,Home Office,7,436.66,174.66
2024-06-03,West,Food & Beverage,Corporate,2,58.83,8.1
2024-06-03,West,Clothing,Corporate,1,76.16,21.53
2024-06-03,South,Furniture,Home Office,3,1648.16,335.08
2024-06-04,South,Clothing,Corporate,1,81.26,35.35
2024-06-04,East,Clothing,Corporate,1,74.95,30.83
2024-06-04,South,Furniture,Home Office,1,511.49,104.21
2024-06-04,South,Clothing,Home Office,1,68.25,23.47
2024-06-04,East,Furniture,Consumer,3,1685.83,386.36
2024-06-05,North,Furniture,Home Office,5,2323.21,529.92
2024-06-05,South,Food & Beverage,Home Office,4,117.92,14.05
2024-06-05,East,Electronics,Corporate,6,2230.7,492.69
2024-06-05,North,Electronics,Consumer,3,986.24,134.46
2024-06-05,South,Furniture,Consumer,6,3161.54,546.2
2024-06-06,East,Furniture,Consumer,1,574.67,147.36
2024-06-06,South,Furniture,Consumer,1,557.12,103.96
2024-06-06,East,Clothing,Home Office,4,280.61,97.36
2024-06-07,South,Clothing,Consumer,6,441.8,126.34
2024-06-07,East,Food & Beverage,Home Office,3,92.02,17.62
2024-06-07,North,Furniture,Consumer,7,3798.64,611.03
2024-06-08,West,Furniture,Consumer,6,3000.42,804.83
2024-06-08,South,Electronics,Consumer,2,827.21,113.04
2024-06-08,North,Office Supplies,Corporate,6,299.04,67.11
2024-06-08,North,Furniture,Home Office,2,1045.94,168.13
2024-06-08,East,Furniture,Home Office,1,490.78,93.63
2024-06-08,West,Food & Beverage,Consumer,1,30.36,3.44
2024-06-08,West,Furniture,Corporate,3,1421.76,347.82
2024-06-09,West,Office Supplies,Home Office,6,254.71,88.36
2024-06-09,East,Office Supplies,Corporate,3,153.91,48.68
2024-06-09,East,Electronics,Corporate,5,2003.57,364.38
2024-06-09,South,Furniture,Home Office,7,3373.84,830.78
2024-06-10,South,Food & Beverage,Consumer,7,226.3,43.59
2024-06-10,North,Food & Beverage,Consumer,3,76.34,13.59
2024-06-10,West,Clothing,Corporate,1,62.22,25.74
2024-06-10,South,Electronics,Consumer,3,1018.04,142.67
2024-06-10,North,Electronics,Home Office,1,382.4,72.39
2024-06-11,East,Furniture,Consumer,6,2990.22,563.72
2024-06-11,North,Clothing,Home Office,1,79.69,26.5
2024-06-11,South,Office Supplies,Home Office,3,138.19,49.66
2024-06-11,East,Furniture,Corporate,5,2936.87,717.6
2024-06-11,East,Food & Beverage,Consumer,5,129.76,17.35
2024-06-11,East,Furniture,Corporate,4,1871.67,304.19
2024-06-12,West,Food & Beverage,Corporate,1,24.62,2.73
2024-06-12,North,Electronics,Consumer,6,1979.27,280.53
2024-06-12,West,Furniture,Consumer,3,1472.43,310.92
2024-06-12,North,Electronics,Corporate,6,2292.5,434.38
2024-06-12,South,Furniture,Consumer,4,2301.48,607.71
2024-06-12,South,Food & Beverage,Home Office,1,29.95,5.61
2024-06-12,East,Office Supplies,Home Office,3,154.95,33.94
2024-06-13,South,Food & Beverage,Consumer,2,65.82,8.66
2024-06-13,East,Food & Beverage,Consumer,6,174.72,27.97
2024-06-13,East,Office Supplies,Corporate,7,339.56,122.99
2024-06-13,East,Office Supplies,Consumer,1,41.5,8.35
2024-06-13,South,Food & Beverage,Consumer,5,138.04,23.6
2024-06-14,North,Furniture,Consumer,6,3538.18,710.4
2024-06-15,North,Electronics,Consumer,7,2470.44,317.71
2024-06-15,West,Electronics,Consumer,5,1760.13,375.86
2024-06-15,East,Electronics,Consumer,2,641.61,136.18
2024-06-15,East,Food & Beverage,Consumer,6,178.36,30.55
2024-06-15,North,Furniture,Corporate,3,1443.38,251.65
2024-06-16,East,Clothing,Corporate,6,365.64,93.17
2024-06-16,North,Food & Beverage,Corporate,7,175.9,26.87
2024-06-16,East,Electronics,Home Office,6,2237.64,522.83
2024-06-16,East,Clothing,Home Office,5,290.36,73.06
2024-06-16,South,Office Supplies,Consumer,6,304.28,99.09
2024-06-17,East,Furniture,Consumer,5,2665.62,577.31
2024-06-17,South,Office Supplies,Consumer,5,240.91,50.6
2024-06-17,South,Clothing,Consumer,4,244.96,81.62
2024-06-17,South,Electronics,Consumer,1,347.41,60.53
2024-06-17,North,Electronics,Consumer,7,2737.53,517.47
2024-06-17,East,Electronics,Home Office,5,1747.62,407.04
2024-06-18,East,Electronics,Home Office,4,1503.1,262.27
2024-06-18,West,Furniture,Consumer,3,1357.74,375.79
2024-06-18,South,Clothing,Corporate,5,308.74,122.27
2024-06-18,East,Electronics,Corporate,5,1617.92,312.8
2024-06-18,East,Food & Beverage,Home Office,5,134.52,20.06
2024-06-18,West,Office Supplies,Corporate,3,135.57,38.55
2024-06-18,North,Furniture,Corporate,6,3416.04,668.92
2024-06-18,East,Food & Beverage,Consumer,7,226.01,34.22
2024-06-19,East,Furniture,Home Office,3,1339.54,243.0
2024-06-19,West,Furniture,Consumer,3,1610.3,263.52
2024-06-19,South,Furniture,Corporate,3,1481.54,315.53
2024-06-20,West,Clothing,Consumer,3,222.0,59.33
2024-06-20,South,Clothing,Corporate,6,422.61,155.75
2024-06-20,East,Furniture,Home Office,2,1017.66,183.02
2024-06-21,South,Office Supplies,Corporate,7,270.05,68.51
2024-06-21,North,Clothing,Home Office,4,240.51,99.98
2024-06-21,East,Furniture,Corporate,7,3326.83,530.5
2024-06-21,North,Office Supplies,Corporate,7,284.87,92.64
2024-06-22,East,Furniture,Consumer,2,853.62,198.09
2024-06-22,East,Clothing,Home Office,6,457.96,119.56
2024-06-22,West,Clothing,Consumer,1,69.77,30.14
2024-06-22,East,Office Supplies,Consumer,5,224.34,48.86
2024-06-22,South,Clothing,Consumer,7,486.94,171.44
2024-06-22,North,Food & Beverage,Consumer,3,93.24,14.91
2024-06-22,North,Furniture,Consumer,6,2959.73,817.36
2024-06-22,North,Office Supplies,Consumer,4,181.27,55.5
2024-06-23,West,Furniture,Consumer,3,1410.49,249.31
2024-06-23,North,Clothing,Home Office,2,113.98,40.08
2024-06-23,North,Office Supplies,Home Office,1,38.82,9.96
2024-06-23,South,Furniture,Corporate,7,3635.22,904.55
2024-06-23,East,Office Supplies,Home Office,7,273.26,65.56
2024-06-24,East,Clothing,Home Office,5,315.59,109.86
2024-06-24,East,Clothing,Consumer,7,482.21,185.56
2024-06-24,North,Furniture,Corporate,2,862.97,190.64
2024-06-24,South,Furniture,Consumer,2,987.59,269.95
2024-06-24,South,Food & Beverage,Corporate,7,182.57,33.41
2024-06-25,South,Office Supplies,Corporate,4,164.06,43.88
2024-06-25,West,Clothing,Consumer,7,442.08,125.72
2024-06-25,North,Electronics,Corporate,4,1431.01,233.11
2024-06-25,East,Furniture,Consumer,7,3438.41,558.66
2024-06-26,East,Clothing,Corporate,6,446.87,193.0
2024-06-26,West,Office Supplies,Consumer,5,215.14,67.08
2024-06-26,South,Clothing,Corporate,2,117.11,48.52
2024-06-26,East,Clothing,Consumer,5,307.55,138.74
2024-06-26,South,Clothing,Corporate,7,436.78,133.5
2024-06-26,South,Clothing,Consumer,2,127.26,32.0
2024-06-26,West,Food & Beverage,Consumer,4,116.71,20.79
2024-06-27,North,Electronics,Consumer,7,2457.02,363.95
2024-06-27,North,Electronics,Consumer,7,2694.11,438.62
2024-06-27,East,Clothing,Consumer,4,253.91,83.94
2024-06-27,South,Clothing,Consumer,3,169.33,49.29
2024-06-27,South,Food & Beverage,Corporate,1,27.84,4.01
2024-06-27,South,Clothing,Home Office,6,420.9,108.48
2024-06-27,East,Furniture,Corporate,4,1913.84,295.31
2024-06-27,North,Clothing,Consumer,1,57.19,20.03
2024-06-28,West,Electronics,Corporate,5,2010.7,337.59
2024-06-28,West,Clothing,Home Office,5,289.19,105.2
2024-06-28,North,Furniture,Consumer,2,1115.01,254.1
2024-06-28,South,Food & Beverage,Home Office,7,219.61,35.58
2024-06-28,South,Office Supplies,Consumer,3,145.2,52.67
2024-06-28,East,Food & Beverage,Consumer,7,181.87,22.92
2024-06-28,North,Electronics,Consumer,6,2293.89,299.19
2024-06-29,East,Furniture,Consumer,4,2023.61,507.31
2024-06-29,West,Office Supplies,Consumer,7,290.69,92.7
2024-06-29,West,Clothing,Consumer,4,291.41,132.04
2024-06-29,South,Office Supplies,Home Office,2,78.54,15.99
2024-06-29,North,Electronics,Consumer,3,1122.5,158.57
2024-06-29,West,Office Supplies,Home Office,7,273.22,95.17
2024-06-29,South,Food & Beverage,Corporate,7,198.04,38.52
2024-06-30,South,Furniture,Consumer,3,1522.83,431.75
2024-06-30,North,Electronics,Consumer,4,1245.07,238.97
2024-06-30,North,Clothing,Corporate,7,479.53,124.83
2024-06-30,South,Food & Beverage,Home Office,7,196.62,37.87
2024-06-30,West,Food & Beverage,Home Office,1,28.21,5.05
2024-06-30,South,Clothing,Consumer,2,112.43,46.19
2024-06-30,East,Clothing,Consumer,2,120.73,34.5
2024-06-30,South,Food & Beverage,Consumer,3,69.57,8.66
2024-06-30,South,Furniture,Consumer,2,1034.16,273.63
2024-07-01,North,Furniture,Consumer,1,521.02,84.42
2024-07-01,North,Furniture,Home Office,4,2095.24,593.97
2024-07-01,East,Clothing,Corporate,6,345.6,125.24
2024-07-01,West,Clothing,Consumer,2,116.31,32.23
2024-07-01,South,Clothing,Home Office,1,73.68,31.8
2024-07-01,West,Food & Beverage,Consumer,5,130.11,23.84
2024-07-01,North,Electronics,Consumer,2,640.58,89.15
2024-07-02,West,Electronics,Home Office,1,334.82,49.65
2024-07-02,West,Office Supplies,Consumer,7,331.37,97.29
2024-07-02,South,Food & Beverage,Consumer,5,127.77,23.05
2024-07-02,South,Food & Beverage,Corporate,6,159.44,21.89
2024-07-02,South,Office Supplies,Home Office,7,327.81,114.04
2024-07-02,North,Food & Beverage,Home Office,5,125.11,16.75
2024-07-02,South,Food & Beverage,Home Office,4,108.71,20.08
2024-07-02,South,Electronics,Home Office,7,2469.99,311.72
2024-07-02,West,Food & Beverage,Consumer,6,151.65,28.6
2024-07-03,South,Electronics,Home Office,5,1702.91,351.8
2024-07-03,West,Food & Beverage,Home Office,7,181.1,27.1
2024-07-03,East,Office Supplies,Consumer,6,248.96,77.04
2024-07-03,East,Furniture,Corporate,5,2323.31,551.6
2024-07-04,North,Electronics,Corporate,4,1355.11,214.93
2024-07-04,South,Furniture,Corporate,2,870.57,205.94
2024-07-04,North,Office Supplies,Corporate,2,94.64,27.29
2024-07-04,North,Office Supplies,Corporate,2,82.66,29.0
2024-07-04,East,Furniture,Home Office,1,423.06,85.58
2024-07-04,South,Furniture,Consumer,4,1853.21,441.81
2024-07-05,East,Clothing,Corporate,7,419.34,174.98
2024-07-05,South,Electronics,Corporate,7,2450.66,510.83
2024-07-05,South,Office Supplies,Consumer,6,291.38,61.57
2024-07-05,North,Clothing,Consumer,3,217.45,91.65
2024-07-05,South,Food & Beverage,Consumer,5,117.67,21.77
2024-07-05,North,Furniture,Consumer,2,945.25,199.69
2024-07-06,North,Furniture,Consumer,1,523.18,129.3
2024-07-06,North,Food & Beverage,Home Office,2,58.87,7.23
2024-07-06,South,Office Supplies,Home Office,5,183.38,43.98
2024-07-07,South,Electronics,Consumer,7,2227.29,309.83
2024-07-07,South,Furniture,Consumer,2,1003.29,176.78
2024-07-07,East,Clothing,Consumer,2,125.16,53.27
2024-07-08,West,Electronics,Consumer,3,888.52,133.74
2024-07-08,South,Food & Beverage,Corporate,6,152.57,26.88
2024-07-08,South,Clothing,Corporate,2,111.53,36.33
2024-07-08,South,Food & Beverage,Consumer,6,154.52,29.88
2024-07-08,West,Furniture,Consumer,6,3155.46,854.83
2024-07-08,East,Food & Beverage,Consumer,3,85.13,15.61
2024-07-08,East,Office Supplies,Home Office,5,231.06,55.32
2024-07-08,South,Office Supplies,Consumer,7,265.55,78.59
2024-07-08,West,Electronics,Consumer,3,1041.96,208.66
2024-07-09,East,Electronics,Consumer,1,316.45,63.62
2024-07-09,South,Food & Beverage,Home Office,4,97.23,11.82
2024-07-09,East,Office Supplies,Corporate,2,91.61,31.11
2024-07-09,North,Office Supplies,Corporate,7,279.04,59.57
2024-07-09,North,Electronics,Consumer,2,613.56,114.38
2024-07-09,West,Food & Beverage,Corporate,2,57.48,7.57
2024-07-09,East,Food & Beverage,Home Office,3,79.21,13.89
2024-07-09,South,Clothing,Consumer,1,64.21,20.16
2024-07-09,East,Food & Beverage,Consumer,4,111.83,19.35
2024-07-09,East,Food & Beverage,Consumer,1,27.78,3.25
2024-07-09,North,Clothing,Home Office,7,477.1,149.66
2024-07-10,East,Food & Beverage,Home Office,5,119.47,16.51
2024-07-10,North,Food & Beverage,Consumer,4,108.56,20.97
2024-07-10,South,Furniture,Consumer,5,2134.77,474.88
2024-07-10,East,Furniture,Consumer,4,1806.64,420.13
2024-07-10,East,Office Supplies,Consumer,3,130.96,26.13
2024-07-11,South,Clothing,Corporate,4,222.75,65.48
2024-07-11,North,Food & Beverage,Consumer,6,162.65,21.97
2024-07-11,North,Food & Beverage,Consumer,1,29.07,3.12
2024-07-12,North,Office Supplies,Corporate,7,317.65,65.29
2024-07-12,North,Food & Beverage,Corporate,5,140.44,24.34
2024-07-12,North,Office Supplies,Consumer,2,78.37,21.99
2024-07-12,South,Clothing,Consumer,5,314.31,92.6
2024-07-13,East,Furniture,Consumer,7,3125.31,502.54
2024-07-13,West,Electronics,Consumer,2,743.26,139.35
2024-07-13,North,Clothing,Consumer,6,340.02,113.32
2024-07-13,North,Electronics,Consumer,1,380.61,65.77
2024-07-13,North,Electronics,Consumer,2,617.69,125.43
2024-07-14,West,Clothing,Corporate,7,490.38,197.38
2024-07-14,East,Furniture,Home Office,1,471.18,112.44
2024-07-14,East,Furniture,Corporate,3,1302.17,293.21
2024-07-14,South,Furniture,Consumer,7,2935.21,522.88
2024-07-14,North,Office Supplies,Consumer,3,119.66,29.5
2024-07-14,North,Clothing,Consumer,6,389.94,123.56
2024-07-14,South,Electronics,Corporate,1,378.38,57.5
2024-07-14,West,Food & Beverage,Consumer,5,148.88,17.73
2024-07-14,North,Office Supplies,Corporate,4,145.26,34.31
2024-07-14,South,Electronics,Corporate,6,1994.04,323.79
2024-07-14,North,Food & Beverage,Consumer,5,144.24,24.16
2024-07-14,North,Electronics,Consumer,3,954.41,171.07
2024-07-15,South,Furniture,Home Office,4,2142.33,478.74
2024-07-15,South,Clothing,Consumer,2,108.66,48.63
2024-07-15,South,Food & Beverage,Consumer,6,140.61,15.68
2024-07-15,West,Food & Beverage,Consumer,4,106.74,20.21
2024-07-15,North,Office Supplies,Consumer,1,36.62,8.15
2024-07-15,East,Food & Beverage,Corporate,5,138.99,25.29
2024-07-15,East,Clothing,Corporate,3,177.52,61.44
2024-07-16,North,Office Supplies,Corporate,7,315.09,63.19
2024-07-16,West,Office Supplies,Corporate,3,107.87,37.31
2024-07-16,West,Clothing,Consumer,6,357.16,101.95
2024-07-16,South,Office Supplies,Consumer,5,201.33,53.18
2024-07-17,West,Food & Beverage,Consumer,5,146.54,15.88
2024-07-17,South,Furniture,Corporate,4,1685.14,442.89
2024-07-17,South,Food & Beverage,Corporate,4,95.45,12.99
2024-07-17,East,Electronics,Corporate,1,355.82,61.32
2024-07-17,West,Food & Beverage,Consumer,6,148.83,24.45
2024-07-17,South,Office Supplies,Corporate,4,177.05,42.49
2024-07-17,North,Clothing,Consumer,6,410.98,139.52
2024-07-17,North,Clothing,Corporate,7,478.49,187.62
2024-07-18,West,Office Supplies,Home Office,3,119.71,39.98
2024-07-18,North,Clothing,Consumer,6,420.05,149.99
2024-07-18,East,Furniture,Consumer,5,2280.58,544.8
2024-07-18,South,Furniture,Corporate,7,3197.06,500.45
2024-07-18,North,Office Supplies,Corporate,6,272.41,79.45
2024-07-18,North,Office Supplies,Corporate,7,333.69,114.1
2024-07-18,North,Food & Beverage,Corporate,1,28.03,3.1
2024-07-19,North,Food & Beverage,Corporate,3,72.35,8.49
2024-07-19,East,Electronics,Corporate,4,1435.93,209.33
2024-07-19,South,Electronics,Consumer,3,980.9,186.82
2024-07-19,East,Office Supplies,Consumer,6,267.87,58.87
2024-07-20,North,Clothing,Corporate,2,117.47,30.88
2024-07-20,East,Furniture,Corporate,4,1959.31,437.71
2024-07-20,East,Food & Beverage,Consumer,5,135.77,17.23
2024-07-20,North,Furniture,Corporate,4,1950.99,503.59
2024-07-20,West,Electronics,Consumer,6,2279.61,432.12
2024-07-21,East,Clothing,Consumer,7,504.04,204.4
2024-07-21,East,Furniture,Home Office,7,3769.13,926.27
2024-07-21,East,Furniture,Consumer,1,406.27,77.29
2024-07-21,North,Furniture,Consumer,5,2377.45,367.78
2024-07-21,West,Office Supplies,Home Office,1,46.12,16.58
2024-07-22,East,Electronics,Corporate,2,724.85,156.35
2024-07-22,North,Office Supplies,Consumer,5,209.64,62.68
2024-07-22,North,Electronics,Consumer,7,2612.71,479.29
2024-07-22,East,Food & Beverage,Home Office,5,145.04,24.09
2024-07-23,East,Clothing,Home Office,5,321.9,115.68
2024-07-23,North,Food & Beverage,Consumer,3,73.29,12.23
2024-07-23,North,Furniture,Consumer,2,809.79,146.5
2024-07-23,North,Clothing,Consumer,4,223.81,55.7
2024-07-24,South,Clothing,Home Office,5,356.47,132.62
2024-07-24,West,Furniture,Consumer,5,2109.04,551.84
2024-07-24,North,Food & Beverage,Corporate,5,146.8,21.7
2024-07-24,South,Furniture,Home Office,2,1036.84,191.72
2024-07-24,South,Furniture,Corporate,5,2267.95,399.64
2024-07-24,South,Food & Beverage,Consumer,2,45.07,6.28
2024-07-24,North,Furniture,Consumer,1,448.95,103.83
2024-07-24,North,Clothing,Corporate,6,322.65,87.98
2024-07-25,North,Clothing,Consumer,1,69.91,26.48
2024-07-25,North,Office Supplies,Consumer,4,190.1,37.45
2024-07-25,East,Food & Beverage,Corporate,2,54.24,9.06
2024-07-25,East,Food & Beverage,Consumer,5,145.55,25.91
2024-07-26,West,Furniture,Corporate,3,1501.86,290.93
2024-07-26,North,Electronics,Consumer,4,1346.85,282.22
2024-07-26,North,Electronics,Consumer,5,1629.44,376.13
2024-07-26,South,Furniture,Consumer,3,1323.06,358.96
2024-07-26,East,Office Supplies,Consumer,5,214.03,43.79
2024-07-26,West,Food & Beverage,Consumer,6,143.73,22.26
2024-07-26,North,Office Supplies,Consumer,7,274.38,60.56
2024-07-26,North,Food & Beverage,Corporate,4,119.09,19.14
2024-07-27,North,Office Supplies,Corporate,3,114.13,34.43
2024-07-27,East,Electronics,Consumer,2,681.96,135.51
2024-07-27,South,Food & Beverage,Home Office,6,165.87,23.85
2024-07-27,West,Electronics,Corporate,4,1356.2,245.46
2024-07-28,North,Electronics,Consumer,7,2012.75,342.98
2024-07-28,West,Food & Beverage,Consumer,3,67.42,12.06
2024-07-28,North,Clothing,Consumer,2,129.43,51.97
2024-07-28,East,Clothing,Corporate,2,125.63,40.78
2024-07-28,East,Furniture,Consumer,2,1019.96,231.96
2024-07-28,North,Furniture,Home Office,4,2144.18,443.2
2024-07-28,South,Clothing,Corporate,2,125.3,51.72
2024-07-29,East,Office Supplies,Corporate,1,43.38,14.66
2024-07-29,North,Office Supplies,Corporate,1,47.12,15.52
2024-07-29,West,Electronics,Consumer,1,307.77,58.89
2024-07-29,North,Office Supplies,Consumer,3,109.33,25.96
2024-07-29,East,Clothing,Consumer,3,214.86,57.31
2024-07-30,North,Office Supplies,Corporate,4,147.3,43.45
2024-07-30,North,Office Supplies,Consumer,7,302.75,94.35
2024-07-30,North,Office Supplies,Consumer,5,194.08,62.82
2024-07-30,South,Electronics,Home Office,7,2113.04,289.19
2024-07-30,East,Furniture,Consumer,1,508.12,86.86
2024-07-30,South,Office Supplies,Consumer,7,286.14,58.66
2024-07-30,East,Clothing,Consumer,7,384.98,135.87
2024-07-30,East,Office Supplies,Consumer,5,193.25,69.47
2024-07-31,South,Clothing,Corporate,2,120.83,31.21
2024-07-31,South,Clothing,Home Office,4,237.13,62.45
2024-07-31,East,Office Supplies,Corporate,1,38.74,10.01
2024-07-31,East,Office Supplies,Corporate,5,209.5,64.92
2024-08-01,South,Furniture,Consumer,7,3711.78,743.93
2024-08-01,East,Furniture,Home Office,4,2023.32,578.06
2024-08-01,North,Food & Beverage,Consumer,2,53.47,9.37
2024-08-01,North,Furniture,Corporate,2,1066.65,178.53
2024-08-01,North,Electronics,Consumer,3,880.86,117.19
2024-08-01,East,Office Supplies,Corporate,6,228.17,57.9
2024-08-01,South,Electronics,Consumer,4,1259.08,262.78
2024-08-01,South,Electronics,Home Office,4,1151.27,166.27
2024-08-02,East,Clothing,Corporate,1,54.41,23.38
2024-08-02,South,Clothing,Consumer,2,134.56,52.24
2024-08-02,North,Electronics,Corporate,2,613.69,130.61
2024-08-02,South,Food & Beverage,Home Office,3,88.12,9.69
2024-08-03,North,Office Supplies,Corporate,5,196.6,70.54
2024-08-03,West,Clothing,Home Office,5,338.68,153.38
2024-08-03,North,Food & Beverage,Corporate,5,147.86,25.44
2024-08-03,South,Food & Beverage,Consumer,7,187.39,35.17
2024-08-03,East,Clothing,Consumer,7,449.63,190.39
2024-08-03,West,Furniture,Corporate,4,1921.99,414.82
2024-08-03,South,Food & Beverage,Consumer,3,73.86,10.83
2024-08-03,North,Clothing,Consumer,4,221.25,62.93
2024-08-04,South,Electronics,Home Office,6,2285.79,370.68
2024-08-04,North,Electronics,Home Office,5,1563.47,205.37
2024-08-04,West,Office Supplies,Home Office,4,169.44,42.14
2024-08-04,North,Electronics,Consumer,6,2062.09,355.07
2024-08-05,West,Furniture,Corporate,7,3181.17,647.07
2024-08-05,East,Food & Beverage,Consumer,3,79.73,9.16
2024-08-05,West,Clothing,Consumer,6,337.01,140.75
2024-08-05,South,Food & Beverage,Corporate,2,48.89,8.95
2024-08-05,East,Electronics,Corporate,5,1842.98,370.7
2024-08-05,North,Electronics,Consumer,7,2418.43,442.84
2024-08-05,South,Office Supplies,Consumer,2,89.74,28.52
2024-08-06,South,Clothing,Home Office,2,127.34,40.92
2024-08-06,South,Clothing,Home Office,1,70.03,23.68
2024-08-06,East,Clothing,Consumer,3,178.16,75.21
2024-08-06,North,Furniture,Consumer,3,1534.73,329.93
2024-08-07,North,Electronics,Home Office,6,2116.17,277.38
2024-08-07,North,Electronics,Corporate,5,1422.09,225.79
2024-08-08,East,Office Supplies,Consumer,2,91.57,18.35
2024-08-08,North,Furniture,Home Office,7,3104.95,794.94
2024-08-08,North,Electronics,Consumer,4,1211.49,259.51
2024-08-08,South,Clothing,Consumer,2,111.75,38.29
2024-08-08,South,Food & Beverage,Consumer,1,25.41,3.01
2024-08-08,West,Clothing,Consumer,4,240.57,81.58
2024-08-08,West,Furniture,Home Office,4,1828.89,373.38
2024-08-09,West,Office Supplies,Consumer,2,78.13,15.48
2024-08-09,West,Furniture,Corporate,1,422.18,113.65
2024-08-09,East,Food & Beverage,Home Office,7,179.11,31.68
2024-08-09,South,Office Supplies,Corporate,6,269.32,84.24
2024-08-10,East,Food & Beverage,Consumer,7,200.04,26.32
2024-08-10,West,Furniture,Consumer,6,3238.93,725.72
2024-08-10,East,Food & Beverage,Consumer,4,101.72,16.31
2024-08-10,East,Electronics,Consumer,3,1078.71,214.5
2024-08-10,South,Clothing,Consumer,7,377.66,171.24
2024-08-10,West,Clothing,Consumer,5,324.55,83.36
2024-08-10,East,Office Supplies,Consumer,1,41.12,10.04
2024-08-10,South,Office Supplies,Consumer,6,232.2,55.69
2024-08-10,East,Office Supplies,Corporate,6,239.38,72.6
2024-08-10,West,Office Supplies,Corporate,7,307.53,63.16
2024-08-10,East,Electronics,Home Office,7,2159.31,347.55
2024-08-10,North,Office Supplies,Home Office,5,216.11,44.22
2024-08-11,South,Office Supplies,Home Office,6,230.74,48.57
2024-08-11,East,Electronics,Consumer,7,2419.06,507.55
2024-08-11,South,Clothing,Corporate,1,70.67,30.84
2024-08-12,North,Furniture,Corporate,5,2298.18,443.45
2024-08-12,North,Electronics,Corporate,3,873.81,161.43
2024-08-12,South,Clothing,Home Office,4,256.97,77.0
2024-08-12,North,Office Supplies,Corporate,2,92.47,30.74
2024-08-13,West,Electronics,Consumer,4,1504.71,200.54
2024-08-13,East,Electronics,Corporate,5,1474.52,317.87
2024-08-13,South,Food & Beverage,Consumer,2,52.74,8.78
2024-08-13,North,Furniture,Consumer,1,541.98,85.3
2024-08-13,West,Furniture,Home Office,3,1347.67,364.94
2024-08-13,South,Food & Beverage,Corporate,4,120.66,23.38
2024-08-13,North,Food & Beverage,Consumer,7,167.22,19.82
2024-08-13,South,Furniture,Consumer,7,3677.84,1032.2
2024-08-13,South,Food & Beverage,Consumer,7,182.73,25.24
2024-08-14,East,Electronics,Consumer,4,1182.39,230.18
2024-08-14,East,Clothing,Consumer,6,411.84,143.55
2024-08-14,North,Clothing,Consumer,7,472.3,175.3
2024-08-14,East,Food & Beverage,Consumer,4,104.55,11.77
2024-08-14,North,Clothing,Corporate,3,203.89,55.76
2024-08-14,East,Clothing,Consumer,6,337.91,115.99
2024-08-14,East,Furniture,Home Office,5,2070.19,384.75
2024-08-15,West,Office Supplies,Consumer,2,91.97,18.1
2024-08-15,South,Clothing,Home Office,5,344.73,152.8
2024-08-15,North,Electronics,Corporate,2,640.65,127.56
2024-08-15,South,Office Supplies,Consumer,2,91.59,29.26
2024-08-15,South,Clothing,Consumer,2,126.17,46.69
2024-08-15,West,Electronics,Corporate,2,752.87,153.61
2024-08-15,North,Office Supplies,Consumer,7,312.75,91.34
2024-08-16,South,Food & Beverage,Home Office,7,174.71,19.72
2024-08-16,North,Furniture,Consumer,2,929.91,156.2
2024-08-16,North,Clothing,Home Office,2,121.74,34.57
2024-08-16,West,Furniture,Consumer,2,1069.23,230.26
2024-08-16,North,Office Supplies,Consumer,7,306.19,76.52
2024-08-16,East,Food & Beverage,Consumer,7,203.86,24.39
2024-08-16,East,Electronics,Home Office,7,2195.0,503.0
2024-08-16,North,Electronics,Corporate,4,1274.8,210.53
2024-08-16,West,Office Supplies,Corporate,6,272.97,89.91
2024-08-16,North,Furniture,Consumer,7,3256.94,703.87
2024-08-16,North,Clothing,Consumer,6,408.85,168.76
2024-08-17,South,Office Supplies,Consumer,1,42.29,10.84
2024-08-17,North,Electronics,Corporate,2,645.09,110.47
2024-08-18,North,Food & Beverage,Home Office,4,113.01,21.61
2024-08-18,South,Food & Beverage,Consumer,6,168.13,17.87
2024-08-19,South,Furniture,Corporate,3,1259.71,224.09
2024-08-19,East,Clothing,Consumer,1,64.38,26.39
2024-08-20,South,Electronics,Consumer,2,629.67,141.01
2024-08-20,North,Clothing,Consumer,7,394.07,141.62
2024-08-20,West,Furniture,Corporate,1,443.75,115.21
2024-08-20,South,Clothing,Consumer,7,396.79,158.37
2024-08-21,East,Office Supplies,Home Office,5,215.8,58.7
2024-08-21,West,Furniture,Consumer,4,1842.4,304.86
2024-08-21,North,Clothing,Corporate,3,164.66,44.07
2024-08-21,East,Electronics,Consumer,4,1424.75,202.23
2024-08-21,South,Food & Beverage,Home Office,3,80.25,11.27
2024-08-21,South,Food & Beverage,Consumer,7,212.52,34.57
2024-08-22,South,Clothing,Home Office,2,141.64,39.82
2024-08-22,North,Electronics,Consumer,6,2156.01,291.35
2024-08-22,South,Clothing,Corporate,1,54.88,19.68
2024-08-22,North,Electronics,Home Office,7,2132.93,484.32
2024-08-22,West,Office Supplies,Home Office,2,92.75,31.91
2024-08-23,East,Electronics,Home Office,3,1084.4,223.75
2024-08-23,South,Electronics,Home Office,5,1539.67,201.96
2024-08-23,East,Food & Beverage,Consumer,5,137.09,14.95
2024-08-23,North,Office Supplies,Home Office,4,177.6,37.93
2024-08-23,West,Electronics,Consumer,4,1415.86,253.68
2024-08-23,West,Clothing,Consumer,6,366.98,150.13
2024-08-23,East,Clothing,Corporate,1,68.03,25.75
2024-08-23,South,Office Supplies,Corporate,3,132.9,35.13
2024-08-24,North,Food & Beverage,Consumer,6,152.18,25.8
2024-08-24,East,Clothing,Corporate,1,67.52,25.18
2024-08-24,East,Clothing,Consumer,4,269.75,87.13
2024-08-25,East,Clothing,Consumer,4,279.56,91.83
2024-08-25,North,Electronics,Home Office,7,2238.79,394.25
2024-08-25,South,Electronics,Home Office,2,678.95,131.31
2024-08-25,North,Food & Beverage,Corporate,5,133.95,19.12
2024-08-25,West,Electronics,Home Office,6,2075.22,269.19
2024-08-25,East,Clothing,Consumer,5,314.07,112.34
2024-08-25,North,Furniture,Home Office,3,1609.33,447.49
2024-08-25,South,Electronics,Corporate,5,1675.31,218.68
2024-08-26,West,Clothing,Consumer,6,383.76,100.36
2024-08-26,East,Furniture,Home Office,1,535.51,102.93
2024-08-26,East,Furniture,Corporate,1,504.07,123.9
2024-08-27,North,Furniture,Home Office,3,1568.9,344.64
2024-08-27,North,Electronics,Corporate,2,754.1,129.18
2024-08-27,North,Clothing,Corporate,3,176.21,63.05
2024-08-27,South,Furniture,Corporate,3,1372.61,375.31
2024-08-28,West,Electronics,Consumer,5,1862.4,373.67
2024-08-28,West,Electronics,Consumer,4,1399.58,229.25
2024-08-28,North,Furniture,Corporate,4,1695.67,429.6
2024-08-28,South,Office Supplies,Consumer,4,155.33,51.26
2024-08-28,West,Electronics,Corporate,3,1173.6,226.96
2024-08-28,East,Furniture,Home Office,2,1064.25,196.98
2024-08-29,East,Furniture,Home Office,4,2055.33,514.06
2024-08-29,North,Food & Beverage,Corporate,7,168.88,24.01
2024-08-29,West,Furniture,Home Office,6,3311.12,944.27
2024-08-29,East,Office Supplies,Home Office,7,278.53,79.44
2024-08-30,East,Electronics,Corporate,5,1786.83,399.57
2024-08-30,East,Food & Beverage,Corporate,1,23.34,3.98
2024-08-30,South,Office Supplies,Consumer,6,289.97,74.25
2024-08-31,West,Office Supplies,Consumer,6,281.74,86.52
2024-08-31,West,Furniture,Corporate,2,966.96,266.19
2024-08-31,North,Electronics,Corporate,1,362.28,59.73
2024-08-31,West,Electronics,Consumer,3,1094.2,180.88
2024-08-31,North,Electronics,Consumer,7,2666.09,520.34
2024-09-01,North,Furniture,Home Office,6,2830.91,695.85
2024-09-01,West,Furniture,Home Office,1,473.74,85.64
2024-09-01,South,Office Supplies,Corporate,5,210.35,46.62
2024-09-01,North,Office Supplies,Consumer,3,140.29,39.0
2024-09-02,East,Office Supplies,Consumer,6,291.02,70.79
2024-09-02,West,Furniture,Consumer,7,3854.64,613.84
2024-09-02,East,Food & Beverage,Corporate,3,92.53,13.87
2024-09-02,South,Furniture,Consumer,3,1287.07,354.99
2024-09-02,North,Office Supplies,Consumer,1,46.88,9.5
2024-09-03,West,Office Supplies,Consumer,5,198.1,68.25
2024-09-03,West,Clothing,Home Office,1,61.32,25.74
2024-09-03,South,Furniture,Corporate,1,501.58,134.05
2024-09-04,East,Electronics,Corporate,1,324.21,45.38
2024-09-04,West,Clothing,Consumer,1,71.77,20.92
2024-09-04,West,Food & Beverage,Home Office,2,59.75,10.74
2024-09-04,East,Electronics,Consumer,5,1949.54,393.97
2024-09-04,East,Office Supplies,Home Office,5,215.07,64.09
2024-09-04,West,Office Supplies,Consumer,2,101.2,30.77
2024-09-04,South,Office Supplies,Corporate,6,270.83,64.24
2024-09-05,East,Office Supplies,Consumer,4,200.88,49.28
2024-09-05,North,Office Supplies,Consumer,1,48.12,12.45
2024-09-05,North,Office Supplies,Consumer,4,153.01,49.15
2024-09-05,East,Electronics,Consumer,2,666.24,96.7
2024-09-05,South,Food & Beverage,Home Office,2,48.18,8.24
2024-09-05,South,Clothing,Consumer,6,386.51,131.68
2024-09-06,South,Office Supplies,Corporate,1,37.98,9.83
2024-09-06,North,Food & Beverage,Consumer,3,84.01,9.46
2024-09-06,North,Office Supplies,Consumer,1,48.98,16.86
2024-09-07,South,Office Supplies,Consumer,5,228.53,79.34
2024-09-07,West,Furniture,Home Office,2,936.73,266.64
2024-09-07,North,Office Supplies,Consumer,2,79.93,22.67
2024-09-07,South,Clothing,Consumer,4,231.03,66.69
2024-09-07,West,Furniture,Consumer,6,3013.39,778.95
2024-09-07,North,Clothing,Consumer,2,151.03,56.77
2024-09-08,South,Office Supplies,Home Office,4,153.83,53.14
2024-09-08,South,Food & Beverage,Corporate,4,116.36,19.46
2024-09-08,West,Office Supplies,Consumer,3,151.27,31.4
2024-09-08,North,Clothing,Corporate,7,526.99,179.11
2024-09-08,North,Food & Beverage,Home Office,1,25.45,3.4
2024-09-08,South,Electronics,Corporate,7,2303.79,479.08
2024-09-08,East,Food & Beverage,Consumer,4,105.47,19.23
2024-09-09,North,Furniture,Consumer,5,2876.71,673.58
2024-09-09,East,Clothing,Consumer,2,154.8,60.22
2024-09-09,North,Food & Beverage,Home Office,1,30.96,5.52
2024-09-09,West,Clothing,Home Office,5,384.77,155.56
2024-09-09,West,Food & Beverage,Consumer,2,63.05,8.61
2024-09-09,South,Food & Beverage,Consumer,1,25.39,4.83
2024-09-09,West,Electronics,Corporate,6,2051.72,354.07
2024-09-09,West,Clothing,Consumer,4,296.53,120.13
2024-09-09,East,Office Supplies,Consumer,3,121.09,39.14
2024-09-09,West,Electronics,Consumer,7,2473.15,359.28
2024-09-09,South,Office Supplies,Home Office,4,171.13,62.03
2024-09-09,East,Food & Beverage,Corporate,7,168.5,18.91
2024-09-10,West,Electronics,Consumer,1,411.94,74.05
2024-09-10,South,Clothing,Corporate,3,185.82,61.0
2024-09-10,West,Electronics,Consumer,4,1309.11,167.85
2024-09-10,North,Food & Beverage,Consumer,6,162.09,17.32
2024-09-11,South,Furniture,Consumer,7,3627.28,857.98
2024-09-11,West,Office Supplies,Consumer,5,196.32,67.67
2024-09-11,South,Food & Beverage,Consumer,1,28.18,3.78
2024-09-11,North,Clothing,Home Office,7,451.29,186.93
2024-09-11,South,Electronics,Corporate,5,1677.12,361.76
2024-09-11,West,Electronics,Consumer,1,312.02,51.26
2024-09-11,East,Electronics,Corporate,1,362.73,66.74
2024-09-11,East,Furniture,Corporate,7,3905.87,700.73
2024-09-11,North,Electronics,Home Office,5,1710.77,332.91
2024-09-11,East,Clothing,Corporate,6,410.44,125.87
2024-09-11,West,Food & Beverage,Corporate,5,125.24,20.59
2024-09-12,South,Furniture,Home Office,6,2822.36,720.77
2024-09-12,North,Office Supplies,Corporate,3,156.56,48.14
2024-09-12,South,Food & Beverage,Consumer,4,113.72,19.09
2024-09-12,West,Clothing,Consumer,1,66.85,25.54
2024-09-13,South,Electronics,Home Office,7,2792.39,401.1
2024-09-13,East,Furniture,Home Office,5,2306.21,645.84
2024-09-13,South,Furniture,Home Office,1,529.38,138.56
2024-09-13,West,Electronics,Home Office,1,388.62,76.05
2024-09-13,North,Office Supplies,Corporate,4,157.55,32.0
2024-09-14,South,Food & Beverage,Consumer,4,128.83,16.92
2024-09-14,North,Food & Beverage,Consumer,5,143.65,23.58
2024-09-14,East,Office Supplies,Consumer,6,313.29,104.46
2024-09-14,North,Electronics,Consumer,7,2708.76,533.57
2024-09-14,South,Furniture,Home Office,4,1825.92,343.21
2024-09-14,North,Clothing,Corporate,5,338.08,141.48
2024-09-14,East,Clothing,Corporate,4,275.27,108.3
2024-09-14,North,Furniture,Corporate,4,2240.69,491.05
2024-09-15,South,Electronics,Consumer,1,352.2,50.23
2024-09-15,South,Electronics,Corporate,2,689.36,145.48
2024-09-15,South,Food & Beverage,Corporate,3,80.29,9.7
2024-09-15,West,Office Supplies,Consumer,5,197.34,50.84
2024-09-15,North,Food & Beverage,Corporate,3,91.82,17.53
2024-09-15,South,Food & Beverage,Home Office,3,88.82,13.75
2024-09-16,North,Electronics,Corporate,6,2235.69,433.82
2024-09-16,North,Furniture,Corporate,7,3449.26,746.97
2024-09-16,East,Clothing,Home Office,4,261.98,91.03
2024-09-17,South,Food & Beverage,Consumer,6,156.71,21.78
2024-09-17,North,Furniture,Consumer,1,541.6,122.19
2024-09-17,East,Food & Beverage,Consumer,6,196.37,29.15
2024-09-17,South,Clothing,Home Office,6,428.56,149.25
2024-09-17,North,Clothing,Home Office,1,73.48,33.36
2024-09-17,South,Food & Beverage,Consumer,4,100.49,11.46
2024-09-18,South,Food & Beverage,Home Office,1,27.21,4.59
2024-09-18,South,Furniture,Consumer,1,567.23,158.64
2024-09-18,East,Furniture,Corporate,6,3598.78,582.16
2024-09-18,North,Office Supplies,Home Office,3,142.91,33.04
2024-09-18,West,Office Supplies,Consumer,1,49.17,13.15
2024-09-19,East,Office Supplies,Corporate,5,222.16,50.0
2024-09-19,South,Food & Beverage,Consumer,4,108.13,18.3
2024-09-20,South,Clothing,Corporate,1,61.74,24.96
2024-09-20,North,Office Supplies,Consumer,1,50.8,14.47
2024-09-20,North,Electronics,Home Office,4,1552.02,260.86
2024-09-20,West,Office Supplies,Consumer,3,119.97,37.98
2024-09-20,North,Furniture,Home Office,7,3496.73,940.64
2024-09-21,North,Food & Beverage,Home Office,6,200.02,34.47
2024-09-21,North,Clothing,Corporate,6,486.8,171.56
2024-09-21,West,Food & Beverage,Consumer,7,197.91,38.16
2024-09-21,North,Office Supplies,Home Office,3,159.56,56.9
2024-09-21,North,Office Supplies,Corporate,6,257.13,89.86
2024-09-21,East,Food & Beverage,Consumer,5,153.39,24.42
2024-09-21,South,Clothing,Consumer,4,311.01,96.07
2024-09-21,North,Office Supplies,Consumer,5,203.79,61.6
2024-09-21,West,Office Supplies,Consumer,6,308.82,68.92
2024-09-22,North,Food & Beverage,Corporate,7,201.52,29.56
2024-09-22,North,Office Supplies,Consumer,6,251.34,79.19
2024-09-22,North,Clothing,Consumer,5,388.85,100.21
2024-09-22,East,Clothing,Home Office,6,416.54,104.22
2024-09-22,East,Furniture,Consumer,4,2138.46,534.94
2024-09-24,North,Food & Beverage,Consumer,7,229.17,40.56
2024-09-24,West,Food & Beverage,Consumer,4,117.09,13.17
2024-09-24,North,Electronics,Home Office,5,1644.92,285.94
2024-09-24,South,Clothing,Home Office,6,425.13,140.14
2024-09-24,East,Office Supplies,Home Office,4,210.03,52.4
2024-09-24,West,Furniture,Home Office,1,610.93,162.92
2024-09-25,North,Clothing,Consumer,3,242.77,93.04
2024-09-25,East,Food & Beverage,Consumer,7,214.49,29.78
2024-09-25,North,Electronics,Consumer,1,343.97,54.95
2024-09-25,North,Office Supplies,Consumer,5,219.42,44.36
2024-09-25,West,Clothing,Corporate,4,305.66,76.65
2024-09-25,West,Food & Beverage,Consumer,4,111.99,19.83
2024-09-25,North,Furniture,Corporate,7,3890.7,916.71
2024-09-25,South,Electronics,Corporate,6,2320.47,447.08
2024-09-25,North,Furniture,Consumer,5,2301.4,510.45
2024-09-25,North,Food & Beverage,Consumer,5,140.17,23.88
2024-09-25,West,Food & Beverage,Consumer,6,173.43,23.84
2024-09-26,East,Electronics,Consumer,4,1531.14,289.6
2024-09-26,East,Office Supplies,Consumer,3,126.05,43.92
2024-09-26,North,Office Supplies,Corporate,5,206.45,50.57
2024-09-26,West,Food & Beverage,Consumer,7,217.93,31.02
2024-09-27,West,Furniture,Corporate,1,548.73,89.78
2024-09-27,West,Office Supplies,Consumer,1,50.41,11.85
2024-09-27,North,Furniture,Home Office,2,991.93,226.44
2024-09-27,North,Clothing,Corporate,3,226.69,80.61
2024-09-27,East,Clothing,Consumer,1,76.33,20.54
2024-09-27,North,Clothing,Home Office,5,366.44,166.08
2024-09-27,West,Office Supplies,Corporate,7,382.35,132.34
2024-09-27,East,Clothing,Corporate,1,65.05,28.82
2024-09-27,South,Food & Beverage,Consumer,3,97.43,14.54
2024-09-28,North,Office Supplies,Home Office,7,385.35,119.17
2024-09-28,South,Furniture,Corporate,1,542.3,88.94
2024-09-28,East,Office Supplies,Home Office,4,218.48,48.77
2024-09-28,South,Food & Beverage,Consumer,2,68.26,12.63
2024-09-28,North,Office Supplies,Home Office,7,361.17,94.97
2024-09-28,South,Food & Beverage,Consumer,4,131.94,21.57
2024-09-29,South,Office Supplies,Home Office,5,221.62,51.88
2024-09-29,East,Electronics,Corporate,1,432.24,79.25
2024-09-29,North,Food & Beverage,Consumer,3,98.94,10.53
2024-09-30,West,Office Supplies,Home Office,5,251.98,74.09
2024-09-30,East,Furniture,Home Office,1,518.78,113.35
2024-09-30,East,Electronics,Corporate,5,2045.53,371.23
2024-09-30,East,Electronics,Corporate,1,443.14,74.46
2024-09-30,East,Clothing,Corporate,6,496.67,194.56
2024-10-01,West,Electronics,Consumer,3,1190.21,211.14
2024-10-01,West,Food & Beverage,Consumer,1,29.54,4.38
2024-10-02,West,Food & Beverage,Consumer,6,208.48,26.3
2024-10-02,South,Electronics,Corporate,3,1149.89,221.43
2024-10-02,South,Food & Beverage,Consumer,2,63.58,12.25
2024-10-02,West,Food & Beverage,Corporate,1,32.46,5.53
2024-10-02,South,Clothing,Consumer,7,526.38,186.02
2024-10-02,West,Office Supplies,Home Office,1,52.44,15.54
2024-10-03,South,Clothing,Corporate,6,460.82,115.09
2024-10-03,West,Clothing,Consumer,2,140.35,48.11
2024-10-03,North,Clothing,Corporate,7,474.67,136.51
2024-10-03,East,Clothing,Consumer,4,271.92,104.47
2024-10-03,East,Electronics,Consumer,1,362.43,64.15
2024-10-04,East,Furniture,Home Office,5,3022.75,644.55
2024-10-04,South,Furniture,Home Office,2,999.13,225.43
2024-10-04,East,Food & Beverage,Consumer,3,93.97,15.33
2024-10-04,North,Clothing,Consumer,6,416.63,145.16
2024-10-04,West,Electronics,Consumer,5,1868.86,287.95
2024-10-04,West,Office Supplies,Corporate,5,211.92,76.18
2024-10-05,South,Food & Beverage,Consumer,1,29.96,4.58
2024-10-05,South,Clothing,Home Office,1,64.83,18.03
2024-10-05,West,Office Supplies,Corporate,6,318.77,94.9
2024-10-05,West,Furniture,Corporate,6,3747.91,850.15
2024-10-06,West,Clothing,Corporate,5,388.95,142.54
2024-10-06,South,Furniture,Corporate,4,2453.92,415.32
2024-10-06,North,Clothing,Consumer,7,541.88,205.38
2024-10-07,West,Electronics,Home Office,7,2943.49,676.31
2024-10-07,East,Furniture,Corporate,1,524.78,104.77
2024-10-07,West,Furniture,Home Office,3,1698.22,422.21
2024-10-07,East,Office Supplies,Corporate,4,181.34,37.29
2024-10-07,South,Clothing,Home Office,2,147.86,42.45
2024-10-08,East,Food & Beverage,Home Office,5,148.62,21.66
2024-10-08,West,Electronics,Home Office,5,1866.78,348.01
2024-10-08,South,Clothing,Consumer,1,73.45,22.36
2024-10-08,West,Food & Beverage,Home Office,4,132.69,24.92
2024-10-08,West,Food & Beverage,Corporate,3,95.03,18.06
2024-10-08,North,Furniture,Consumer,7,4320.67,741.49
2024-10-09,West,Furniture,Consumer,4,2110.46,453.09
2024-10-09,East,Clothing,Consumer,2,171.21,72.37
2024-10-09,East,Furniture,Consumer,7,4285.7,819.58
2024-10-10,West,Electronics,Corporate,5,2302.17,379.34
2024-10-10,South,Office Supplies,Corporate,4,180.32,62.57
2024-10-10,West,Office Supplies,Consumer,7,333.32,112.82
2024-10-10,West,Clothing,Corporate,1,70.82,19.09
2024-10-11,South,Food & Beverage,Corporate,1,33.95,4.88
2024-10-11,North,Electronics,Corporate,4,1575.86,276.54
2024-10-11,East,Food & Beverage,Corporate,6,198.54,27.52
2024-10-11,West,Clothing,Consumer,5,336.4,117.11
2024-10-12,West,Electronics,Home Office,7,3257.91,497.72
2024-10-12,West,Electronics,Corporate,6,2833.0,414.5
2024-10-12,West,Electronics,Home Office,3,1086.18,155.22
2024-10-12,East,Furniture,Corporate,6,3314.43,934.2
2024-10-13,West,Office Supplies,Consumer,3,145.09,28.77
2024-10-13,South,Furniture,Corporate,4,2392.64,598.65
2024-10-14,East,Furniture,Corporate,2,1052.02,289.02
2024-10-14,North,Food & Beverage,Consumer,7,201.34,26.34
2024-10-14,North,Electronics,Home Office,7,2821.69,407.14
2024-10-14,West,Clothing,Consumer,2,154.86,63.36
2024-10-15,North,Food & Beverage,Corporate,3,100.42,18.64
2024-10-15,East,Electronics,Corporate,3,1133.69,202.15
2024-10-15,South,Electronics,Corporate,7,2531.39,434.79
2024-10-15,West,Office Supplies,Consumer,6,312.0,80.27
2024-10-15,South,Furniture,Consumer,6,3618.31,625.97
2024-10-15,North,Furniture,Corporate,5,2782.18,566.12
2024-10-15,East,Furniture,Consumer,6,3918.5,1071.54
2024-10-16,East,Office Supplies,Consumer,5,281.64,80.26
2024-10-16,South,Office Supplies,Consumer,7,371.35,102.1
2024-10-16,East,Furniture,Corporate,4,2076.96,491.75
2024-10-16,East,Food & Beverage,Corporate,5,160.01,19.68
2024-10-16,East,Clothing,Home Office,3,211.18,62.73
2024-10-16,East,Clothing,Consumer,7,496.64,155.22
2024-10-17,East,Clothing,Corporate,1,80.69,26.31
2024-10-17,East,Electronics,Consumer,3,1459.23,307.8
2024-10-17,West,Office Supplies,Consumer,4,242.99,57.59
2024-10-17,West,Furniture,Corporate,3,1580.0,421.45
2024-10-17,East,Furniture,Corporate,6,3552.34,828.45
2024-10-17,East,Clothing,Consumer,5,369.86,120.15
2024-10-17,East,Furniture,Corporate,3,1821.03,484.32
2024-10-17,North,Food & Beverage,Consumer,4,148.27,28.9
2024-10-18,West,Clothing,Home Office,4,323.62,137.75
2024-10-18,North,Food & Beverage,Home Office,7,238.3,29.71
2024-10-18,North,Office Supplies,Consumer,3,172.41,44.35
2024-10-18,North,Clothing,Consumer,1,88.78,21.96
2024-10-18,East,Electronics,Home Office,1,455.03,89.39
2024-10-18,South,Clothing,Corporate,5,417.07,119.46
2024-10-18,South,Clothing,Corporate,4,335.24,118.38
2024-10-18,East,Clothing,Corporate,5,413.33,131.67
2024-10-18,West,Office Supplies,Consumer,4,227.46,78.97
2024-10-18,East,Office Supplies,Corporate,6,299.19,73.63
2024-10-18,North,Furniture,Corporate,3,1975.11,531.06
2024-10-19,South,Electronics,Consumer,3,1463.28,239.53
2024-10-19,West,Clothing,Consumer,3,205.99,66.97
2024-10-19,West,Clothing,Corporate,1,81.1,26.21
2024-10-19,North,Office Supplies,Consumer,5,255.34,72.35
2024-10-19,North,Clothing,Corporate,3,241.45,66.48
2024-10-19,South,Clothing,Consumer,7,533.39,152.05
2024-10-20,North,Food & Beverage,Consumer,2,76.55,8.31
2024-10-20,East,Food & Beverage,Corporate,1,28.61,3.04
2024-10-20,East,Furniture,Consumer,2,1252.64,261.53
2024-10-20,South,Electronics,Consumer,4,1627.43,225.73
2024-10-20,South,Electronics,Consumer,3,1211.09,165.0
2024-10-21,North,Office Supplies,Corporate,2,109.24,23.33
2024-10-21,West,Office Supplies,Home Office,6,316.73,85.13
2024-10-21,South,Food & Beverage,Consumer,4,154.94,27.05
2024-10-22,South,Office Supplies,Home Office,6,334.5,98.06
2024-10-22,South,Clothing,Consumer,7,563.3,191.97
2024-10-22,South,Office Supplies,Corporate,1,55.86,15.82
2024-10-22,East,Office Supplies,Corporate,2,101.93,30.86
2024-10-22,North,Food & Beverage,Corporate,3,99.76,15.29
2024-10-22,East,Food & Beverage,Consumer,5,159.23,21.19
2024-10-23,East,Furniture,Corporate,5,3495.61,944.92
2024-10-23,South,Clothing,Consumer,4,366.13,142.21
2024-10-23,West,Electronics,Consumer,6,2719.92,385.94
2024-10-23,East,Clothing,Corporate,2,159.24,63.28
2024-10-24,South,Food & Beverage,Consumer,4,154.34,29.03
2024-10-24,South,Food & Beverage,Corporate,4,119.1,19.94
2024-10-24,West,Clothing,Consumer,2,184.02,82.57
2024-10-24,South,Furniture,Consumer,3,1803.88,280.46
2024-10-24,North,Clothing,Consumer,3,264.01,69.34
2024-10-24,South,Furniture,Consumer,1,553.63,94.59
2024-10-25,West,Office Supplies,Home Office,7,333.02,74.25
2024-10-25,South,Clothing,Home Office,7,644.57,281.31
2024-10-25,East,Food & Beverage,Consumer,2,66.85,8.78
2024-10-25,North,Food & Beverage,Corporate,6,186.1,24.66
2024-10-25,North,Food & Beverage,Consumer,2,68.8,9.06
2024-10-25,North,Furniture,Consumer,5,3237.96,507.01
2024-10-25,North,Office Supplies,Home Office,6,364.58,81.95
2024-10-25,South,Food & Beverage,Consumer,6,194.06,30.63
2024-10-25,North,Clothing,Consumer,3,282.1,103.64
2024-10-25,West,Clothing,Consumer,5,401.84,113.45
2024-10-25,East,Food & Beverage,Home Office,2,78.81,15.15
2024-10-26,West,Furniture,Consumer,5,3480.34,962.28
2024-10-26,South,Clothing,Corporate,1,88.57,34.6
2024-10-26,East,Office Supplies,Corporate,5,276.03,83.08
2024-10-26,North,Food & Beverage,Corporate,7,268.31,48.4
2024-10-26,West,Clothing,Consumer,2,143.21,46.33
2024-10-26,North,Office Supplies,Consumer,3,190.4,55.09
2024-10-27,West,Office Supplies,Corporate,6,315.85,96.09
2024-10-27,West,Furniture,Corporate,6,3444.65,649.84
2024-10-27,East,Electronics,Consumer,4,1872.24,314.56
2024-10-27,East,Furniture,Consumer,3,2045.01,390.54
2024-10-27,South,Office Supplies,Home Office,6,312.98,69.79
2024-10-27,North,Furniture,Corporate,1,688.77,179.33
2024-10-28,South,Furniture,Consumer,6,3669.39,755.1
2024-10-29,North,Clothing,Consumer,2,170.84,42.08
2024-10-29,South,Electronics,Corporate,6,2391.23,357.86
2024-10-29,East,Food & Beverage,Consumer,1,33.14,6.17
2024-10-29,South,Clothing,Home Office,6,577.66,220.07
2024-10-29,North,Office Supplies,Consumer,5,243.22,66.97
2024-10-30,West,Office Supplies,Home Office,7,380.52,110.05
2024-10-30,North,Food & Beverage,Consumer,7,267.6,39.04
2024-10-30,South,Electronics,Corporate,6,2724.16,358.97
2024-10-30,West,Furniture,Consumer,1,641.74,107.66
2024-10-30,West,Furniture,Corporate,4,2441.45,636.15
2024-10-30,North,Food & Beverage,Consumer,2,72.09,9.87
2024-10-31,East,Electronics,Consumer,3,1397.37,216.17
2024-10-31,North,Electronics,Corporate,4,1617.33,329.6
2024-10-31,South,Clothing,Home Office,3,259.32,96.04
2024-10-31,East,Food & Beverage,Home Office,7,267.29,28.75
2024-10-31,West,Clothing,Consumer,2,176.47,53.4
2024-10-31,East,Office Supplies,Consumer,4,237.1,55.65
2024-10-31,East,Food & Beverage,Corporate,7,283.4,50.85
2024-10-31,East,Furniture,Corporate,1,725.28,113.97
2024-11-01,West,Clothing,Consumer,4,334.7,138.71
2024-11-01,West,Furniture,Consumer,7,4960.01,879.51
2024-11-01,South,Electronics,Corporate,3,1256.34,209.97
2024-11-01,South,Clothing,Consumer,7,685.2,273.43
2024-11-01,South,Clothing,Home Office,4,367.12,162.87
2024-11-01,South,Furniture,Consumer,6,4087.97,980.82
2024-11-01,West,Furniture,Consumer,5,3372.75,690.81
2024-11-01,East,Electronics,Consumer,3,1255.12,258.4
2024-11-01,North,Office Supplies,Home Office,7,445.7,152.16
2024-11-02,East,Electronics,Home Office,1,477.79,60.69
2024-11-02,East,Furniture,Home Office,3,1853.81,347.25
2024-11-02,West,Food & Beverage,Corporate,4,147.47,20.26
2024-11-02,East,Electronics,Corporate,5,2156.14,346.92
2024-11-02,West,Electronics,Consumer,1,498.9,80.28
2024-11-02,West,Clothing,Home Office,5,409.74,140.16
2024-11-02,West,Food & Beverage,Consumer,6,206.08,29.93
2024-11-02,South,Electronics,Home Office,4,1821.53,393.33
2024-11-03,South,Office Supplies,Corporate,6,318.19,73.56
2024-11-03,South,Clothing,Home Office,2,191.81,72.92
2024-11-03,East,Furniture,Consumer,2,1170.03,263.47
2024-11-03,South,Clothing,Consumer,6,516.75,136.54
2024-11-04,South,Furniture,Consumer,2,1464.02,252.08
2024-11-04,East,Electronics,Home Office,7,3183.12,601.6
2024-11-04,South,Clothing,Consumer,2,168.57,44.37
2024-11-04,East,Clothing,Corporate,6,446.49,170.02
2024-11-04,West,Electronics,Corporate,3,1413.54,246.87
2024-11-04,East,Furniture,Consumer,3,2086.31,387.01
2024-11-04,West,Furniture,Consumer,4,2965.39,830.92
2024-11-05,South,Office Supplies,Consumer,4,238.05,84.28
2024-11-05,West,Office Supplies,Corporate,3,157.75,31.26
2024-11-05,North,Electronics,Consumer,6,2620.48,459.5
2024-11-05,South,Electronics,Corporate,6,3006.2,491.71
2024-11-05,North,Office Supplies,Home Office,7,426.18,97.23
2024-11-06,East,Electronics,Consumer,2,860.68,131.15
2024-11-06,East,Office Supplies,Home Office,5,272.75,92.28
2024-11-06,South,Furniture,Home Office,7,5165.64,1015.38
2024-11-06,East,Office Supplies,Corporate,5,273.77,64.67
2024-11-06,South,Furniture,Consumer,4,2877.69,622.45
2024-11-06,East,Clothing,Consumer,5,433.64,139.11
2024-11-07,South,Clothing,Corporate,4,381.44,120.02
2024-11-07,East,Food & Beverage,Consumer,4,167.01,23.71
2024-11-07,North,Electronics,Consumer,2,962.39,224.83
2024-11-07,North,Clothing,Consumer,5,374.77,142.08
2024-11-07,West,Food & Beverage,Consumer,3,98.58,18.39
2024-11-07,North,Food & Beverage,Home Office,1,37.07,7.0
2024-11-07,West,Electronics,Corporate,2,946.31,129.67
2024-11-08,East,Food & Beverage,Consumer,1,31.78,3.92
2024-11-08,North,Food & Beverage,Corporate,7,232.7,37.69
2024-11-08,South,Office Supplies,Home Office,3,177.06,50.14
2024-11-08,South,Office Supplies,Consumer,4,218.98,77.07
2024-11-09,South,Office Supplies,Consumer,3,173.81,40.97
2024-11-09,North,Office Supplies,Home Office,5,323.5,117.1
2024-11-09,North,Clothing,Corporate,2,181.55,78.65
2024-11-09,West,Clothing,Corporate,1,88.08,32.96
2024-11-09,West,Electronics,Consumer,7,3553.01,744.4
2024-11-09,North,Furniture,Corporate,1,584.48,135.07
2024-11-09,North,Office Supplies,Consumer,2,116.99,38.91
2024-11-09,South,Electronics,Consumer,5,2333.42,532.39
2024-11-10,South,Clothing,Home Office,4,352.47,107.72
2024-11-10,East,Food & Beverage,Consumer,1,33.08,4.47
2024-11-10,North,Office Supplies,Consumer,2,117.28,31.79
2024-11-10,North,Clothing,Consumer,5,378.15,127.3
2024-11-10,South,Clothing,Corporate,4,321.07,98.84
2024-11-10,South,Office Supplies,Consumer,3,194.67,51.93
2024-11-10,South,Electronics,Consumer,7,3755.17,618.6
2024-11-10,West,Furniture,Consumer,2,1437.82,332.2
2024-11-10,East,Office Supplies,Consumer,4,265.56,61.59
2024-11-10,North,Electronics,Home Office,5,2666.75,390.04
2024-11-10,North,Furniture,Consumer,6,3605.27,628.63
2024-11-10,North,Office Supplies,Home Office,7,470.48,105.32
2024-11-10,South,Office Supplies,Home Office,3,187.32,51.63
2024-11-11,North,Electronics,Consumer,7,3662.13,839.22
2024-11-11,West,Office Supplies,Consumer,4,270.29,65.25
2024-11-11,North,Furniture,Corporate,2,1531.22,431.7
2024-11-11,West,Furniture,Home Office,3,2298.27,647.51
2024-11-11,North,Furniture,Consumer,4,2588.47,524.8
2024-11-11,West,Furniture,Consumer,6,3557.03,863.32
2024-11-11,West,Electronics,Consumer,7,2920.41,397.86
2024-11-11,West,Electronics,Consumer,1,526.42,87.62
2024-11-12,South,Clothing,Corporate,6,482.7,150.67
2024-11-12,East,Furniture,Corporate,6,4020.06,675.83
2024-11-12,West,Electronics,Consumer,2,864.74,140.09
2024-11-12,East,Office Supplies,Corporate,1,68.57,21.3
2024-11-12,East,Food & Beverage,Consumer,5,162.7,25.29
2024-11-13,South,Electronics,Consumer,1,486.65,110.02
2024-11-13,North,Electronics,Consumer,7,3224.73,485.85
2024-11-13,West,Electronics,Home Office,1,475.99,89.28
2024-11-13,North,Office Supplies,Consumer,1,60.82,14.54
2024-11-13,West,Electronics,Consumer,2,911.23,138.04
2024-11-14,South,Electronics,Corporate,6,2501.68,564.86
2024-11-14,East,Electronics,Corporate,5,2700.84,498.9
2024-11-14,East,Food & Beverage,Consumer,4,157.13,24.24
2024-11-14,South,Office Supplies,Home Office,7,462.17,112.23
2024-11-14,North,Office Supplies,Consumer,3,196.09,70.29
2024-11-15,South,Furniture,Home Office,6,4321.84,872.04
2024-11-15,North,Office Supplies,Corporate,2,130.11,30.76
2024-11-15,East,Electronics,Consumer,4,1976.45,456.49
2024-11-16,North,Office Supplies,Consumer,5,278.35,86.09
2024-11-16,West,Clothing,Home Office,2,206.63,51.2
2024-11-16,West,Furniture,Consumer,5,3285.28,657.23
2024-11-16,East,Office Supplies,Home Office,6,418.39,104.27
2024-11-16,South,Furniture,Corporate,7,4600.97,809.36
2024-11-16,North,Electronics,Home Office,4,1870.99,289.25
2024-11-16,East,Electronics,Consumer,5,2495.24,325.58
2024-11-16,South,Food & Beverage,Corporate,1,39.67,7.24
2024-11-17,North,Electronics,Consumer,3,1370.45,313.4
2024-11-17,North,Food & Beverage,Consumer,6,200.28,25.72
2024-11-17,South,Food & Beverage,Corporate,1,34.66,5.43
2024-11-17,South,Clothing,Corporate,3,269.75,99.63
2024-11-17,North,Food & Beverage,Corporate,3,108.45,13.04
2024-11-17,East,Food & Beverage,Home Office,6,243.37,27.58
2024-11-17,North,Food & Beverage,Corporate,4,147.63,15.97
2024-11-18,North,Office Supplies,Corporate,4,264.33,60.28
2024-11-18,North,Office Supplies,Consumer,4,274.67,74.71
2024-11-18,North,Electronics,Consumer,7,3497.1,477.3
2024-11-18,East,Electronics,Consumer,6,2947.73,447.21
2024-11-18,North,Clothing,Home Office,7,599.62,272.49
2024-11-18,South,Food & Beverage,Consumer,2,80.36,9.57
2024-11-18,North,Electronics,Corporate,4,1690.6,305.57
2024-11-18,North,Clothing,Corporate,5,492.92,135.11
2024-11-19,East,Office Supplies,Consumer,1,60.13,13.41
2024-11-19,South,Office Supplies,Corporate,2,129.08,25.74
2024-11-19,North,Clothing,Corporate,4,356.63,97.75
2024-11-19,North,Office Supplies,Home Office,1,70.45,22.82
2024-11-19,North,Food & Beverage,Consumer,4,149.03,26.81
2024-11-19,South,Office Supplies,Consumer,3,192.09,45.08
2024-11-20,South,Furniture,Consumer,6,4722.44,1332.99
2024-11-20,East,Office Supplies,Consumer,6,364.58,132.33
2024-11-20,South,Food & Beverage,Home Office,5,172.51,32.42
2024-11-20,North,Electronics,Home Office,4,2271.25,320.74
2024-11-20,East,Furniture,Consumer,1,755.12,193.74
2024-11-21,South,Office Supplies,Corporate,3,210.1,43.9
2024-11-21,East,Electronics,Home Office,1,522.27,122.07
2024-11-21,East,Clothing,Home Office,2,195.19,79.08
2024-11-21,North,Furniture,Home Office,2,1441.43,224.33
2024-11-21,North,Furniture,Consumer,3,2114.91,588.87
2024-11-21,East,Office Supplies,Corporate,7,479.41,130.98
2024-11-21,East,Furniture,Home Office,5,3023.45,616.08
2024-11-21,South,Furniture,Home Office,1,795.46,212.6
2024-11-21,South,Furniture,Corporate,2,1522.76,402.03
2024-11-21,East,Electronics,Home Office,5,2150.25,424.82
2024-11-21,East,Clothing,Corporate,1,96.86,26.1
2024-11-22,South,Electronics,Home Office,5,2666.72,376.11
2024-11-22,West,Office Supplies,Corporate,5,276.53,97.57
2024-11-22,East,Electronics,Home Office,3,1514.25,208.77
2024-11-22,South,Clothing,Home Office,1,86.91,33.75
2024-11-23,West,Office Supplies,Consumer,7,397.75,141.45
2024-11-23,East,Electronics,Corporate,4,2058.49,373.44
2024-11-23,East,Electronics,Corporate,2,1087.24,202.01
2024-11-23,West,Furniture,Consumer,6,4127.42,763.97
2024-11-24,South,Electronics,Corporate,3,1326.57,192.31
2024-11-24,West,Food & Beverage,Consumer,3,124.99,24.35
2024-11-24,South,Clothing,Consumer,3,282.53,121.0
2024-11-24,West,Clothing,Home Office,7,677.98,213.67
2024-11-24,North,Office Supplies,Consumer,5,276.46,92.35
2024-11-24,North,Office Supplies,Consumer,6,396.06,137.12
2024-11-25,East,Electronics,Consumer,2,1054.56,188.88
2024-11-25,West,Electronics,Corporate,7,3107.89,647.47
2024-11-25,East,Furniture,Corporate,1,621.07,154.01
2024-11-25,West,Electronics,Corporate,7,3955.75,652.26
2024-11-25,South,Clothing,Home Office,4,401.06,121.81
2024-11-25,West,Office Supplies,Consumer,3,175.27,59.39
2024-11-25,East,Clothing,Corporate,5,444.46,160.03
2024-11-26,South,Food & Beverage,Corporate,1,35.51,5.82
2024-11-26,West,Office Supplies,Corporate,7,380.15,102.23
2024-11-26,South,Office Supplies,Corporate,7,419.84,125.31
2024-11-26,West,Furniture,Consumer,4,3141.49,544.28
2024-11-26,East,Office Supplies,Corporate,3,194.88,53.14
2024-11-26,South,Office Supplies,Consumer,2,133.45,38.22
2024-11-27,East,Furniture,Corporate,5,3633.81,845.23
2024-11-27,West,Furniture,Corporate,4,2528.98,674.28
2024-11-27,West,Electronics,Home Office,6,3240.24,661.13
2024-11-28,West,Furniture,Consumer,2,1598.67,257.82
2024-11-28,East,Furniture,Consumer,3,1955.68,526.98
2024-11-28,East,Electronics,Home Office,7,3406.29,555.06
2024-11-28,East,Clothing,Consumer,2,194.14,73.05
2024-11-28,West,Food & Beverage,Corporate,1,36.86,4.9
2024-11-29,West,Electronics,Home Office,6,3074.81,604.91
2024-11-29,North,Food & Beverage,Consumer,4,141.91,24.36
2024-11-29,West,Clothing,Consumer,6,650.04,255.78
2024-11-30,North,Electronics,Consumer,7,3905.22,852.14
2024-11-30,South,Office Supplies,Home Office,4,273.45,87.07
2024-11-30,West,Furniture,Corporate,2,1655.31,362.09
2024-11-30,East,Office Supplies,Corporate,1,64.99,18.63
2024-11-30,North,Electronics,Consumer,5,2338.75,545.12
2024-12-01,North,Food & Beverage,Home Office,5,202.21,24.57
2024-12-01,West,Office Supplies,Consumer,4,247.42,62.72
2024-12-01,West,Electronics,Consumer,6,3144.36,490.17
2024-12-01,North,Office Supplies,Corporate,5,290.67,94.33
2024-12-01,North,Electronics,Home Office,2,1153.69,231.59
2024-12-01,South,Furniture,Consumer,2,1295.04,334.79
2024-12-01,North,Electronics,Corporate,5,2704.29,422.08
2024-12-01,West,Office Supplies,Home Office,7,468.13,111.44
2024-12-01,North,Food & Beverage,Home Office,2,90.49,15.94
2024-12-01,North,Electronics,Home Office,6,2797.36,572.97
2024-12-02,West,Office Supplies,Home Office,6,360.59,122.35
2024-12-02,South,Food & Beverage,Consumer,2,73.04,8.45
2024-12-02,North,Furniture,Home Office,5,3967.09,962.3
2024-12-02,North,Office Supplies,Consumer,6,349.5,98.77
2024-12-02,North,Furniture,Consumer,1,632.52,132.78
2024-12-03,South,Furniture,Consumer,6,4975.85,1089.06
2024-12-03,South,Furniture,Consumer,7,4707.36,740.76
2024-12-03,East,Office Supplies,Corporate,4,294.05,84.78
2024-12-04,East,Clothing,Consumer,5,443.57,130.72
2024-12-04,West,Electronics,Consumer,5,2400.11,420.28
2024-12-05,East,Furniture,Home Office,5,3931.45,690.21
2024-12-05,North,Electronics,Consumer,4,1787.73,371.53
2024-12-06,North,Office Supplies,Corporate,3,218.52,52.0
2024-12-06,East,Office Supplies,Consumer,7,410.31,144.89
2024-12-06,South,Office Supplies,Consumer,2,124.31,34.05
2024-12-06,South,Clothing,Consumer,2,199.33,86.4
2024-12-07,East,Food & Beverage,Home Office,4,164.69,20.69
2024-12-07,East,Furniture,Corporate,3,2300.3,455.04
2024-12-07,East,Furniture,Consumer,5,4102.63,985.37
2024-12-07,South,Furniture,Corporate,7,5438.06,1162.19
2024-12-07,North,Clothing,Consumer,4,429.97,180.2
2024-12-08,East,Food & Beverage,Consumer,7,313.39,40.63
2024-12-08,West,Food & Beverage,Corporate,3,132.3,14.5
2024-12-08,North,Clothing,Consumer,3,326.18,144.72
2024-12-08,South,Food & Beverage,Consumer,6,244.84,28.91
2024-12-08,East,Electronics,Home Office,1,544.78,117.86
2024-12-08,North,Furniture,Consumer,3,2114.59,449.73
2024-12-08,North,Food & Beverage,Consumer,7,250.26,47.32
2024-12-08,North,Electronics,Corporate,4,2151.95,386.71
2024-12-08,South,Food & Beverage,Consumer,5,225.06,36.45
2024-12-08,East,Electronics,Corporate,3,1482.26,291.86
2024-12-08,East,Furniture,Home Office,4,3279.92,599.05
2024-12-08,North,Office Supplies,Consumer,4,251.25,52.33
2024-12-09,North,Food & Beverage,Consumer,7,325.4,52.96
2024-12-09,South,Office Supplies,Consumer,6,364.03,120.0
2024-12-09,East,Office Supplies,Corporate,6,341.01,81.37
2024-12-09,West,Clothing,Consumer,5,540.98,225.95
2024-12-09,South,Furniture,Consumer,6,4792.99,1257.14
2024-12-09,North,Clothing,Corporate,3,307.51,112.68
2024-12-09,East,Food & Beverage,Consumer,6,252.64,42.42
2024-12-10,North,Food & Beverage,Consumer,4,181.97,23.87
2024-12-10,East,Food & Beverage,Home Office,4,162.8,22.72
2024-12-10,North,Clothing,Corporate,3,270.55,119.35
2024-12-10,North,Furniture,Corporate,7,4605.83,995.95
2024-12-10,North,Clothing,Home Office,6,557.75,249.68
2024-12-10,East,Furniture,Consumer,5,3423.3,928.94
2024-12-10,North,Electronics,Corporate,6,3341.11,535.02
2024-12-10,West,Furniture,Corporate,6,4524.07,867.17
2024-12-10,North,Food & Beverage,Consumer,6,239.86,29.81
2024-12-10,West,Food & Beverage,Consumer,2,78.98,11.68
2024-12-11,North,Electronics,Consumer,3,1761.36,374.84
2024-12-11,North,Clothing,Consumer,1,86.55,22.81
2024-12-11,East,Office Supplies,Consumer,2,135.66,27.3
2024-12-11,East,Clothing,Consumer,7,662.79,183.22
2024-12-11,South,Furniture,Corporate,3,2004.46,339.4
2024-12-11,West,Food & Beverage,Home Office,2,89.25,17.35
2024-12-12,North,Furniture,Consumer,6,4620.19,960.64
2024-12-12,North,Office Supplies,Consumer,4,284.35,67.48
2024-12-12,North,Electronics,Consumer,7,4156.25,651.61
2024-12-12,South,Furniture,Corporate,4,3053.11,595.95
2024-12-12,North,Furniture,Consumer,2,1638.78,443.63
2024-12-12,South,Office Supplies,Consumer,2,147.87,53.18
2024-12-12,West,Electronics,Consumer,7,4064.14,605.53
2024-12-13,North,Clothing,Consumer,3,274.52,81.29
2024-12-13,South,Furniture,Corporate,4,3278.72,850.05
2024-12-13,East,Clothing,Consumer,3,263.19,115.13
2024-12-13,North,Furniture,Consumer,7,5285.88,1494.28
2024-12-13,North,Furniture,Consumer,2,1697.8,328.77
2024-12-13,North,Office Supplies,Home Office,6,348.29,126.37
2024-12-14,West,Food & Beverage,Corporate,2,82.19,15.45
2024-12-14,West,Electronics,Consumer,3,1585.53,240.64
2024-12-14,East,Furniture,Consumer,2,1453.37,413.16
2024-12-14,North,Furniture,Home Office,2,1335.27,240.95
2024-12-14,West,Food & Beverage,Consumer,5,191.52,34.69
2024-12-14,South,Clothing,Consumer,4,456.29,191.45
2024-12-14,North,Food & Beverage,Corporate,1,40.79,6.97
2024-12-15,North,Electronics,Home Office,7,3448.85,790.34
2024-12-15,North,Electronics,Corporate,6,2782.18,635.63
2024-12-15,West,Food & Beverage,Home Office,4,164.32,20.31
2024-12-15,North,Furniture,Consumer,2,1712.92,282.58
2024-12-16,West,Clothing,Corporate,5,436.86,138.36
2024-12-16,South,Clothing,Home Office,3,271.63,82.84
2024-12-16,South,Office Supplies,Consumer,2,127.71,37.17
2024-12-16,South,Food & Beverage,Home Office,6,260.88,34.99
2024-12-17,North,Food & Beverage,Consumer,4,175.85,22.8
2024-12-17,East,Food & Beverage,Consumer,3,132.62,15.85
2024-12-17,West,Electronics,Corporate,5,2636.33,373.73
2024-12-17,West,Food & Beverage,Corporate,3,111.64,20.56
2024-12-17,East,Electronics,Consumer,1,570.32,80.05
2024-12-17,South,Electronics,Home Office,1,591.21,125.56
2024-12-17,North,Clothing,Corporate,6,664.24,240.08
2024-12-17,West,Furniture,Corporate,5,3314.42,729.49
2024-12-17,North,Food & Beverage,Consumer,4,175.59,20.1
2024-12-18,North,Food & Beverage,Corporate,5,187.87,31.06
2024-12-18,East,Electronics,Home Office,4,1965.28,325.72
2024-12-18,North,Clothing,Consumer,4,443.24,121.57
2024-12-18,North,Office Supplies,Consumer,3,197.4,60.21
2024-12-18,West,Furniture,Corporate,3,2140.29,438.12
2024-12-18,North,Office Supplies,Home Office,1,76.22,24.46
2024-12-18,West,Office Supplies,Home Office,3,222.27,60.76
2024-12-18,South,Electronics,Consumer,7,4286.23,664.31
2024-12-18,West,Furniture,Consumer,7,5235.31,1162.7
2024-12-19,East,Clothing,Consumer,7,785.57,222.21
2024-12-19,South,Clothing,Consumer,7,734.19,205.95
2024-12-19,East,Furniture,Consumer,7,6031.63,1314.06
2024-12-19,South,Furniture,Home Office,6,4337.66,953.28
2024-12-19,South,Office Supplies,Consumer,3,179.24,47.23
2024-12-19,West,Office Supplies,Corporate,3,216.45,75.96
2024-12-20,West,Furniture,Home Office,2,1528.16,436.44
2024-12-20,North,Electronics,Consumer,2,1220.8,170.54
2024-12-20,East,Office Supplies,Home Office,5,320.51,99.31
2024-12-20,North,Electronics,Corporate,5,2813.61,383.38
2024-12-20,South,Food & Beverage,Consumer,2,92.32,13.69
2024-12-21,South,Office Supplies,Consumer,7,426.95,90.59
2024-12-21,North,Office Supplies,Consumer,1,77.64,16.56
2024-12-21,West,Electronics,Corporate,3,1420.32,235.71
2024-12-21,East,Clothing,Consumer,4,407.6,164.58
2024-12-21,West,Furniture,Corporate,5,4125.96,946.47
2024-12-22,North,Clothing,Home Office,6,632.08,197.09
2024-12-22,North,Electronics,Consumer,7,3733.53,860.27
2024-12-22,East,Food & Beverage,Home Office,3,141.16,26.36
2024-12-22,West,Furniture,Home Office,1,715.4,204.11
2024-12-22,North,Electronics,Corporate,1,535.15,111.38
2024-12-22,West,Furniture,Consumer,6,4046.52,703.89
2024-12-22,West,Office Supplies,Corporate,2,141.03,36.63
2024-12-22,South,Clothing,Corporate,4,390.25,105.9
2024-12-23,West,Furniture,Consumer,7,5053.3,970.85
2024-12-23,West,Food & Beverage,Consumer,3,120.72,13.86
2024-12-23,West,Electronics,Home Office,1,584.23,120.81
2024-12-23,North,Office Supplies,Corporate,2,133.8,39.75
2024-12-23,South,Electronics,Corporate,4,2389.27,466.88
2024-12-23,South,Office Supplies,Home Office,4,258.98,91.4
2024-12-23,West,Office Supplies,Consumer,1,70.62,19.21
2024-12-24,North,Food & Beverage,Consumer,6,253.79,41.36
2024-12-25,East,Electronics,Corporate,6,3588.47,520.55
2024-12-25,East,Electronics,Home Office,2,996.86,210.54
2024-12-25,North,Electronics,Corporate,6,3805.94,755.66
2024-12-25,South,Clothing,Corporate,4,436.85,197.35
2024-12-25,South,Electronics,Home Office,7,4400.64,936.33
2024-12-25,South,Clothing,Consumer,5,495.58,205.17
2024-12-25,West,Clothing,Home Office,1,103.4,28.85
2024-12-25,North,Furniture,Corporate,5,3701.74,837.51
2024-12-25,West,Food & Beverage,Corporate,6,241.58,33.13
2024-12-26,North,Furniture,Corporate,1,694.68,144.42
2024-12-26,North,Office Supplies,Consumer,7,470.38,103.05
2024-12-26,South,Furniture,Corporate,5,4230.73,814.57
2024-12-26,South,Electronics,Consumer,2,1128.95,184.63
2024-12-26,West,Office Supplies,Consumer,6,477.0,145.0
2024-12-26,South,Electronics,Home Office,1,491.09,74.91
2024-12-26,South,Electronics,Consumer,1,511.0,91.41
2024-12-26,North,Clothing,Corporate,1,107.27,46.79
2024-12-26,West,Food & Beverage,Consumer,7,297.28,57.05
2024-12-27,West,Office Supplies,Consumer,1,69.36,18.33
2024-12-27,East,Electronics,Corporate,1,489.75,79.83
2024-12-27,West,Electronics,Corporate,5,2824.27,554.31
2024-12-27,East,Furniture,Consumer,5,3400.98,685.79
2024-12-28,West,Furniture,Consumer,2,1632.24,393.55
2024-12-28,North,Electronics,Home Office,7,4398.3,718.41
2024-12-28,North,Clothing,Home Office,4,367.14,127.64
2024-12-28,South,Furniture,Home Office,6,4955.35,1046.35
2024-12-28,East,Food & Beverage,Corporate,7,290.07,36.69
2024-12-28,North,Clothing,Home Office,4,398.7,179.39
2024-12-28,East,Electronics,Consumer,5,3193.42,707.71
2024-12-28,South,Furniture,Consumer,1,858.38,140.02
2024-12-28,East,Electronics,Consumer,5,2820.89,493.36
2024-12-29,North,Furniture,Consumer,5,3603.13,822.92
2024-12-29,North,Office Supplies,Corporate,6,469.19,118.22
2024-12-29,West,Clothing,Consumer,4,367.72,98.49
2024-12-29,West,Food & Beverage,Consumer,1,43.86,5.62
2024-12-29,South,Clothing,Consumer,7,725.14,250.72
2024-12-29,East,Electronics,Corporate,3,1614.28,274.83
2024-12-29,East,Furniture,Consumer,2,1664.03,346.72
2024-12-29,West,Food & Beverage,Consumer,2,100.01,16.41
2024-12-29,South,Furniture,Corporate,3,2415.93,420.53
2024-12-29,North,Clothing,Home Office,1,109.68,30.18
2024-12-30,West,Food & Beverage,Home Office,5,215.22,41.19
2024-12-30,East,Clothing,Home Office,4,393.5,112.58
2024-12-30,North,Food & Beverage,Corporate,6,276.42,42.37
2024-12-30,West,Electronics,Consumer,3,1592.6,274.53
2024-12-30,East,Clothing,Consumer,1,112.03,46.62
2024-12-30,North,Food & Beverage,Consumer,6,233.56,25.15
2024-12-31,East,Office Supplies,Home Office,7,529.29,154.74
2024-12-31,West,Clothing,Home Office,2,183.83,46.23
2024-12-31,West,Furniture,Consumer,4,3345.38,753.55
2024-12-31,East,Clothing,Consumer,5,561.0,145.43
2024-12-31,South,Office Supplies,Home Office,1,66.73,15.4
